-- MySQL dump 10.13  Distrib 5.6.15, for osx10.7 (x86_64)
--
-- Host: localhost    Database: mouses_production
-- ------------------------------------------------------
-- Server version	5.6.15

/*!40101 SET @OLD_CHARACTER_SET_CLIENT=@@CHARACTER_SET_CLIENT */;
/*!40101 SET @OLD_CHARACTER_SET_RESULTS=@@CHARACTER_SET_RESULTS */;
/*!40101 SET @OLD_COLLATION_CONNECTION=@@COLLATION_CONNECTION */;
/*!40101 SET NAMES utf8 */;
/*!40103 SET @OLD_TIME_ZONE=@@TIME_ZONE */;
/*!40103 SET TIME_ZONE='+00:00' */;
/*!40014 SET @OLD_UNIQUE_CHECKS=@@UNIQUE_CHECKS, UNIQUE_CHECKS=0 */;
/*!40014 SET @OLD_FOREIGN_KEY_CHECKS=@@FOREIGN_KEY_CHECKS, FOREIGN_KEY_CHECKS=0 */;
/*!40101 SET @OLD_SQL_MODE=@@SQL_MODE, SQL_MODE='NO_AUTO_VALUE_ON_ZERO' */;
/*!40111 SET @OLD_SQL_NOTES=@@SQL_NOTES, SQL_NOTES=0 */;

--
-- Table structure for table `alleles`
--

DROP TABLE IF EXISTS `alleles`;
/*!40101 SET @saved_cs_client     = @@character_set_client */;
/*!40101 SET character_set_client = utf8 */;
CREATE TABLE `alleles` (
  `id` int(11) NOT NULL AUTO_INCREMENT,
  `gene_id` int(11) DEFAULT NULL,
  `name` varchar(255) COLLATE utf8_unicode_ci DEFAULT NULL,
  `created_at` datetime NOT NULL,
  `updated_at` datetime NOT NULL,
  PRIMARY KEY (`id`)
) ENGINE=InnoDB AUTO_INCREMENT=15 DEFAULT CHARSET=utf8 COLLATE=utf8_unicode_ci;
/*!40101 SET character_set_client = @saved_cs_client */;

--
-- Dumping data for table `alleles`
--

LOCK TABLES `alleles` WRITE;
/*!40000 ALTER TABLE `alleles` DISABLE KEYS */;
INSERT INTO `alleles` VALUES (1,1,'adfasd','2015-06-05 03:33:12','2015-06-05 03:33:12'),(2,1,'afdfasdf','2015-06-05 03:33:12','2015-06-05 03:33:12'),(3,1,'asdfads','2015-06-05 03:33:12','2015-06-05 03:33:12'),(4,1,'sdfasdf','2015-06-05 03:33:12','2015-06-05 03:33:12'),(5,2,'sdghj','2015-06-05 03:33:36','2015-06-05 03:33:36'),(6,2,'43qe','2015-06-05 03:33:36','2015-06-05 03:33:36'),(7,2,'gear3','2015-06-05 03:33:36','2015-06-05 03:33:36'),(8,3,'啊','2015-06-08 03:56:32','2015-06-08 03:56:32'),(9,3,'吧','2015-06-08 03:56:32','2015-06-08 03:56:32'),(10,3,'次','2015-06-08 03:56:32','2015-06-08 03:56:32'),(11,3,'的','2015-06-08 03:56:32','2015-06-08 03:56:32'),(12,3,'额','2015-06-08 03:56:32','2015-06-08 03:56:32'),(13,3,'费','2015-06-08 03:56:32','2015-06-08 03:56:32'),(14,3,'哥','2015-06-08 03:56:32','2015-06-08 03:56:32');
/*!40000 ALTER TABLE `alleles` ENABLE KEYS */;
UNLOCK TABLES;

--
-- Table structure for table `baskets`
--

DROP TABLE IF EXISTS `baskets`;
/*!40101 SET @saved_cs_client     = @@character_set_client */;
/*!40101 SET character_set_client = utf8 */;
CREATE TABLE `baskets` (
  `id` int(11) NOT NULL AUTO_INCREMENT,
  `code` varchar(255) COLLATE utf8_unicode_ci DEFAULT NULL,
  `framework_id` int(11) DEFAULT NULL,
  `onwer_id` int(11) DEFAULT NULL,
  `created_at` datetime NOT NULL,
  `updated_at` datetime NOT NULL,
  `cage_type` varchar(255) COLLATE utf8_unicode_ci DEFAULT 'S',
  PRIMARY KEY (`id`)
) ENGINE=InnoDB AUTO_INCREMENT=426 DEFAULT CHARSET=utf8 COLLATE=utf8_unicode_ci;
/*!40101 SET character_set_client = @saved_cs_client */;

--
-- Dumping data for table `baskets`
--

LOCK TABLES `baskets` WRITE;
/*!40000 ALTER TABLE `baskets` DISABLE KEYS */;
INSERT INTO `baskets` VALUES (1,'1A',1,NULL,'2015-06-04 07:56:35','2015-07-15 07:27:51','NCE'),(2,'1B',1,3,'2015-06-04 07:56:35','2015-07-07 07:59:54','CE'),(3,'1C',1,3,'2015-06-04 07:56:35','2015-07-07 07:58:49','CE'),(4,'1D',1,NULL,'2015-06-04 07:56:35','2015-07-15 07:27:32','NCE'),(5,'1E',1,NULL,'2015-06-04 07:56:35','2015-06-04 07:56:35','S'),(6,'1F',1,NULL,'2015-06-04 07:56:35','2015-06-25 03:58:37','S'),(7,'1G',1,NULL,'2015-06-04 07:56:35','2015-07-02 07:23:42','S'),(8,'1H',1,NULL,'2015-06-04 07:56:35','2015-07-02 07:47:26','S'),(9,'1I',1,2,'2015-06-04 07:56:35','2015-07-07 07:51:21','S'),(10,'1J',1,NULL,'2015-06-04 07:56:35','2015-06-04 07:56:35','S'),(11,'2A',1,3,'2015-06-04 07:56:35','2015-07-07 08:14:09','M'),(12,'2B',1,3,'2015-06-04 07:56:35','2015-07-07 08:12:41','S'),(13,'2C',1,3,'2015-06-04 07:56:35','2015-07-07 08:12:46','S'),(14,'2D',1,3,'2015-06-04 07:56:35','2015-07-07 08:12:52','S'),(15,'2E',1,2,'2015-06-04 07:56:35','2015-06-26 06:28:02','S'),(16,'2F',1,1,'2015-06-04 07:56:35','2015-06-17 07:00:07','S'),(17,'2G',1,NULL,'2015-06-04 07:56:35','2015-06-04 07:56:35','S'),(18,'2H',1,NULL,'2015-06-04 07:56:35','2015-06-04 07:56:35','S'),(19,'2I',1,NULL,'2015-06-04 07:56:35','2015-06-04 07:56:35','S'),(20,'2J',1,NULL,'2015-06-04 07:56:35','2015-06-04 07:56:35','S'),(21,'3A',1,2,'2015-06-04 07:56:35','2015-07-10 05:18:18','M'),(22,'3B',1,NULL,'2015-06-04 07:56:35','2015-06-04 07:56:35','S'),(23,'3C',1,NULL,'2015-06-04 07:56:35','2015-06-04 07:56:35','S'),(24,'3D',1,1,'2015-06-04 07:56:35','2015-06-12 03:12:56','S'),(25,'3E',1,NULL,'2015-06-04 07:56:35','2015-06-04 07:56:35','S'),(26,'3F',1,2,'2015-06-04 07:56:35','2015-06-26 06:32:45','S'),(27,'3G',1,NULL,'2015-06-04 07:56:35','2015-06-04 07:56:35','S'),(28,'3H',1,NULL,'2015-06-04 07:56:35','2015-06-04 07:56:35','S'),(29,'3I',1,NULL,'2015-06-04 07:56:35','2015-06-04 07:56:35','S'),(30,'3J',1,NULL,'2015-06-04 07:56:35','2015-06-04 07:56:35','S'),(31,'4A',1,NULL,'2015-06-04 07:56:35','2015-06-04 07:56:35','S'),(32,'4B',1,2,'2015-06-04 07:56:35','2015-06-17 03:47:01','S'),(33,'4C',1,2,'2015-06-04 07:56:35','2015-07-09 09:53:03','M'),(34,'4D',1,NULL,'2015-06-04 07:56:35','2015-06-12 03:13:48','S'),(35,'4E',1,2,'2015-06-04 07:56:35','2015-06-26 06:27:46','S'),(36,'4F',1,NULL,'2015-06-04 07:56:35','2015-06-29 06:35:09','S'),(37,'4G',1,NULL,'2015-06-04 07:56:35','2015-06-04 07:56:35','S'),(38,'4H',1,NULL,'2015-06-04 07:56:35','2015-06-04 07:56:35','S'),(39,'4I',1,NULL,'2015-06-04 07:56:35','2015-06-04 07:56:35','S'),(40,'4J',1,NULL,'2015-06-04 07:56:35','2015-06-04 07:56:35','S'),(41,'5A',1,4,'2015-06-04 07:56:35','2015-07-13 07:49:28','M'),(42,'5B',1,NULL,'2015-06-04 07:56:35','2015-06-04 07:56:35','S'),(43,'5C',1,1,'2015-06-04 07:56:35','2015-06-12 05:36:25','S'),(44,'5D',1,NULL,'2015-06-04 07:56:35','2015-06-04 07:56:35','S'),(45,'5E',1,2,'2015-06-04 07:56:35','2015-06-17 03:47:16','S'),(46,'5F',1,1,'2015-06-04 07:56:35','2015-06-11 08:04:46','S'),(47,'5G',1,NULL,'2015-06-04 07:56:35','2015-06-04 07:56:35','S'),(48,'5H',1,NULL,'2015-06-04 07:56:35','2015-06-04 07:56:35','S'),(49,'5I',1,NULL,'2015-06-04 07:56:35','2015-06-04 07:56:35','S'),(50,'5J',1,NULL,'2015-06-04 07:56:35','2015-06-04 07:56:35','S'),(51,'6A',1,NULL,'2015-06-04 07:56:35','2015-06-04 07:56:35','S'),(52,'6B',1,NULL,'2015-06-04 07:56:35','2015-06-04 07:56:35','S'),(53,'6C',1,NULL,'2015-06-04 07:56:35','2015-06-04 07:56:35','S'),(54,'6D',1,NULL,'2015-06-04 07:56:35','2015-06-04 07:56:35','S'),(55,'6E',1,NULL,'2015-06-04 07:56:35','2015-06-15 01:43:57','S'),(56,'6F',1,NULL,'2015-06-04 07:56:35','2015-06-04 07:56:35','S'),(57,'6G',1,NULL,'2015-06-04 07:56:35','2015-06-04 07:56:35','S'),(58,'6H',1,NULL,'2015-06-04 07:56:35','2015-06-04 07:56:35','S'),(59,'6I',1,NULL,'2015-06-04 07:56:35','2015-06-04 07:56:35','S'),(60,'6J',1,NULL,'2015-06-04 07:56:35','2015-06-04 07:56:35','S'),(61,'7A',1,2,'2015-06-04 07:56:35','2015-06-26 06:33:31','S'),(62,'7B',1,2,'2015-06-04 07:56:35','2015-06-17 03:47:10','S'),(63,'7C',1,NULL,'2015-06-04 07:56:35','2015-06-04 07:56:35','S'),(64,'7D',1,NULL,'2015-06-04 07:56:35','2015-06-04 07:56:35','S'),(65,'7E',1,NULL,'2015-06-04 07:56:35','2015-06-04 07:56:35','S'),(66,'7F',1,1,'2015-06-04 07:56:35','2015-06-08 03:51:21','S'),(67,'7G',1,NULL,'2015-06-04 07:56:35','2015-06-04 07:56:35','S'),(68,'7H',1,3,'2015-06-04 07:56:35','2015-07-15 07:25:45','S'),(69,'7I',1,NULL,'2015-06-04 07:56:35','2015-06-04 07:56:35','S'),(70,'7J',1,NULL,'2015-06-04 07:56:35','2015-06-04 07:56:35','S'),(71,'8A',1,NULL,'2015-06-04 07:56:35','2015-06-04 07:56:35','S'),(72,'8B',1,NULL,'2015-06-04 07:56:35','2015-06-04 07:56:35','S'),(73,'8C',1,2,'2015-06-04 07:56:35','2015-06-12 05:36:39','S'),(74,'8D',1,1,'2015-06-04 07:56:35','2015-06-09 06:32:14','S'),(75,'8E',1,1,'2015-06-04 07:56:35','2015-06-09 06:32:16','S'),(76,'8F',1,2,'2015-06-04 07:56:35','2015-07-07 07:46:30','S'),(77,'8G',1,NULL,'2015-06-04 07:56:35','2015-06-04 07:56:35','S'),(78,'8H',1,NULL,'2015-06-04 07:56:35','2015-06-04 07:56:35','S'),(79,'8I',1,NULL,'2015-06-04 07:56:35','2015-06-04 07:56:35','S'),(80,'8J',1,NULL,'2015-06-04 07:56:36','2015-06-04 07:56:36','S'),(81,'9A',1,2,'2015-06-04 07:56:36','2015-06-26 06:33:23','S'),(82,'9B',1,NULL,'2015-06-04 07:56:36','2015-06-12 03:16:19','S'),(83,'9C',1,4,'2015-06-04 07:56:36','2015-07-13 07:48:31','S'),(84,'9D',1,NULL,'2015-06-04 07:56:36','2015-06-04 07:56:36','S'),(85,'9E',1,NULL,'2015-06-04 07:56:36','2015-06-04 07:56:36','S'),(86,'9F',1,NULL,'2015-06-04 07:56:36','2015-06-04 07:56:36','S'),(87,'9G',1,NULL,'2015-06-04 07:56:36','2015-06-04 07:56:36','S'),(88,'9H',1,NULL,'2015-06-04 07:56:36','2015-06-04 07:56:36','S'),(89,'9I',1,NULL,'2015-06-04 07:56:36','2015-06-04 07:56:36','S'),(90,'9J',1,NULL,'2015-06-04 07:56:36','2015-06-04 07:56:36','S'),(91,'10A',1,NULL,'2015-06-04 07:56:36','2015-06-04 07:56:36','S'),(92,'10B',1,NULL,'2015-06-04 07:56:36','2015-06-04 07:56:36','S'),(93,'10C',1,NULL,'2015-06-04 07:56:36','2015-06-04 07:56:36','S'),(94,'10D',1,NULL,'2015-06-04 07:56:36','2015-06-12 03:16:25','S'),(95,'10E',1,NULL,'2015-06-04 07:56:36','2015-06-04 07:56:36','S'),(96,'10F',1,2,'2015-06-04 07:56:36','2015-07-06 07:47:35','S'),(97,'10G',1,NULL,'2015-06-04 07:56:36','2015-06-04 07:56:36','S'),(98,'10H',1,NULL,'2015-06-04 07:56:36','2015-06-04 07:56:36','S'),(99,'10I',1,NULL,'2015-06-04 07:56:36','2015-06-04 07:56:36','S'),(100,'10J',1,NULL,'2015-06-04 07:56:36','2015-06-04 07:56:36','S'),(101,'1A',2,1,'2015-06-04 07:58:22','2015-06-09 09:35:09','S'),(102,'1B',2,2,'2015-06-04 07:58:22','2015-06-11 08:05:47','S'),(103,'1C',2,NULL,'2015-06-04 07:58:22','2015-06-04 07:58:22','S'),(104,'1D',2,NULL,'2015-06-04 07:58:22','2015-06-04 07:58:22','S'),(105,'1E',2,NULL,'2015-06-04 07:58:22','2015-06-04 07:58:22','S'),(106,'1F',2,NULL,'2015-06-04 07:58:22','2015-06-04 07:58:22','S'),(107,'1G',2,NULL,'2015-06-04 07:58:22','2015-06-04 07:58:22','S'),(108,'1H',2,NULL,'2015-06-04 07:58:22','2015-06-04 07:58:22','S'),(109,'1I',2,NULL,'2015-06-04 07:58:22','2015-06-04 07:58:22','S'),(110,'1J',2,NULL,'2015-06-04 07:58:22','2015-06-04 07:58:22','S'),(111,'2A',2,2,'2015-06-04 07:58:22','2015-07-07 07:47:09','S'),(112,'2B',2,NULL,'2015-06-04 07:58:22','2015-06-04 07:58:22','S'),(113,'2C',2,NULL,'2015-06-04 07:58:22','2015-06-04 07:58:22','S'),(114,'2D',2,NULL,'2015-06-04 07:58:22','2015-06-04 07:58:22','S'),(115,'2E',2,NULL,'2015-06-04 07:58:22','2015-06-04 07:58:22','S'),(116,'2F',2,NULL,'2015-06-04 07:58:22','2015-06-04 07:58:22','S'),(117,'2G',2,NULL,'2015-06-04 07:58:22','2015-06-04 07:58:22','S'),(118,'2H',2,NULL,'2015-06-04 07:58:22','2015-06-04 07:58:22','S'),(119,'2I',2,NULL,'2015-06-04 07:58:22','2015-06-04 07:58:22','S'),(120,'2J',2,NULL,'2015-06-04 07:58:22','2015-06-04 07:58:22','S'),(121,'3A',2,NULL,'2015-06-04 07:58:22','2015-06-04 07:58:22','S'),(122,'3B',2,NULL,'2015-06-04 07:58:22','2015-06-04 07:58:22','S'),(123,'3C',2,NULL,'2015-06-04 07:58:22','2015-06-04 07:58:22','S'),(124,'3D',2,NULL,'2015-06-04 07:58:22','2015-06-04 07:58:22','S'),(125,'3E',2,NULL,'2015-06-04 07:58:22','2015-06-04 07:58:22','S'),(126,'3F',2,NULL,'2015-06-04 07:58:22','2015-06-04 07:58:22','S'),(127,'3G',2,NULL,'2015-06-04 07:58:22','2015-06-04 07:58:22','S'),(128,'3H',2,NULL,'2015-06-04 07:58:22','2015-06-04 07:58:22','S'),(129,'3I',2,NULL,'2015-06-04 07:58:22','2015-06-04 07:58:22','S'),(130,'3J',2,NULL,'2015-06-04 07:58:22','2015-06-04 07:58:22','S'),(131,'4A',2,NULL,'2015-06-04 07:58:22','2015-06-04 07:58:22','S'),(132,'4B',2,NULL,'2015-06-04 07:58:22','2015-06-04 07:58:22','S'),(133,'4C',2,NULL,'2015-06-04 07:58:22','2015-06-04 07:58:22','S'),(134,'4D',2,NULL,'2015-06-04 07:58:22','2015-06-04 07:58:22','S'),(135,'4E',2,NULL,'2015-06-04 07:58:22','2015-06-04 07:58:22','S'),(136,'4F',2,NULL,'2015-06-04 07:58:22','2015-06-04 07:58:22','S'),(137,'4G',2,NULL,'2015-06-04 07:58:22','2015-06-04 07:58:22','S'),(138,'4H',2,NULL,'2015-06-04 07:58:22','2015-06-04 07:58:22','S'),(139,'4I',2,NULL,'2015-06-04 07:58:22','2015-06-04 07:58:22','S'),(140,'4J',2,NULL,'2015-06-04 07:58:22','2015-06-04 07:58:22','S'),(141,'5A',2,NULL,'2015-06-04 07:58:22','2015-06-04 07:58:22','S'),(142,'5B',2,NULL,'2015-06-04 07:58:22','2015-06-04 07:58:22','S'),(143,'5C',2,NULL,'2015-06-04 07:58:22','2015-06-04 07:58:22','S'),(144,'5D',2,NULL,'2015-06-04 07:58:22','2015-06-04 07:58:22','S'),(145,'5E',2,NULL,'2015-06-04 07:58:22','2015-06-04 07:58:22','S'),(146,'5F',2,NULL,'2015-06-04 07:58:22','2015-06-04 07:58:22','S'),(147,'5G',2,NULL,'2015-06-04 07:58:22','2015-06-04 07:58:22','S'),(148,'5H',2,NULL,'2015-06-04 07:58:22','2015-06-04 07:58:22','S'),(149,'5I',2,NULL,'2015-06-04 07:58:22','2015-06-04 07:58:22','S'),(150,'5J',2,NULL,'2015-06-04 07:58:22','2015-06-04 07:58:22','S'),(151,'6A',2,NULL,'2015-06-04 07:58:22','2015-06-04 07:58:22','S'),(152,'6B',2,NULL,'2015-06-04 07:58:22','2015-06-04 07:58:22','S'),(153,'6C',2,NULL,'2015-06-04 07:58:22','2015-06-04 07:58:22','S'),(154,'6D',2,NULL,'2015-06-04 07:58:22','2015-06-04 07:58:22','S'),(155,'6E',2,NULL,'2015-06-04 07:58:22','2015-06-04 07:58:22','S'),(156,'6F',2,NULL,'2015-06-04 07:58:22','2015-06-04 07:58:22','S'),(157,'6G',2,NULL,'2015-06-04 07:58:23','2015-06-04 07:58:23','S'),(158,'6H',2,NULL,'2015-06-04 07:58:23','2015-06-04 07:58:23','S'),(159,'6I',2,NULL,'2015-06-04 07:58:23','2015-06-04 07:58:23','S'),(160,'6J',2,NULL,'2015-06-04 07:58:23','2015-06-04 07:58:23','S'),(161,'7A',2,NULL,'2015-06-04 07:58:23','2015-06-04 07:58:23','S'),(162,'7B',2,NULL,'2015-06-04 07:58:23','2015-06-04 07:58:23','S'),(163,'7C',2,NULL,'2015-06-04 07:58:23','2015-06-04 07:58:23','S'),(164,'7D',2,NULL,'2015-06-04 07:58:23','2015-06-04 07:58:23','S'),(165,'7E',2,NULL,'2015-06-04 07:58:23','2015-06-04 07:58:23','S'),(166,'7F',2,NULL,'2015-06-04 07:58:23','2015-06-04 07:58:23','S'),(167,'7G',2,NULL,'2015-06-04 07:58:23','2015-06-04 07:58:23','S'),(168,'7H',2,NULL,'2015-06-04 07:58:23','2015-06-04 07:58:23','S'),(169,'7I',2,NULL,'2015-06-04 07:58:23','2015-06-04 07:58:23','S'),(170,'7J',2,NULL,'2015-06-04 07:58:23','2015-06-04 07:58:23','S'),(171,'8A',2,NULL,'2015-06-04 07:58:23','2015-06-04 07:58:23','S'),(172,'8B',2,NULL,'2015-06-04 07:58:23','2015-06-04 07:58:23','S'),(173,'8C',2,NULL,'2015-06-04 07:58:23','2015-06-04 07:58:23','S'),(174,'8D',2,NULL,'2015-06-04 07:58:23','2015-06-04 07:58:23','S'),(175,'8E',2,NULL,'2015-06-04 07:58:23','2015-06-04 07:58:23','S'),(176,'8F',2,NULL,'2015-06-04 07:58:23','2015-06-04 07:58:23','S'),(177,'8G',2,NULL,'2015-06-04 07:58:23','2015-06-04 07:58:23','S'),(178,'8H',2,NULL,'2015-06-04 07:58:23','2015-06-04 07:58:23','S'),(179,'8I',2,NULL,'2015-06-04 07:58:23','2015-06-04 07:58:23','S'),(180,'8J',2,NULL,'2015-06-04 07:58:23','2015-06-04 07:58:23','S'),(181,'9A',2,NULL,'2015-06-04 07:58:23','2015-06-04 07:58:23','S'),(182,'9B',2,NULL,'2015-06-04 07:58:23','2015-06-04 07:58:23','S'),(183,'9C',2,NULL,'2015-06-04 07:58:23','2015-06-04 07:58:23','S'),(184,'9D',2,NULL,'2015-06-04 07:58:23','2015-06-04 07:58:23','S'),(185,'9E',2,NULL,'2015-06-04 07:58:23','2015-06-04 07:58:23','S'),(186,'9F',2,NULL,'2015-06-04 07:58:23','2015-06-04 07:58:23','S'),(187,'9G',2,NULL,'2015-06-04 07:58:23','2015-06-04 07:58:23','S'),(188,'9H',2,NULL,'2015-06-04 07:58:23','2015-06-04 07:58:23','S'),(189,'9I',2,NULL,'2015-06-04 07:58:23','2015-06-04 07:58:23','S'),(190,'9J',2,NULL,'2015-06-04 07:58:23','2015-06-04 07:58:23','S'),(191,'10A',2,NULL,'2015-06-04 07:58:23','2015-06-04 07:58:23','S'),(192,'10B',2,NULL,'2015-06-04 07:58:23','2015-06-04 07:58:23','S'),(193,'10C',2,NULL,'2015-06-04 07:58:23','2015-06-04 07:58:23','S'),(194,'10D',2,NULL,'2015-06-04 07:58:23','2015-06-04 07:58:23','S'),(195,'10E',2,NULL,'2015-06-04 07:58:23','2015-06-04 07:58:23','S'),(196,'10F',2,NULL,'2015-06-04 07:58:23','2015-06-04 07:58:23','S'),(197,'10G',2,NULL,'2015-06-04 07:58:23','2015-06-04 07:58:23','S'),(198,'10H',2,NULL,'2015-06-04 07:58:23','2015-06-04 07:58:23','S'),(199,'10I',2,NULL,'2015-06-04 07:58:23','2015-06-04 07:58:23','S'),(200,'10J',2,NULL,'2015-06-04 07:58:23','2015-06-04 07:58:23','S'),(201,'1A',3,NULL,'2015-06-04 07:58:24','2015-06-24 09:21:49','S'),(202,'1B',3,NULL,'2015-06-04 07:58:24','2015-06-04 07:58:24','S'),(203,'1C',3,NULL,'2015-06-04 07:58:24','2015-06-04 07:58:24','S'),(204,'1D',3,NULL,'2015-06-04 07:58:24','2015-06-04 07:58:24','S'),(205,'1E',3,NULL,'2015-06-04 07:58:24','2015-06-04 07:58:24','S'),(206,'1F',3,NULL,'2015-06-04 07:58:24','2015-06-04 07:58:24','S'),(207,'1G',3,NULL,'2015-06-04 07:58:24','2015-06-04 07:58:24','S'),(208,'1H',3,NULL,'2015-06-04 07:58:24','2015-06-04 07:58:24','S'),(209,'1I',3,NULL,'2015-06-04 07:58:24','2015-06-04 07:58:24','S'),(210,'1J',3,NULL,'2015-06-04 07:58:24','2015-06-04 07:58:24','S'),(211,'2A',3,NULL,'2015-06-04 07:58:24','2015-06-04 07:58:24','S'),(212,'2B',3,NULL,'2015-06-04 07:58:24','2015-06-04 07:58:24','S'),(213,'2C',3,NULL,'2015-06-04 07:58:24','2015-06-04 07:58:24','S'),(214,'2D',3,NULL,'2015-06-04 07:58:24','2015-06-04 07:58:24','S'),(215,'2E',3,NULL,'2015-06-04 07:58:24','2015-06-04 07:58:24','S'),(216,'2F',3,NULL,'2015-06-04 07:58:24','2015-06-04 07:58:24','S'),(217,'2G',3,NULL,'2015-06-04 07:58:24','2015-06-04 07:58:24','S'),(218,'2H',3,NULL,'2015-06-04 07:58:24','2015-06-04 07:58:24','S'),(219,'2I',3,NULL,'2015-06-04 07:58:24','2015-06-04 07:58:24','S'),(220,'2J',3,NULL,'2015-06-04 07:58:24','2015-06-04 07:58:24','S'),(221,'3A',3,NULL,'2015-06-04 07:58:24','2015-06-04 07:58:24','S'),(222,'3B',3,NULL,'2015-06-04 07:58:24','2015-06-04 07:58:24','S'),(223,'3C',3,NULL,'2015-06-04 07:58:24','2015-06-04 07:58:24','S'),(224,'3D',3,NULL,'2015-06-04 07:58:24','2015-06-04 07:58:24','S'),(225,'3E',3,NULL,'2015-06-04 07:58:24','2015-06-04 07:58:24','S'),(226,'3F',3,NULL,'2015-06-04 07:58:24','2015-06-04 07:58:24','S'),(227,'3G',3,NULL,'2015-06-04 07:58:24','2015-06-04 07:58:24','S'),(228,'3H',3,NULL,'2015-06-04 07:58:24','2015-06-04 07:58:24','S'),(229,'3I',3,NULL,'2015-06-04 07:58:24','2015-06-04 07:58:24','S'),(230,'3J',3,NULL,'2015-06-04 07:58:24','2015-06-04 07:58:24','S'),(231,'4A',3,NULL,'2015-06-04 07:58:24','2015-06-04 07:58:24','S'),(232,'4B',3,NULL,'2015-06-04 07:58:24','2015-06-04 07:58:24','S'),(233,'4C',3,NULL,'2015-06-04 07:58:24','2015-06-04 07:58:24','S'),(234,'4D',3,NULL,'2015-06-04 07:58:24','2015-06-04 07:58:24','S'),(235,'4E',3,NULL,'2015-06-04 07:58:24','2015-06-04 07:58:24','S'),(236,'4F',3,NULL,'2015-06-04 07:58:24','2015-06-04 07:58:24','S'),(237,'4G',3,NULL,'2015-06-04 07:58:24','2015-06-04 07:58:24','S'),(238,'4H',3,NULL,'2015-06-04 07:58:24','2015-06-04 07:58:24','S'),(239,'4I',3,NULL,'2015-06-04 07:58:24','2015-06-04 07:58:24','S'),(240,'4J',3,NULL,'2015-06-04 07:58:24','2015-06-04 07:58:24','S'),(241,'5A',3,NULL,'2015-06-04 07:58:24','2015-06-04 07:58:24','S'),(242,'5B',3,NULL,'2015-06-04 07:58:24','2015-06-04 07:58:24','S'),(243,'5C',3,NULL,'2015-06-04 07:58:24','2015-06-04 07:58:24','S'),(244,'5D',3,NULL,'2015-06-04 07:58:24','2015-06-04 07:58:24','S'),(245,'5E',3,NULL,'2015-06-04 07:58:24','2015-06-04 07:58:24','S'),(246,'5F',3,NULL,'2015-06-04 07:58:24','2015-06-04 07:58:24','S'),(247,'5G',3,NULL,'2015-06-04 07:58:24','2015-06-04 07:58:24','S'),(248,'5H',3,NULL,'2015-06-04 07:58:24','2015-06-04 07:58:24','S'),(249,'5I',3,NULL,'2015-06-04 07:58:24','2015-06-04 07:58:24','S'),(250,'5J',3,NULL,'2015-06-04 07:58:24','2015-06-04 07:58:24','S'),(251,'6A',3,NULL,'2015-06-04 07:58:24','2015-06-04 07:58:24','S'),(252,'6B',3,NULL,'2015-06-04 07:58:24','2015-06-04 07:58:24','S'),(253,'6C',3,NULL,'2015-06-04 07:58:24','2015-06-04 07:58:24','S'),(254,'6D',3,NULL,'2015-06-04 07:58:24','2015-06-04 07:58:24','S'),(255,'6E',3,NULL,'2015-06-04 07:58:24','2015-06-04 07:58:24','S'),(256,'6F',3,NULL,'2015-06-04 07:58:24','2015-06-04 07:58:24','S'),(257,'6G',3,NULL,'2015-06-04 07:58:24','2015-06-04 07:58:24','S'),(258,'6H',3,NULL,'2015-06-04 07:58:24','2015-06-04 07:58:24','S'),(259,'6I',3,NULL,'2015-06-04 07:58:24','2015-06-04 07:58:24','S'),(260,'6J',3,NULL,'2015-06-04 07:58:24','2015-06-04 07:58:24','S'),(261,'7A',3,NULL,'2015-06-04 07:58:24','2015-06-04 07:58:24','S'),(262,'7B',3,NULL,'2015-06-04 07:58:24','2015-06-04 07:58:24','S'),(263,'7C',3,NULL,'2015-06-04 07:58:24','2015-06-04 07:58:24','S'),(264,'7D',3,NULL,'2015-06-04 07:58:24','2015-06-04 07:58:24','S'),(265,'7E',3,NULL,'2015-06-04 07:58:24','2015-06-04 07:58:24','S'),(266,'7F',3,NULL,'2015-06-04 07:58:24','2015-06-04 07:58:24','S'),(267,'7G',3,NULL,'2015-06-04 07:58:24','2015-06-04 07:58:24','S'),(268,'7H',3,NULL,'2015-06-04 07:58:24','2015-06-04 07:58:24','S'),(269,'7I',3,NULL,'2015-06-04 07:58:24','2015-06-04 07:58:24','S'),(270,'7J',3,NULL,'2015-06-04 07:58:24','2015-06-04 07:58:24','S'),(271,'8A',3,NULL,'2015-06-04 07:58:24','2015-06-04 07:58:24','S'),(272,'8B',3,NULL,'2015-06-04 07:58:24','2015-06-04 07:58:24','S'),(273,'8C',3,NULL,'2015-06-04 07:58:24','2015-06-04 07:58:24','S'),(274,'8D',3,NULL,'2015-06-04 07:58:24','2015-06-04 07:58:24','S'),(275,'8E',3,NULL,'2015-06-04 07:58:24','2015-06-04 07:58:24','S'),(276,'8F',3,NULL,'2015-06-04 07:58:24','2015-06-04 07:58:24','S'),(277,'8G',3,NULL,'2015-06-04 07:58:24','2015-06-04 07:58:24','S'),(278,'8H',3,NULL,'2015-06-04 07:58:24','2015-06-04 07:58:24','S'),(279,'8I',3,NULL,'2015-06-04 07:58:24','2015-06-04 07:58:24','S'),(280,'8J',3,NULL,'2015-06-04 07:58:24','2015-06-04 07:58:24','S'),(281,'9A',3,NULL,'2015-06-04 07:58:24','2015-06-04 07:58:24','S'),(282,'9B',3,NULL,'2015-06-04 07:58:24','2015-06-04 07:58:24','S'),(283,'9C',3,NULL,'2015-06-04 07:58:24','2015-06-04 07:58:24','S'),(284,'9D',3,NULL,'2015-06-04 07:58:24','2015-06-04 07:58:24','S'),(285,'9E',3,NULL,'2015-06-04 07:58:25','2015-06-04 07:58:25','S'),(286,'9F',3,NULL,'2015-06-04 07:58:25','2015-06-04 07:58:25','S'),(287,'9G',3,NULL,'2015-06-04 07:58:25','2015-06-04 07:58:25','S'),(288,'9H',3,NULL,'2015-06-04 07:58:25','2015-06-04 07:58:25','S'),(289,'9I',3,NULL,'2015-06-04 07:58:25','2015-06-04 07:58:25','S'),(290,'9J',3,NULL,'2015-06-04 07:58:25','2015-06-04 07:58:25','S'),(291,'10A',3,NULL,'2015-06-04 07:58:25','2015-06-04 07:58:25','S'),(292,'10B',3,NULL,'2015-06-04 07:58:25','2015-06-04 07:58:25','S'),(293,'10C',3,NULL,'2015-06-04 07:58:25','2015-06-04 07:58:25','S'),(294,'10D',3,NULL,'2015-06-04 07:58:25','2015-06-04 07:58:25','S'),(295,'10E',3,NULL,'2015-06-04 07:58:25','2015-06-04 07:58:25','S'),(296,'10F',3,NULL,'2015-06-04 07:58:25','2015-06-04 07:58:25','S'),(297,'10G',3,NULL,'2015-06-04 07:58:25','2015-06-04 07:58:25','S'),(298,'10H',3,NULL,'2015-06-04 07:58:25','2015-06-04 07:58:25','S'),(299,'10I',3,NULL,'2015-06-04 07:58:25','2015-06-04 07:58:25','S'),(300,'10J',3,NULL,'2015-06-04 07:58:25','2015-06-04 07:58:25','S'),(301,'1A',4,NULL,'2015-06-04 07:58:31','2015-06-04 07:58:31','S'),(302,'1B',4,NULL,'2015-06-04 07:58:31','2015-06-04 07:58:31','S'),(303,'1C',4,NULL,'2015-06-04 07:58:31','2015-06-04 07:58:31','S'),(304,'1D',4,NULL,'2015-06-04 07:58:31','2015-06-04 07:58:31','S'),(305,'1E',4,NULL,'2015-06-04 07:58:31','2015-06-04 07:58:31','S'),(306,'2A',4,NULL,'2015-06-04 07:58:31','2015-06-04 07:58:31','S'),(307,'2B',4,NULL,'2015-06-04 07:58:31','2015-06-04 07:58:31','S'),(308,'2C',4,NULL,'2015-06-04 07:58:31','2015-06-04 07:58:31','S'),(309,'2D',4,NULL,'2015-06-04 07:58:31','2015-06-04 07:58:31','S'),(310,'2E',4,NULL,'2015-06-04 07:58:31','2015-06-04 07:58:31','S'),(311,'3A',4,NULL,'2015-06-04 07:58:31','2015-06-04 07:58:31','S'),(312,'3B',4,NULL,'2015-06-04 07:58:31','2015-06-04 07:58:31','S'),(313,'3C',4,NULL,'2015-06-04 07:58:31','2015-06-04 07:58:31','S'),(314,'3D',4,NULL,'2015-06-04 07:58:31','2015-06-04 07:58:31','S'),(315,'3E',4,NULL,'2015-06-04 07:58:31','2015-06-04 07:58:31','S'),(316,'4A',4,NULL,'2015-06-04 07:58:31','2015-06-04 07:58:31','S'),(317,'4B',4,NULL,'2015-06-04 07:58:31','2015-06-04 07:58:31','S'),(318,'4C',4,NULL,'2015-06-04 07:58:31','2015-06-04 07:58:31','S'),(319,'4D',4,NULL,'2015-06-04 07:58:31','2015-06-04 07:58:31','S'),(320,'4E',4,NULL,'2015-06-04 07:58:31','2015-06-04 07:58:31','S'),(321,'5A',4,NULL,'2015-06-04 07:58:31','2015-06-04 07:58:31','S'),(322,'5B',4,NULL,'2015-06-04 07:58:31','2015-06-04 07:58:31','S'),(323,'5C',4,NULL,'2015-06-04 07:58:31','2015-06-04 07:58:31','S'),(324,'5D',4,NULL,'2015-06-04 07:58:31','2015-06-04 07:58:31','S'),(325,'5E',4,NULL,'2015-06-04 07:58:31','2015-06-04 07:58:31','S'),(326,'1A',5,NULL,'2015-06-08 03:47:20','2015-06-08 03:47:20','S'),(327,'1B',5,NULL,'2015-06-08 03:47:20','2015-06-08 03:47:20','S'),(328,'1C',5,NULL,'2015-06-08 03:47:20','2015-06-08 03:47:20','S'),(329,'1D',5,NULL,'2015-06-08 03:47:20','2015-06-08 03:47:20','S'),(330,'1E',5,NULL,'2015-06-08 03:47:20','2015-06-08 03:47:20','S'),(331,'1F',5,NULL,'2015-06-08 03:47:20','2015-06-08 03:47:20','S'),(332,'1G',5,NULL,'2015-06-08 03:47:20','2015-06-08 03:47:20','S'),(333,'1H',5,NULL,'2015-06-08 03:47:20','2015-06-08 03:47:20','S'),(334,'1I',5,NULL,'2015-06-08 03:47:20','2015-06-08 03:47:20','S'),(335,'1J',5,NULL,'2015-06-08 03:47:20','2015-06-08 03:47:20','S'),(336,'2A',5,NULL,'2015-06-08 03:47:20','2015-06-08 03:47:20','S'),(337,'2B',5,NULL,'2015-06-08 03:47:20','2015-06-08 03:47:20','S'),(338,'2C',5,NULL,'2015-06-08 03:47:20','2015-06-08 03:47:20','S'),(339,'2D',5,NULL,'2015-06-08 03:47:20','2015-06-08 03:47:20','S'),(340,'2E',5,NULL,'2015-06-08 03:47:20','2015-06-08 03:47:20','S'),(341,'2F',5,NULL,'2015-06-08 03:47:20','2015-06-08 03:47:20','S'),(342,'2G',5,NULL,'2015-06-08 03:47:20','2015-06-08 03:47:20','S'),(343,'2H',5,NULL,'2015-06-08 03:47:20','2015-06-08 03:47:20','S'),(344,'2I',5,NULL,'2015-06-08 03:47:20','2015-06-08 03:47:20','S'),(345,'2J',5,NULL,'2015-06-08 03:47:20','2015-06-08 03:47:20','S'),(346,'3A',5,NULL,'2015-06-08 03:47:20','2015-06-08 03:47:20','S'),(347,'3B',5,NULL,'2015-06-08 03:47:20','2015-06-08 03:47:20','S'),(348,'3C',5,NULL,'2015-06-08 03:47:20','2015-06-08 03:47:20','S'),(349,'3D',5,NULL,'2015-06-08 03:47:20','2015-06-08 03:47:20','S'),(350,'3E',5,NULL,'2015-06-08 03:47:20','2015-06-08 03:47:20','S'),(351,'3F',5,NULL,'2015-06-08 03:47:20','2015-06-08 03:47:20','S'),(352,'3G',5,NULL,'2015-06-08 03:47:20','2015-06-08 03:47:20','S'),(353,'3H',5,NULL,'2015-06-08 03:47:20','2015-06-08 03:47:20','S'),(354,'3I',5,NULL,'2015-06-08 03:47:20','2015-06-08 03:47:20','S'),(355,'3J',5,NULL,'2015-06-08 03:47:20','2015-06-08 03:47:20','S'),(356,'4A',5,NULL,'2015-06-08 03:47:20','2015-06-08 03:47:20','S'),(357,'4B',5,NULL,'2015-06-08 03:47:20','2015-06-08 03:47:20','S'),(358,'4C',5,NULL,'2015-06-08 03:47:20','2015-06-08 03:47:20','S'),(359,'4D',5,NULL,'2015-06-08 03:47:20','2015-06-08 03:47:20','S'),(360,'4E',5,NULL,'2015-06-08 03:47:20','2015-06-08 03:47:20','S'),(361,'4F',5,NULL,'2015-06-08 03:47:20','2015-06-08 03:47:20','S'),(362,'4G',5,NULL,'2015-06-08 03:47:20','2015-06-08 03:47:20','S'),(363,'4H',5,NULL,'2015-06-08 03:47:20','2015-06-08 03:47:20','S'),(364,'4I',5,NULL,'2015-06-08 03:47:20','2015-06-08 03:47:20','S'),(365,'4J',5,NULL,'2015-06-08 03:47:20','2015-06-08 03:47:20','S'),(366,'5A',5,NULL,'2015-06-08 03:47:20','2015-06-08 03:47:20','S'),(367,'5B',5,NULL,'2015-06-08 03:47:20','2015-06-08 03:47:20','S'),(368,'5C',5,NULL,'2015-06-08 03:47:20','2015-06-08 03:47:20','S'),(369,'5D',5,NULL,'2015-06-08 03:47:20','2015-06-08 03:47:20','S'),(370,'5E',5,NULL,'2015-06-08 03:47:20','2015-06-08 03:47:20','S'),(371,'5F',5,NULL,'2015-06-08 03:47:20','2015-06-08 03:47:20','S'),(372,'5G',5,NULL,'2015-06-08 03:47:20','2015-06-08 03:47:20','S'),(373,'5H',5,NULL,'2015-06-08 03:47:20','2015-06-08 03:47:20','S'),(374,'5I',5,NULL,'2015-06-08 03:47:20','2015-06-08 03:47:20','S'),(375,'5J',5,NULL,'2015-06-08 03:47:20','2015-06-08 03:47:20','S'),(376,'6A',5,NULL,'2015-06-08 03:47:20','2015-06-08 03:47:20','S'),(377,'6B',5,NULL,'2015-06-08 03:47:20','2015-06-08 03:47:20','S'),(378,'6C',5,NULL,'2015-06-08 03:47:20','2015-06-08 03:47:20','S'),(379,'6D',5,NULL,'2015-06-08 03:47:20','2015-06-08 03:47:20','S'),(380,'6E',5,NULL,'2015-06-08 03:47:20','2015-06-08 03:47:20','S'),(381,'6F',5,NULL,'2015-06-08 03:47:20','2015-06-08 03:47:20','S'),(382,'6G',5,NULL,'2015-06-08 03:47:20','2015-06-08 03:47:20','S'),(383,'6H',5,NULL,'2015-06-08 03:47:20','2015-06-08 03:47:20','S'),(384,'6I',5,4,'2015-06-08 03:47:20','2015-07-15 07:25:59','S'),(385,'6J',5,NULL,'2015-06-08 03:47:20','2015-06-08 03:47:20','S'),(386,'7A',5,NULL,'2015-06-08 03:47:20','2015-06-08 03:47:20','S'),(387,'7B',5,NULL,'2015-06-08 03:47:20','2015-06-08 03:47:20','S'),(388,'7C',5,NULL,'2015-06-08 03:47:20','2015-06-08 03:47:20','S'),(389,'7D',5,NULL,'2015-06-08 03:47:20','2015-06-08 03:47:20','S'),(390,'7E',5,NULL,'2015-06-08 03:47:20','2015-06-08 03:47:20','S'),(391,'7F',5,NULL,'2015-06-08 03:47:20','2015-06-08 03:47:20','S'),(392,'7G',5,NULL,'2015-06-08 03:47:20','2015-06-08 03:47:20','S'),(393,'7H',5,NULL,'2015-06-08 03:47:20','2015-06-08 03:47:20','S'),(394,'7I',5,NULL,'2015-06-08 03:47:20','2015-06-08 03:47:20','S'),(395,'7J',5,NULL,'2015-06-08 03:47:20','2015-06-08 03:47:20','S'),(396,'8A',5,NULL,'2015-06-08 03:47:20','2015-06-08 03:47:20','S'),(397,'8B',5,NULL,'2015-06-08 03:47:20','2015-06-08 03:47:20','S'),(398,'8C',5,NULL,'2015-06-08 03:47:20','2015-06-08 03:47:20','S'),(399,'8D',5,NULL,'2015-06-08 03:47:20','2015-06-08 03:47:20','S'),(400,'8E',5,NULL,'2015-06-08 03:47:20','2015-06-08 03:47:20','S'),(401,'8F',5,NULL,'2015-06-08 03:47:20','2015-06-08 03:47:20','S'),(402,'8G',5,NULL,'2015-06-08 03:47:20','2015-06-08 03:47:20','S'),(403,'8H',5,NULL,'2015-06-08 03:47:20','2015-06-08 03:47:20','S'),(404,'8I',5,NULL,'2015-06-08 03:47:20','2015-06-08 03:47:20','S'),(405,'8J',5,NULL,'2015-06-08 03:47:20','2015-06-08 03:47:20','S'),(406,'9A',5,NULL,'2015-06-08 03:47:20','2015-06-08 03:47:20','S'),(407,'9B',5,NULL,'2015-06-08 03:47:20','2015-06-08 03:47:20','S'),(408,'9C',5,NULL,'2015-06-08 03:47:20','2015-06-08 03:47:20','S'),(409,'9D',5,NULL,'2015-06-08 03:47:20','2015-06-08 03:47:20','S'),(410,'9E',5,NULL,'2015-06-08 03:47:20','2015-06-08 03:47:20','S'),(411,'9F',5,NULL,'2015-06-08 03:47:20','2015-06-08 03:47:20','S'),(412,'9G',5,NULL,'2015-06-08 03:47:20','2015-06-08 03:47:20','S'),(413,'9H',5,NULL,'2015-06-08 03:47:20','2015-06-08 03:47:20','S'),(414,'9I',5,NULL,'2015-06-08 03:47:20','2015-06-08 03:47:20','S'),(415,'9J',5,NULL,'2015-06-08 03:47:20','2015-06-08 03:47:20','S'),(416,'10A',5,NULL,'2015-06-08 03:47:20','2015-06-08 03:47:20','S'),(417,'10B',5,NULL,'2015-06-08 03:47:20','2015-06-08 03:47:20','S'),(418,'10C',5,NULL,'2015-06-08 03:47:20','2015-06-08 03:47:20','S'),(419,'10D',5,NULL,'2015-06-08 03:47:20','2015-06-08 03:47:20','S'),(420,'10E',5,NULL,'2015-06-08 03:47:20','2015-06-08 03:47:20','S'),(421,'10F',5,NULL,'2015-06-08 03:47:20','2015-06-08 03:47:20','S'),(422,'10G',5,NULL,'2015-06-08 03:47:20','2015-06-08 03:47:20','S'),(423,'10H',5,NULL,'2015-06-08 03:47:20','2015-06-08 03:47:20','S'),(424,'10I',5,NULL,'2015-06-08 03:47:20','2015-06-08 03:47:20','S'),(425,'10J',5,NULL,'2015-06-08 03:47:20','2015-06-08 03:47:20','S');
/*!40000 ALTER TABLE `baskets` ENABLE KEYS */;
UNLOCK TABLES;

--
-- Table structure for table `batches`
--

DROP TABLE IF EXISTS `batches`;
/*!40101 SET @saved_cs_client     = @@character_set_client */;
/*!40101 SET character_set_client = utf8 */;
CREATE TABLE `batches` (
  `id` int(11) NOT NULL AUTO_INCREMENT,
  `father_id` int(11) DEFAULT NULL,
  `basket_id` int(11) DEFAULT NULL,
  `mother_id` int(11) DEFAULT NULL,
  `breed_id` int(11) DEFAULT NULL,
  `quantity` int(11) DEFAULT NULL,
  `childbirthday` date DEFAULT NULL,
  `created_at` datetime NOT NULL,
  `updated_at` datetime NOT NULL,
  `use_val` int(11) DEFAULT NULL,
  PRIMARY KEY (`id`)
) ENGINE=InnoDB AUTO_INCREMENT=10 DEFAULT CHARSET=utf8 COLLATE=utf8_unicode_ci;
/*!40101 SET character_set_client = @saved_cs_client */;

--
-- Dumping data for table `batches`
--

LOCK TABLES `batches` WRITE;
/*!40000 ALTER TABLE `batches` DISABLE KEYS */;
INSERT INTO `batches` VALUES (8,11,NULL,8,28,5,'2015-07-07','2015-07-07 08:35:23','2015-07-07 08:35:23',NULL),(9,34,NULL,27,29,4,'2015-07-13','2015-07-10 05:25:51','2015-07-10 05:25:51',NULL);
/*!40000 ALTER TABLE `batches` ENABLE KEYS */;
UNLOCK TABLES;

--
-- Table structure for table `breeds`
--

DROP TABLE IF EXISTS `breeds`;
/*!40101 SET @saved_cs_client     = @@character_set_client */;
/*!40101 SET character_set_client = utf8 */;
CREATE TABLE `breeds` (
  `id` int(11) NOT NULL AUTO_INCREMENT,
  `basket_id` int(11) DEFAULT NULL,
  `father_id` int(11) DEFAULT NULL,
  `mother_id` int(11) DEFAULT NULL,
  `cage_at` date DEFAULT NULL,
  `is_usable` tinyint(1) DEFAULT '1',
  `created_at` datetime NOT NULL,
  `updated_at` datetime NOT NULL,
  `created_by` int(11) DEFAULT NULL,
  `breeding` tinyint(1) DEFAULT '0',
  PRIMARY KEY (`id`)
) ENGINE=InnoDB AUTO_INCREMENT=33 DEFAULT CHARSET=utf8 COLLATE=utf8_unicode_ci;
/*!40101 SET character_set_client = @saved_cs_client */;

--
-- Dumping data for table `breeds`
--

LOCK TABLES `breeds` WRITE;
/*!40000 ALTER TABLE `breeds` DISABLE KEYS */;
INSERT INTO `breeds` VALUES (28,11,11,8,'2015-06-07',1,'2015-07-07 08:14:29','2015-07-07 08:35:23',3,1),(29,33,34,27,'2015-07-01',1,'2015-07-09 09:53:09','2015-07-14 09:32:31',2,1),(30,21,30,32,'2015-06-30',1,'2015-07-10 05:18:18','2015-07-14 06:22:10',2,0),(32,21,30,33,'2015-07-01',1,'2015-07-14 09:11:34','2015-07-14 09:11:40',2,0);
/*!40000 ALTER TABLE `breeds` ENABLE KEYS */;
UNLOCK TABLES;

--
-- Table structure for table `breeds_infos`
--

DROP TABLE IF EXISTS `breeds_infos`;
/*!40101 SET @saved_cs_client     = @@character_set_client */;
/*!40101 SET character_set_client = utf8 */;
CREATE TABLE `breeds_infos` (
  `id` int(11) NOT NULL AUTO_INCREMENT,
  `breed_id` int(11) DEFAULT NULL,
  `batch_id` int(11) DEFAULT NULL,
  `operation_type` varchar(255) COLLATE utf8_unicode_ci DEFAULT NULL,
  `operation_by` int(11) DEFAULT NULL,
  `operation_at` date DEFAULT NULL,
  `quantity` int(11) DEFAULT NULL,
  `die_reason` text COLLATE utf8_unicode_ci,
  `remark` text COLLATE utf8_unicode_ci,
  `created_at` datetime NOT NULL,
  `updated_at` datetime NOT NULL,
  PRIMARY KEY (`id`)
) ENGINE=InnoDB DEFAULT CHARSET=utf8 COLLATE=utf8_unicode_ci;
/*!40101 SET character_set_client = @saved_cs_client */;

--
-- Dumping data for table `breeds_infos`
--

LOCK TABLES `breeds_infos` WRITE;
/*!40000 ALTER TABLE `breeds_infos` DISABLE KEYS */;
/*!40000 ALTER TABLE `breeds_infos` ENABLE KEYS */;
UNLOCK TABLES;

--
-- Table structure for table `frameworks`
--

DROP TABLE IF EXISTS `frameworks`;
/*!40101 SET @saved_cs_client     = @@character_set_client */;
/*!40101 SET character_set_client = utf8 */;
CREATE TABLE `frameworks` (
  `id` int(11) NOT NULL AUTO_INCREMENT,
  `code` varchar(255) COLLATE utf8_unicode_ci DEFAULT NULL,
  `axis_y` int(11) DEFAULT NULL,
  `axis_x` int(11) DEFAULT NULL,
  `created_at` datetime NOT NULL,
  `updated_at` datetime NOT NULL,
  PRIMARY KEY (`id`)
) ENGINE=InnoDB AUTO_INCREMENT=6 DEFAULT CHARSET=utf8 COLLATE=utf8_unicode_ci;
/*!40101 SET character_set_client = @saved_cs_client */;

--
-- Dumping data for table `frameworks`
--

LOCK TABLES `frameworks` WRITE;
/*!40000 ALTER TABLE `frameworks` DISABLE KEYS */;
INSERT INTO `frameworks` VALUES (1,NULL,10,10,'2015-06-04 07:56:35','2015-06-04 07:56:35'),(2,NULL,10,10,'2015-06-04 07:58:22','2015-06-04 07:58:22'),(3,NULL,10,10,'2015-06-04 07:58:24','2015-06-04 07:58:24'),(4,NULL,5,5,'2015-06-04 07:58:31','2015-06-04 07:58:31'),(5,NULL,10,10,'2015-06-08 03:47:20','2015-06-08 03:47:20');
/*!40000 ALTER TABLE `frameworks` ENABLE KEYS */;
UNLOCK TABLES;

--
-- Table structure for table `genes`
--

DROP TABLE IF EXISTS `genes`;
/*!40101 SET @saved_cs_client     = @@character_set_client */;
/*!40101 SET character_set_client = utf8 */;
CREATE TABLE `genes` (
  `id` int(11) NOT NULL AUTO_INCREMENT,
  `name` varchar(255) COLLATE utf8_unicode_ci DEFAULT NULL,
  `short_name` varchar(255) COLLATE utf8_unicode_ci DEFAULT NULL,
  `access_id` int(11) DEFAULT NULL,
  `location` varchar(255) COLLATE utf8_unicode_ci DEFAULT NULL,
  `created_at` datetime NOT NULL,
  `updated_at` datetime NOT NULL,
  PRIMARY KEY (`id`)
) ENGINE=InnoDB AUTO_INCREMENT=4 DEFAULT CHARSET=utf8 COLLATE=utf8_unicode_ci;
/*!40101 SET character_set_client = @saved_cs_client */;

--
-- Dumping data for table `genes`
--

LOCK TABLES `genes` WRITE;
/*!40000 ALTER TABLE `genes` DISABLE KEYS */;
INSERT INTO `genes` VALUES (1,'ghi','ghi',3,'123','2015-06-05 03:33:12','2015-06-08 07:55:29'),(2,'def','qre',2,'def','2015-06-05 03:33:36','2015-06-08 07:55:08'),(3,'abc','abc',1,'234234','2015-06-08 03:56:32','2015-06-08 07:55:15');
/*!40000 ALTER TABLE `genes` ENABLE KEYS */;
UNLOCK TABLES;

--
-- Table structure for table `genetic_types`
--

DROP TABLE IF EXISTS `genetic_types`;
/*!40101 SET @saved_cs_client     = @@character_set_client */;
/*!40101 SET character_set_client = utf8 */;
CREATE TABLE `genetic_types` (
  `id` int(11) NOT NULL AUTO_INCREMENT,
  `short_name` varchar(255) COLLATE utf8_unicode_ci DEFAULT NULL,
  `full_name` varchar(255) COLLATE utf8_unicode_ci DEFAULT NULL,
  `created_at` datetime NOT NULL,
  `updated_at` datetime NOT NULL,
  PRIMARY KEY (`id`)
) ENGINE=InnoDB AUTO_INCREMENT=10 DEFAULT CHARSET=utf8 COLLATE=utf8_unicode_ci;
/*!40101 SET character_set_client = @saved_cs_client */;

--
-- Dumping data for table `genetic_types`
--

LOCK TABLES `genetic_types` WRITE;
/*!40000 ALTER TABLE `genetic_types` DISABLE KEYS */;
INSERT INTO `genetic_types` VALUES (1,'CTK','Combonation transgene + KO','2015-06-04 07:55:52','2015-06-04 07:55:52'),(2,'E','endogenous','2015-06-04 07:55:52','2015-06-04 07:55:52'),(3,'Floxed','tissue specific knock out','2015-06-04 07:55:52','2015-06-04 07:55:52'),(4,'KI','knock in','2015-06-04 07:55:52','2015-06-04 07:55:52'),(5,'KO','knock out','2015-06-04 07:55:52','2015-06-04 07:55:52'),(6,'MK','multi allele knock out','2015-06-04 07:55:52','2015-06-04 07:55:52'),(7,'MTG','multi allele trans gene','2015-06-04 07:55:52','2015-06-04 07:55:52'),(8,'TG','trans gene','2015-06-04 07:55:52','2015-06-04 07:55:52'),(9,'SM','spontaneous mutation','2015-06-04 07:55:52','2015-06-04 07:55:52');
/*!40000 ALTER TABLE `genetic_types` ENABLE KEYS */;
UNLOCK TABLES;

--
-- Table structure for table `mice`
--

DROP TABLE IF EXISTS `mice`;
/*!40101 SET @saved_cs_client     = @@character_set_client */;
/*!40101 SET character_set_client = utf8 */;
CREATE TABLE `mice` (
  `id` int(11) NOT NULL AUTO_INCREMENT,
  `strain_id` int(11) DEFAULT NULL,
  `code` varchar(255) COLLATE utf8_unicode_ci DEFAULT NULL,
  `generation` varchar(255) COLLATE utf8_unicode_ci DEFAULT NULL,
  `birthday` date DEFAULT NULL,
  `wean_date` date DEFAULT NULL,
  `sex` varchar(255) COLLATE utf8_unicode_ci DEFAULT NULL,
  `father_id` int(11) DEFAULT NULL,
  `mother_id` int(11) DEFAULT NULL,
  `basket_id` int(11) DEFAULT NULL,
  `batch_id` int(11) DEFAULT NULL,
  `life_status` varchar(255) COLLATE utf8_unicode_ci DEFAULT 'A',
  `coat_color` varchar(255) COLLATE utf8_unicode_ci DEFAULT NULL,
  `dead_date` date DEFAULT NULL,
  `dead` date DEFAULT NULL,
  `onwer_id` int(11) DEFAULT NULL,
  `created_by` int(11) DEFAULT NULL,
  `is_dead` tinyint(1) DEFAULT '0',
  `description` text COLLATE utf8_unicode_ci,
  `created_at` datetime NOT NULL,
  `updated_at` datetime NOT NULL,
  `breed_id` int(11) DEFAULT NULL,
  PRIMARY KEY (`id`)
) ENGINE=InnoDB AUTO_INCREMENT=57 DEFAULT CHARSET=utf8 COLLATE=utf8_unicode_ci;
/*!40101 SET character_set_client = @saved_cs_client */;

--
-- Dumping data for table `mice`
--

LOCK TABLES `mice` WRITE;
/*!40000 ALTER TABLE `mice` DISABLE KEYS */;
INSERT INTO `mice` VALUES (2,1,'0001','1','2015-06-05','2015-06-18','M',NULL,NULL,NULL,NULL,'A','??',NULL,NULL,3,1,0,NULL,'2015-06-05 08:39:47','2015-07-07 07:51:52',NULL),(3,2,'0002','2','2015-06-05','2015-06-17','F',NULL,3,34,NULL,'A','adf',NULL,NULL,3,1,0,NULL,'2015-06-05 08:44:02','2015-07-02 09:09:36',NULL),(4,4,'0003','2','2015-06-11','2015-06-11','M',2,NULL,NULL,NULL,'A','??',NULL,NULL,3,1,0,NULL,'2015-06-05 09:38:03','2015-07-07 07:48:39',NULL),(5,1,'0004','4','2015-06-09','2015-06-16','F',NULL,NULL,74,NULL,'A','??',NULL,NULL,3,1,0,NULL,'2015-06-08 08:33:37','2015-06-10 07:45:14',NULL),(6,4,'0005','2','2015-06-10','2015-06-11','F',2,NULL,101,NULL,'A','QDQW',NULL,NULL,3,1,0,NULL,'2015-06-09 06:31:13','2015-06-09 09:35:20',NULL),(7,2,'0006','3','2015-06-09','2015-06-11','F',NULL,NULL,NULL,NULL,'A','adf',NULL,NULL,3,1,0,NULL,'2015-06-09 06:31:36','2015-07-07 07:51:49',NULL),(8,4,'0007','5','2015-06-11','2015-06-11','F',NULL,NULL,11,NULL,'A','QD',NULL,NULL,3,1,0,NULL,'2015-06-09 06:32:04','2015-07-07 08:14:20',NULL),(9,4,'','4','2015-06-11','2015-06-11','F',2,3,7,NULL,'A','QD',NULL,NULL,3,1,0,NULL,'2015-06-11 06:47:46','2015-07-02 07:37:11',NULL),(10,1,'0008','2','2015-06-09','2015-06-23','F',NULL,NULL,5,NULL,'A','??',NULL,NULL,3,1,0,NULL,'2015-06-11 08:07:40','2015-07-02 06:26:05',NULL),(11,1,'23424','3','2015-06-26','2015-07-04','M',2,3,11,NULL,'A','??',NULL,NULL,3,1,0,NULL,'2015-06-24 05:51:21','2015-07-07 08:14:29',NULL),(12,1,'00011','4','2015-06-26','2015-06-29','M',2,3,21,NULL,'K','??','2015-07-06',NULL,3,1,0,'','2015-06-24 05:51:21','2015-07-06 05:54:20',NULL),(13,1,'1231','3','2015-06-26','2015-06-09','F',2,3,NULL,NULL,'A','??',NULL,NULL,3,1,0,NULL,'2015-06-24 05:51:21','2015-07-07 07:48:37',NULL),(14,1,'0010','4','2015-06-26','2015-06-25','M',2,3,13,NULL,'A','??',NULL,NULL,3,1,0,NULL,'2015-06-24 05:51:21','2015-07-02 07:22:42',NULL),(15,1,'1233','4','2015-06-26','2015-07-08','M',2,3,NULL,NULL,'A','红色',NULL,NULL,4,1,0,NULL,'2015-06-24 05:51:21','2015-07-06 03:58:24',NULL),(16,1,NULL,NULL,'2015-07-01',NULL,NULL,4,13,NULL,NULL,'A',NULL,NULL,NULL,3,1,0,NULL,'2015-07-01 06:48:00','2015-07-07 07:50:44',NULL),(17,1,NULL,NULL,'2015-07-01',NULL,NULL,4,13,2,NULL,'A',NULL,NULL,NULL,3,1,0,NULL,'2015-07-01 06:48:00','2015-07-01 06:48:00',NULL),(18,1,NULL,NULL,'2015-07-01',NULL,NULL,4,13,3,NULL,'A',NULL,NULL,NULL,3,1,0,NULL,'2015-07-01 06:48:00','2015-07-07 07:58:51',NULL),(19,1,NULL,NULL,'2015-07-01',NULL,NULL,4,13,NULL,NULL,'A',NULL,NULL,NULL,3,1,0,NULL,'2015-07-01 06:48:00','2015-07-06 06:30:16',NULL),(20,1,NULL,NULL,'2015-07-01',NULL,NULL,4,13,3,NULL,'A',NULL,NULL,NULL,3,1,0,NULL,'2015-07-01 06:48:00','2015-07-07 07:58:54',NULL),(21,1,NULL,NULL,'2015-07-01',NULL,NULL,4,13,NULL,NULL,'A',NULL,NULL,NULL,3,1,0,NULL,'2015-07-01 06:48:00','2015-07-06 06:30:20',NULL),(22,1,NULL,NULL,'2015-07-01',NULL,NULL,4,13,2,NULL,'A',NULL,NULL,NULL,3,1,0,NULL,'2015-07-01 06:48:01','2015-07-01 06:48:01',NULL),(23,1,'32343','3','2015-07-01','2015-07-10','M',4,13,NULL,NULL,'A','??',NULL,NULL,3,1,0,NULL,'2015-07-01 06:48:01','2015-07-07 07:48:49',NULL),(24,1,'35456','3','2015-07-01','2015-07-03','F',4,13,4,NULL,'A','??',NULL,NULL,3,1,0,NULL,'2015-07-01 06:48:01','2015-07-07 07:59:31',NULL),(25,1,'qwe','','2015-07-01','2015-07-17','M',4,13,33,NULL,'K','红色',NULL,NULL,2,1,0,'','2015-07-01 06:48:01','2015-07-08 10:12:28',NULL),(26,1,NULL,NULL,'2015-07-01',NULL,NULL,4,13,2,NULL,'A',NULL,NULL,NULL,3,1,0,NULL,'2015-07-01 06:48:01','2015-07-01 06:48:01',NULL),(27,1,'24342','3','2015-07-01','2015-07-04','F',4,13,33,NULL,'A','??',NULL,NULL,2,1,0,NULL,'2015-07-01 06:48:01','2015-07-08 10:15:00',NULL),(28,1,NULL,NULL,'2015-07-02',NULL,NULL,4,13,2,NULL,'A',NULL,NULL,NULL,3,1,0,NULL,'2015-07-01 06:52:17','2015-07-01 07:02:07',NULL),(29,1,NULL,NULL,'2015-07-02',NULL,NULL,4,13,NULL,NULL,'A',NULL,NULL,NULL,3,1,0,NULL,'2015-07-01 06:52:17','2015-07-01 07:25:19',NULL),(30,1,'','','2015-07-02','2015-07-05','M',4,13,21,NULL,'A','红色',NULL,NULL,2,1,0,NULL,'2015-07-01 06:52:17','2015-07-09 07:23:19',NULL),(31,1,'','','2015-07-02','2015-07-07','F',4,13,76,NULL,'K','红色','2015-07-10',NULL,2,1,0,'','2015-07-01 06:54:23','2015-07-06 09:38:13',NULL),(32,1,'123434','4','2015-07-02','2015-07-09','F',4,13,21,NULL,'A','红色',NULL,NULL,2,1,0,NULL,'2015-07-01 06:54:23','2015-07-10 05:16:25',NULL),(33,1,'12435','','2015-07-02','2015-07-09','F',4,13,21,NULL,'A','红色',NULL,NULL,2,1,0,NULL,'2015-07-01 06:54:23','2015-07-14 09:11:34',NULL),(34,1,'123431','3','2015-07-06','2015-07-10','M',30,27,33,NULL,'A','红色',NULL,NULL,2,2,0,NULL,'2015-07-06 09:52:10','2015-07-09 09:53:09',NULL),(35,1,'76575','4','2015-07-06','2015-07-10','F',30,27,32,NULL,'A','红色',NULL,NULL,2,2,0,NULL,'2015-07-06 09:52:10','2015-07-10 05:35:23',NULL),(36,1,'85643','3','2015-07-06','2015-07-25','F',30,27,32,NULL,'A','红色',NULL,NULL,2,2,0,NULL,'2015-07-06 09:52:10','2015-07-10 05:35:26',NULL),(37,1,'57824','5','2015-07-06','2015-07-24','M',30,27,21,NULL,'K','红色','2015-07-24',NULL,2,2,0,'adfadfda','2015-07-06 09:52:10','2015-07-09 06:10:27',NULL),(38,1,'37679','2','2015-07-06','2015-07-31','M',30,27,NULL,NULL,'A','红色',NULL,NULL,2,2,0,NULL,'2015-07-06 09:52:10','2015-07-07 07:46:00',NULL),(39,1,NULL,NULL,'2015-05-28',NULL,NULL,23,24,1,NULL,'A',NULL,NULL,NULL,3,3,0,NULL,'2015-07-06 10:12:42','2015-07-06 10:12:42',NULL),(40,1,NULL,NULL,'2015-05-28',NULL,NULL,23,24,NULL,NULL,'A',NULL,NULL,NULL,3,3,0,NULL,'2015-07-06 10:12:42','2015-07-07 07:52:55',NULL),(41,1,NULL,NULL,'2015-05-28',NULL,NULL,23,24,1,NULL,'A',NULL,NULL,NULL,3,3,0,NULL,'2015-07-06 10:12:42','2015-07-06 10:12:42',NULL),(42,1,NULL,NULL,'2015-05-28',NULL,NULL,23,24,1,NULL,'A',NULL,NULL,NULL,3,3,0,NULL,'2015-07-06 10:12:42','2015-07-06 10:12:42',NULL),(43,1,NULL,NULL,'2015-05-28',NULL,NULL,23,24,1,NULL,'A',NULL,NULL,NULL,3,3,0,NULL,'2015-07-06 10:12:42','2015-07-06 10:12:42',NULL),(44,1,NULL,NULL,'2015-07-07',NULL,NULL,11,8,11,8,'DD',NULL,'2015-07-10',NULL,3,3,0,'','2015-07-07 08:35:23','2015-07-08 09:36:23',NULL),(45,1,NULL,NULL,'2015-07-07',NULL,NULL,11,8,11,8,'A',NULL,NULL,NULL,3,3,0,NULL,'2015-07-07 08:35:23','2015-07-07 08:35:23',NULL),(46,1,NULL,NULL,'2015-07-07',NULL,NULL,11,8,11,8,'DD',NULL,'2015-07-17',NULL,3,3,0,'','2015-07-07 08:35:23','2015-07-08 09:36:34',NULL),(47,1,NULL,NULL,'2015-07-07',NULL,NULL,11,8,11,8,'A',NULL,NULL,NULL,3,3,0,NULL,'2015-07-07 08:35:23','2015-07-07 08:35:23',NULL),(48,1,'523462','','2015-07-07','2015-07-25',NULL,11,8,11,8,'A','红色',NULL,NULL,3,3,0,NULL,'2015-07-07 08:35:23','2015-07-08 09:44:23',NULL),(49,1,'','','2015-07-13',NULL,'M',34,27,NULL,9,'A','红色',NULL,NULL,2,2,0,NULL,'2015-07-10 05:25:51','2015-07-13 09:51:21',NULL),(50,1,NULL,NULL,'2015-07-13',NULL,NULL,34,27,33,9,'A',NULL,NULL,NULL,2,2,0,NULL,'2015-07-10 05:25:51','2015-07-10 05:25:51',NULL),(51,1,NULL,NULL,'2015-07-13',NULL,NULL,34,27,33,9,'A',NULL,NULL,NULL,2,2,0,NULL,'2015-07-10 05:25:51','2015-07-10 05:25:51',NULL),(52,1,'25212','5','2015-07-13','2015-07-15','F',34,27,102,9,'A','白色',NULL,NULL,2,2,0,NULL,'2015-07-10 05:25:51','2015-07-10 05:54:58',NULL),(53,1,'4536364','4F','2015-03-01','2015-04-09','M',NULL,NULL,15,NULL,'K','红色',NULL,NULL,2,2,0,NULL,'2015-07-13 08:48:24','2015-07-13 08:48:24',NULL);
/*!40000 ALTER TABLE `mice` ENABLE KEYS */;
UNLOCK TABLES;

--
-- Table structure for table `mice_alleles`
--

DROP TABLE IF EXISTS `mice_alleles`;
/*!40101 SET @saved_cs_client     = @@character_set_client */;
/*!40101 SET character_set_client = utf8 */;
CREATE TABLE `mice_alleles` (
  `mouse_id` int(11) DEFAULT NULL,
  `allele_id` int(11) DEFAULT NULL
) ENGINE=InnoDB DEFAULT CHARSET=utf8 COLLATE=utf8_unicode_ci;
/*!40101 SET character_set_client = @saved_cs_client */;

--
-- Dumping data for table `mice_alleles`
--

LOCK TABLES `mice_alleles` WRITE;
/*!40000 ALTER TABLE `mice_alleles` DISABLE KEYS */;
INSERT INTO `mice_alleles` VALUES (2,1),(3,1),(5,1),(5,5),(5,8),(2,5),(2,8),(4,1),(4,8),(6,8),(8,8),(7,2),(7,11),(7,5),(9,8),(10,1),(10,5),(10,8),(52,1),(52,5),(52,8),(49,4),(49,6),(49,14),(53,1),(53,5),(53,8);
/*!40000 ALTER TABLE `mice_alleles` ENABLE KEYS */;
UNLOCK TABLES;

--
-- Table structure for table `operations`
--

DROP TABLE IF EXISTS `operations`;
/*!40101 SET @saved_cs_client     = @@character_set_client */;
/*!40101 SET character_set_client = utf8 */;
CREATE TABLE `operations` (
  `id` int(11) NOT NULL AUTO_INCREMENT,
  `strain_id` int(11) DEFAULT NULL,
  `mouse_id` int(11) DEFAULT NULL,
  `operate_type` varchar(255) COLLATE utf8_unicode_ci DEFAULT NULL,
  `old_basket` int(11) DEFAULT NULL,
  `new_basket` int(11) DEFAULT NULL,
  `operate_by` int(11) DEFAULT NULL,
  `operate_at` date DEFAULT NULL,
  `remark` text COLLATE utf8_unicode_ci,
  `created_at` datetime NOT NULL,
  `updated_at` datetime NOT NULL,
  PRIMARY KEY (`id`)
) ENGINE=InnoDB DEFAULT CHARSET=utf8 COLLATE=utf8_unicode_ci;
/*!40101 SET character_set_client = @saved_cs_client */;

--
-- Dumping data for table `operations`
--

LOCK TABLES `operations` WRITE;
/*!40000 ALTER TABLE `operations` DISABLE KEYS */;
/*!40000 ALTER TABLE `operations` ENABLE KEYS */;
UNLOCK TABLES;

--
-- Table structure for table `roles`
--

DROP TABLE IF EXISTS `roles`;
/*!40101 SET @saved_cs_client     = @@character_set_client */;
/*!40101 SET character_set_client = utf8 */;
CREATE TABLE `roles` (
  `id` int(11) NOT NULL AUTO_INCREMENT,
  `name` varchar(255) COLLATE utf8_unicode_ci DEFAULT NULL,
  `resource_id` int(11) DEFAULT NULL,
  `resource_type` varchar(255) COLLATE utf8_unicode_ci DEFAULT NULL,
  `created_at` datetime DEFAULT NULL,
  `updated_at` datetime DEFAULT NULL,
  PRIMARY KEY (`id`),
  KEY `index_roles_on_name` (`name`),
  KEY `index_roles_on_name_and_resource_type_and_resource_id` (`name`,`resource_type`,`resource_id`)
) ENGINE=InnoDB AUTO_INCREMENT=4 DEFAULT CHARSET=utf8 COLLATE=utf8_unicode_ci;
/*!40101 SET character_set_client = @saved_cs_client */;

--
-- Dumping data for table `roles`
--

LOCK TABLES `roles` WRITE;
/*!40000 ALTER TABLE `roles` DISABLE KEYS */;
INSERT INTO `roles` VALUES (1,'PI',NULL,NULL,'2015-06-04 07:55:52','2015-06-04 07:55:52'),(2,'Manager',NULL,NULL,'2015-06-11 08:03:11','2015-06-11 08:03:11'),(3,'Faculty',NULL,NULL,'2015-06-11 08:03:11','2015-06-11 08:03:11');
/*!40000 ALTER TABLE `roles` ENABLE KEYS */;
UNLOCK TABLES;

--
-- Table structure for table `schema_migrations`
--

DROP TABLE IF EXISTS `schema_migrations`;
/*!40101 SET @saved_cs_client     = @@character_set_client */;
/*!40101 SET character_set_client = utf8 */;
CREATE TABLE `schema_migrations` (
  `version` varchar(255) COLLATE utf8_unicode_ci NOT NULL,
  UNIQUE KEY `unique_schema_migrations` (`version`)
) ENGINE=InnoDB DEFAULT CHARSET=utf8 COLLATE=utf8_unicode_ci;
/*!40101 SET character_set_client = @saved_cs_client */;

--
-- Dumping data for table `schema_migrations`
--

LOCK TABLES `schema_migrations` WRITE;
/*!40000 ALTER TABLE `schema_migrations` DISABLE KEYS */;
INSERT INTO `schema_migrations` VALUES ('20150313173320'),('20150313173743'),('20150414025234'),('20150414032326'),('20150414052810'),('20150414053913'),('20150416101456'),('20150429035558'),('20150514080409'),('20150601064631'),('20150601064838'),('20150601065038'),('20150601090524'),('20150608092954'),('20150706081242'),('20150707045549'),('20150713094751');
/*!40000 ALTER TABLE `schema_migrations` ENABLE KEYS */;
UNLOCK TABLES;

--
-- Table structure for table `strains`
--

DROP TABLE IF EXISTS `strains`;
/*!40101 SET @saved_cs_client     = @@character_set_client */;
/*!40101 SET character_set_client = utf8 */;
CREATE TABLE `strains` (
  `id` int(11) NOT NULL AUTO_INCREMENT,
  `former_name` varchar(255) COLLATE utf8_unicode_ci DEFAULT NULL,
  `common_name` varchar(255) COLLATE utf8_unicode_ci DEFAULT NULL,
  `genetic_type_id` int(11) DEFAULT NULL,
  `status` varchar(255) COLLATE utf8_unicode_ci DEFAULT NULL,
  `coat_color` varchar(255) COLLATE utf8_unicode_ci DEFAULT NULL,
  `wean_age` varchar(255) COLLATE utf8_unicode_ci DEFAULT NULL,
  `female_mature_age` varchar(255) COLLATE utf8_unicode_ci DEFAULT NULL,
  `male_mature_age` varchar(255) COLLATE utf8_unicode_ci DEFAULT NULL,
  `mating_system` varchar(255) COLLATE utf8_unicode_ci DEFAULT NULL,
  `breeding_consideration` varchar(255) COLLATE utf8_unicode_ci DEFAULT NULL,
  `source` varchar(255) COLLATE utf8_unicode_ci DEFAULT NULL,
  `origin` varchar(255) COLLATE utf8_unicode_ci DEFAULT NULL,
  `ref_website` varchar(255) COLLATE utf8_unicode_ci DEFAULT NULL,
  `description` text COLLATE utf8_unicode_ci,
  `created_at` datetime NOT NULL,
  `updated_at` datetime NOT NULL,
  PRIMARY KEY (`id`)
) ENGINE=InnoDB AUTO_INCREMENT=6 DEFAULT CHARSET=utf8 COLLATE=utf8_unicode_ci;
/*!40101 SET character_set_client = @saved_cs_client */;

--
-- Dumping data for table `strains`
--

LOCK TABLES `strains` WRITE;
/*!40000 ALTER TABLE `strains` DISABLE KEYS */;
INSERT INTO `strains` VALUES (1,'C58-mir21','C58-mir21',6,'A','红色,白色,绿色,蓝色,杂色','common_name','common_name','common_name','common_name','common_name','common_name','common_name','common_name','qewrwer','2015-06-04 10:25:15','2015-07-14 07:52:24'),(2,'C57-miR202','C57-miR202',1,'A','adf,adfa,dafa,sfa','','','','afds','afsf','af','afd','adf','adfa','2015-06-05 02:08:42','2015-06-08 09:15:47'),(3,'C57-mir191','C57-mir191',3,'F','fasdf','','','','','','','','','fadfdfads','2015-06-05 05:35:46','2015-06-08 09:22:34'),(4,'C57-miR223','C57-miR223',1,'A','QD,QDQW','C57-miR223','C57-miR223','C57-miR223','C57-miR223','C57-miR223','C57-miR223','C57-miR223','C57-miR223','C57-miR223','2015-06-08 09:04:43','2015-06-08 09:04:43');
/*!40000 ALTER TABLE `strains` ENABLE KEYS */;
UNLOCK TABLES;

--
-- Table structure for table `strains_genes`
--

DROP TABLE IF EXISTS `strains_genes`;
/*!40101 SET @saved_cs_client     = @@character_set_client */;
/*!40101 SET character_set_client = utf8 */;
CREATE TABLE `strains_genes` (
  `strain_id` int(11) DEFAULT NULL,
  `gene_id` int(11) DEFAULT NULL
) ENGINE=InnoDB DEFAULT CHARSET=utf8 COLLATE=utf8_unicode_ci;
/*!40101 SET character_set_client = @saved_cs_client */;

--
-- Dumping data for table `strains_genes`
--

LOCK TABLES `strains_genes` WRITE;
/*!40000 ALTER TABLE `strains_genes` DISABLE KEYS */;
INSERT INTO `strains_genes` VALUES (1,1),(3,2),(1,2),(2,1),(3,1),(1,3),(4,3),(2,2),(2,3),(5,1),(5,2),(5,3);
/*!40000 ALTER TABLE `strains_genes` ENABLE KEYS */;
UNLOCK TABLES;

--
-- Table structure for table `todo_lists`
--

DROP TABLE IF EXISTS `todo_lists`;
/*!40101 SET @saved_cs_client     = @@character_set_client */;
/*!40101 SET character_set_client = utf8 */;
CREATE TABLE `todo_lists` (
  `id` int(11) NOT NULL AUTO_INCREMENT,
  `mouse_id` int(11) DEFAULT NULL,
  `operation` varchar(255) COLLATE utf8_unicode_ci DEFAULT NULL,
  `description` text COLLATE utf8_unicode_ci,
  `status` varchar(255) COLLATE utf8_unicode_ci DEFAULT NULL,
  `created_at` datetime DEFAULT NULL,
  `updated_at` datetime DEFAULT NULL,
  `created_by` int(11) DEFAULT NULL,
  PRIMARY KEY (`id`)
) ENGINE=InnoDB AUTO_INCREMENT=6 DEFAULT CHARSET=utf8 COLLATE=utf8_unicode_ci;
/*!40101 SET character_set_client = @saved_cs_client */;

--
-- Dumping data for table `todo_lists`
--

LOCK TABLES `todo_lists` WRITE;
/*!40000 ALTER TABLE `todo_lists` DISABLE KEYS */;
INSERT INTO `todo_lists` VALUES (1,2,'S','afdafsd','C','2015-06-09 06:00:02','2015-07-10 09:45:03',NULL),(2,10,'M','qffwqfefq','D','2015-06-15 02:32:34','2015-06-15 02:32:34',NULL),(3,38,'E','bgagdgadsf','D','2015-07-10 06:29:21','2015-07-10 09:25:05',NULL),(4,36,'M','gfaa','D','2015-07-10 08:33:22','2015-07-10 09:44:59',NULL),(5,34,'E','','F','2015-07-10 08:33:37','2015-07-13 01:56:28',NULL);
/*!40000 ALTER TABLE `todo_lists` ENABLE KEYS */;
UNLOCK TABLES;

--
-- Table structure for table `users`
--

DROP TABLE IF EXISTS `users`;
/*!40101 SET @saved_cs_client     = @@character_set_client */;
/*!40101 SET character_set_client = utf8 */;
CREATE TABLE `users` (
  `id` int(11) NOT NULL AUTO_INCREMENT,
  `full_name` varchar(255) COLLATE utf8_unicode_ci DEFAULT '',
  `username` varchar(255) COLLATE utf8_unicode_ci NOT NULL DEFAULT '',
  `email` varchar(255) COLLATE utf8_unicode_ci NOT NULL DEFAULT '',
  `encrypted_password` varchar(255) COLLATE utf8_unicode_ci NOT NULL DEFAULT '',
  `name` varchar(255) COLLATE utf8_unicode_ci DEFAULT NULL,
  `reset_password_token` varchar(255) COLLATE utf8_unicode_ci DEFAULT NULL,
  `reset_password_sent_at` datetime DEFAULT NULL,
  `remember_created_at` datetime DEFAULT NULL,
  `sign_in_count` int(11) NOT NULL DEFAULT '0',
  `current_sign_in_at` datetime DEFAULT NULL,
  `last_sign_in_at` datetime DEFAULT NULL,
  `current_sign_in_ip` varchar(255) COLLATE utf8_unicode_ci DEFAULT NULL,
  `last_sign_in_ip` varchar(255) COLLATE utf8_unicode_ci DEFAULT NULL,
  `confirmation_token` varchar(255) COLLATE utf8_unicode_ci DEFAULT NULL,
  `confirmed_at` datetime DEFAULT NULL,
  `confirmation_sent_at` datetime DEFAULT NULL,
  `unconfirmed_email` varchar(255) COLLATE utf8_unicode_ci DEFAULT NULL,
  `failed_attempts` int(11) NOT NULL DEFAULT '0',
  `unlock_token` varchar(255) COLLATE utf8_unicode_ci DEFAULT NULL,
  `locked_at` datetime DEFAULT NULL,
  `created_at` datetime DEFAULT NULL,
  `updated_at` datetime DEFAULT NULL,
  PRIMARY KEY (`id`),
  UNIQUE KEY `index_users_on_email` (`email`),
  UNIQUE KEY `index_users_on_reset_password_token` (`reset_password_token`)
) ENGINE=InnoDB AUTO_INCREMENT=5 DEFAULT CHARSET=utf8 COLLATE=utf8_unicode_ci;
/*!40101 SET character_set_client = @saved_cs_client */;

--
-- Dumping data for table `users`
--

LOCK TABLES `users` WRITE;
/*!40000 ALTER TABLE `users` DISABLE KEYS */;
INSERT INTO `users` VALUES (1,'PI','admin','admin@email.com','$2a$10$lbEyqJ3o3LtSP54sqEFYBuHokixHyFTLv0J99F2Mfc0SOOnRnbyKi',NULL,NULL,NULL,NULL,12,'2015-07-14 07:29:22','2015-07-13 07:48:09','::1','192.168.0.4',NULL,NULL,NULL,NULL,0,NULL,NULL,'2015-06-04 07:55:52','2015-07-14 07:29:22'),(2,'liushuai','liushuai','759983462@qq.com','$2a$10$h9tsy1IK1mJCiWypzrC/Duxio.bmjH.pWMDXdwPf9bTP3NypFeBsO',NULL,NULL,NULL,NULL,7,'2015-07-14 07:37:18','2015-07-07 01:57:07','::1','::1',NULL,'2015-06-11 08:03:11','2015-06-11 08:03:11',NULL,0,NULL,NULL,'2015-06-11 08:03:11','2015-07-14 07:37:18'),(3,'test_1','test_1','test1@qq.com','$2a$10$7Yf4ONfva/CY0h3FOrGsquBtZ6H/tp24sYKIHLBUV1.qbebge4tPK',NULL,NULL,NULL,NULL,2,'2015-07-07 07:48:24','2015-07-06 03:58:45','::1','::1',NULL,'2015-07-03 07:48:29','2015-07-03 07:48:29',NULL,0,NULL,NULL,'2015-07-03 07:48:29','2015-07-07 07:48:24'),(4,'test_2','test_2','test_2@qq.com','$2a$10$OGg/rbsufjwzSoL7hx3cQO4KH2sRHHKrER8uVV1PvCScce/pILtui',NULL,NULL,NULL,NULL,3,'2015-07-13 07:49:16','2015-07-13 07:47:40','192.168.0.4','192.168.0.4',NULL,'2015-07-03 07:49:05','2015-07-03 07:49:05',NULL,0,NULL,NULL,'2015-07-03 07:49:05','2015-07-13 07:49:16');
/*!40000 ALTER TABLE `users` ENABLE KEYS */;
UNLOCK TABLES;

--
-- Table structure for table `users_roles`
--

DROP TABLE IF EXISTS `users_roles`;
/*!40101 SET @saved_cs_client     = @@character_set_client */;
/*!40101 SET character_set_client = utf8 */;
CREATE TABLE `users_roles` (
  `user_id` int(11) DEFAULT NULL,
  `role_id` int(11) DEFAULT NULL,
  KEY `index_users_roles_on_user_id_and_role_id` (`user_id`,`role_id`)
) ENGINE=InnoDB DEFAULT CHARSET=utf8 COLLATE=utf8_unicode_ci;
/*!40101 SET character_set_client = @saved_cs_client */;

--
-- Dumping data for table `users_roles`
--

LOCK TABLES `users_roles` WRITE;
/*!40000 ALTER TABLE `users_roles` DISABLE KEYS */;
INSERT INTO `users_roles` VALUES (1,1),(2,2),(3,2),(4,3);
/*!40000 ALTER TABLE `users_roles` ENABLE KEYS */;
UNLOCK TABLES;
/*!40103 SET TIME_ZONE=@OLD_TIME_ZONE */;

/*!40101 SET SQL_MODE=@OLD_SQL_MODE */;
/*!40014 SET FOREIGN_KEY_CHECKS=@OLD_FOREIGN_KEY_CHECKS */;
/*!40014 SET UNIQUE_CHECKS=@OLD_UNIQUE_CHECKS */;
/*!40101 SET CHARACTER_SET_CLIENT=@OLD_CHARACTER_SET_CLIENT */;
/*!40101 SET CHARACTER_SET_RESULTS=@OLD_CHARACTER_SET_RESULTS */;
/*!40101 SET COLLATION_CONNECTION=@OLD_COLLATION_CONNECTION */;
/*!40111 SET SQL_NOTES=@OLD_SQL_NOTES */;

-- Dump completed on 2015-07-15 15:54:28
