-- MySQL dump 10.13  Distrib 5.6.15, for osx10.7 (x86_64)
--
-- Host: localhost    Database: mouses_production
-- ------------------------------------------------------
-- Server version	5.6.15

/*!40101 SET @OLD_CHARACTER_SET_CLIENT=@@CHARACTER_SET_CLIENT */;
/*!40101 SET @OLD_CHARACTER_SET_RESULTS=@@CHARACTER_SET_RESULTS */;
/*!40101 SET @OLD_COLLATION_CONNECTION=@@COLLATION_CONNECTION */;
/*!40101 SET NAMES utf8 */;
/*!40103 SET @OLD_TIME_ZONE=@@TIME_ZONE */;
/*!40103 SET TIME_ZONE='+00:00' */;
/*!40014 SET @OLD_UNIQUE_CHECKS=@@UNIQUE_CHECKS, UNIQUE_CHECKS=0 */;
/*!40014 SET @OLD_FOREIGN_KEY_CHECKS=@@FOREIGN_KEY_CHECKS, FOREIGN_KEY_CHECKS=0 */;
/*!40101 SET @OLD_SQL_MODE=@@SQL_MODE, SQL_MODE='NO_AUTO_VALUE_ON_ZERO' */;
/*!40111 SET @OLD_SQL_NOTES=@@SQL_NOTES, SQL_NOTES=0 */;

--
-- Table structure for table `baskets`
--

DROP TABLE IF EXISTS `baskets`;
/*!40101 SET @saved_cs_client     = @@character_set_client */;
/*!40101 SET character_set_client = utf8 */;
CREATE TABLE `baskets` (
  `id` int(11) NOT NULL AUTO_INCREMENT,
  `code` varchar(255) COLLATE utf8_unicode_ci DEFAULT NULL,
  `created_at` datetime NOT NULL,
  `updated_at` datetime NOT NULL,
  PRIMARY KEY (`id`)
) ENGINE=InnoDB AUTO_INCREMENT=501 DEFAULT CHARSET=utf8 COLLATE=utf8_unicode_ci;
/*!40101 SET character_set_client = @saved_cs_client */;

--
-- Dumping data for table `baskets`
--

LOCK TABLES `baskets` WRITE;
/*!40000 ALTER TABLE `baskets` DISABLE KEYS */;
INSERT INTO `baskets` VALUES (1,'1-1A','2015-04-16 03:16:51','2015-04-16 03:16:51'),(2,'1-1B','2015-04-16 03:16:51','2015-04-16 03:16:51'),(3,'1-1C','2015-04-16 03:16:51','2015-04-16 03:16:51'),(4,'1-1D','2015-04-16 03:16:51','2015-04-16 03:16:51'),(5,'1-1E','2015-04-16 03:16:51','2015-04-16 03:16:51'),(6,'1-1F','2015-04-16 03:16:51','2015-04-16 03:16:51'),(7,'1-1G','2015-04-16 03:16:51','2015-04-16 03:16:51'),(8,'1-1H','2015-04-16 03:16:51','2015-04-16 03:16:51'),(9,'1-1I','2015-04-16 03:16:51','2015-04-16 03:16:51'),(10,'1-1J','2015-04-16 03:16:51','2015-04-16 03:16:51'),(11,'1-2A','2015-04-16 03:16:51','2015-04-16 03:16:51'),(12,'1-2B','2015-04-16 03:16:51','2015-04-16 03:16:51'),(13,'1-2C','2015-04-16 03:16:51','2015-04-16 03:16:51'),(14,'1-2D','2015-04-16 03:16:51','2015-04-16 03:16:51'),(15,'1-2E','2015-04-16 03:16:51','2015-04-16 03:16:51'),(16,'1-2F','2015-04-16 03:16:51','2015-04-16 03:16:51'),(17,'1-2G','2015-04-16 03:16:51','2015-04-16 03:16:51'),(18,'1-2H','2015-04-16 03:16:51','2015-04-16 03:16:51'),(19,'1-2I','2015-04-16 03:16:51','2015-04-16 03:16:51'),(20,'1-2J','2015-04-16 03:16:51','2015-04-16 03:16:51'),(21,'1-3A','2015-04-16 03:16:51','2015-04-16 03:16:51'),(22,'1-3B','2015-04-16 03:16:51','2015-04-16 03:16:51'),(23,'1-3C','2015-04-16 03:16:51','2015-04-16 03:16:51'),(24,'1-3D','2015-04-16 03:16:51','2015-04-16 03:16:51'),(25,'1-3E','2015-04-16 03:16:51','2015-04-16 03:16:51'),(26,'1-3F','2015-04-16 03:16:51','2015-04-16 03:16:51'),(27,'1-3G','2015-04-16 03:16:51','2015-04-16 03:16:51'),(28,'1-3H','2015-04-16 03:16:51','2015-04-16 03:16:51'),(29,'1-3I','2015-04-16 03:16:51','2015-04-16 03:16:51'),(30,'1-3J','2015-04-16 03:16:51','2015-04-16 03:16:51'),(31,'1-4A','2015-04-16 03:16:51','2015-04-16 03:16:51'),(32,'1-4B','2015-04-16 03:16:51','2015-04-16 03:16:51'),(33,'1-4C','2015-04-16 03:16:51','2015-04-16 03:16:51'),(34,'1-4D','2015-04-16 03:16:51','2015-04-16 03:16:51'),(35,'1-4E','2015-04-16 03:16:51','2015-04-16 03:16:51'),(36,'1-4F','2015-04-16 03:16:51','2015-04-16 03:16:51'),(37,'1-4G','2015-04-16 03:16:51','2015-04-16 03:16:51'),(38,'1-4H','2015-04-16 03:16:51','2015-04-16 03:16:51'),(39,'1-4I','2015-04-16 03:16:51','2015-04-16 03:16:51'),(40,'1-4J','2015-04-16 03:16:51','2015-04-16 03:16:51'),(41,'1-5A','2015-04-16 03:16:51','2015-04-16 03:16:51'),(42,'1-5B','2015-04-16 03:16:51','2015-04-16 03:16:51'),(43,'1-5C','2015-04-16 03:16:51','2015-04-16 03:16:51'),(44,'1-5D','2015-04-16 03:16:51','2015-04-16 03:16:51'),(45,'1-5E','2015-04-16 03:16:51','2015-04-16 03:16:51'),(46,'1-5F','2015-04-16 03:16:51','2015-04-16 03:16:51'),(47,'1-5G','2015-04-16 03:16:51','2015-04-16 03:16:51'),(48,'1-5H','2015-04-16 03:16:51','2015-04-16 03:16:51'),(49,'1-5I','2015-04-16 03:16:51','2015-04-16 03:16:51'),(50,'1-5J','2015-04-16 03:16:51','2015-04-16 03:16:51'),(51,'1-6A','2015-04-16 03:16:51','2015-04-16 03:16:51'),(52,'1-6B','2015-04-16 03:16:51','2015-04-16 03:16:51'),(53,'1-6C','2015-04-16 03:16:51','2015-04-16 03:16:51'),(54,'1-6D','2015-04-16 03:16:51','2015-04-16 03:16:51'),(55,'1-6E','2015-04-16 03:16:51','2015-04-16 03:16:51'),(56,'1-6F','2015-04-16 03:16:51','2015-04-16 03:16:51'),(57,'1-6G','2015-04-16 03:16:51','2015-04-16 03:16:51'),(58,'1-6H','2015-04-16 03:16:51','2015-04-16 03:16:51'),(59,'1-6I','2015-04-16 03:16:51','2015-04-16 03:16:51'),(60,'1-6J','2015-04-16 03:16:51','2015-04-16 03:16:51'),(61,'1-7A','2015-04-16 03:16:51','2015-04-16 03:16:51'),(62,'1-7B','2015-04-16 03:16:51','2015-04-16 03:16:51'),(63,'1-7C','2015-04-16 03:16:51','2015-04-16 03:16:51'),(64,'1-7D','2015-04-16 03:16:51','2015-04-16 03:16:51'),(65,'1-7E','2015-04-16 03:16:51','2015-04-16 03:16:51'),(66,'1-7F','2015-04-16 03:16:51','2015-04-16 03:16:51'),(67,'1-7G','2015-04-16 03:16:51','2015-04-16 03:16:51'),(68,'1-7H','2015-04-16 03:16:51','2015-04-16 03:16:51'),(69,'1-7I','2015-04-16 03:16:51','2015-04-16 03:16:51'),(70,'1-7J','2015-04-16 03:16:51','2015-04-16 03:16:51'),(71,'1-8A','2015-04-16 03:16:51','2015-04-16 03:16:51'),(72,'1-8B','2015-04-16 03:16:51','2015-04-16 03:16:51'),(73,'1-8C','2015-04-16 03:16:51','2015-04-16 03:16:51'),(74,'1-8D','2015-04-16 03:16:51','2015-04-16 03:16:51'),(75,'1-8E','2015-04-16 03:16:51','2015-04-16 03:16:51'),(76,'1-8F','2015-04-16 03:16:51','2015-04-16 03:16:51'),(77,'1-8G','2015-04-16 03:16:51','2015-04-16 03:16:51'),(78,'1-8H','2015-04-16 03:16:51','2015-04-16 03:16:51'),(79,'1-8I','2015-04-16 03:16:51','2015-04-16 03:16:51'),(80,'1-8J','2015-04-16 03:16:51','2015-04-16 03:16:51'),(81,'1-9A','2015-04-16 03:16:51','2015-04-16 03:16:51'),(82,'1-9B','2015-04-16 03:16:51','2015-04-16 03:16:51'),(83,'1-9C','2015-04-16 03:16:51','2015-04-16 03:16:51'),(84,'1-9D','2015-04-16 03:16:51','2015-04-16 03:16:51'),(85,'1-9E','2015-04-16 03:16:51','2015-04-16 03:16:51'),(86,'1-9F','2015-04-16 03:16:51','2015-04-16 03:16:51'),(87,'1-9G','2015-04-16 03:16:51','2015-04-16 03:16:51'),(88,'1-9H','2015-04-16 03:16:51','2015-04-16 03:16:51'),(89,'1-9I','2015-04-16 03:16:51','2015-04-16 03:16:51'),(90,'1-9J','2015-04-16 03:16:51','2015-04-16 03:16:51'),(91,'1-10A','2015-04-16 03:16:51','2015-04-16 03:16:51'),(92,'1-10B','2015-04-16 03:16:51','2015-04-16 03:16:51'),(93,'1-10C','2015-04-16 03:16:51','2015-04-16 03:16:51'),(94,'1-10D','2015-04-16 03:16:51','2015-04-16 03:16:51'),(95,'1-10E','2015-04-16 03:16:51','2015-04-16 03:16:51'),(96,'1-10F','2015-04-16 03:16:51','2015-04-16 03:16:51'),(97,'1-10G','2015-04-16 03:16:51','2015-04-16 03:16:51'),(98,'1-10H','2015-04-16 03:16:51','2015-04-16 03:16:51'),(99,'1-10I','2015-04-16 03:16:51','2015-04-16 03:16:51'),(100,'1-10J','2015-04-16 03:16:51','2015-04-16 03:16:51'),(101,'2-1A','2015-04-16 03:16:51','2015-04-16 03:16:51'),(102,'2-1B','2015-04-16 03:16:51','2015-04-16 03:16:51'),(103,'2-1C','2015-04-16 03:16:51','2015-04-16 03:16:51'),(104,'2-1D','2015-04-16 03:16:51','2015-04-16 03:16:51'),(105,'2-1E','2015-04-16 03:16:51','2015-04-16 03:16:51'),(106,'2-1F','2015-04-16 03:16:51','2015-04-16 03:16:51'),(107,'2-1G','2015-04-16 03:16:51','2015-04-16 03:16:51'),(108,'2-1H','2015-04-16 03:16:51','2015-04-16 03:16:51'),(109,'2-1I','2015-04-16 03:16:51','2015-04-16 03:16:51'),(110,'2-1J','2015-04-16 03:16:51','2015-04-16 03:16:51'),(111,'2-2A','2015-04-16 03:16:51','2015-04-16 03:16:51'),(112,'2-2B','2015-04-16 03:16:51','2015-04-16 03:16:51'),(113,'2-2C','2015-04-16 03:16:51','2015-04-16 03:16:51'),(114,'2-2D','2015-04-16 03:16:51','2015-04-16 03:16:51'),(115,'2-2E','2015-04-16 03:16:51','2015-04-16 03:16:51'),(116,'2-2F','2015-04-16 03:16:51','2015-04-16 03:16:51'),(117,'2-2G','2015-04-16 03:16:51','2015-04-16 03:16:51'),(118,'2-2H','2015-04-16 03:16:51','2015-04-16 03:16:51'),(119,'2-2I','2015-04-16 03:16:51','2015-04-16 03:16:51'),(120,'2-2J','2015-04-16 03:16:51','2015-04-16 03:16:51'),(121,'2-3A','2015-04-16 03:16:51','2015-04-16 03:16:51'),(122,'2-3B','2015-04-16 03:16:51','2015-04-16 03:16:51'),(123,'2-3C','2015-04-16 03:16:51','2015-04-16 03:16:51'),(124,'2-3D','2015-04-16 03:16:51','2015-04-16 03:16:51'),(125,'2-3E','2015-04-16 03:16:51','2015-04-16 03:16:51'),(126,'2-3F','2015-04-16 03:16:51','2015-04-16 03:16:51'),(127,'2-3G','2015-04-16 03:16:51','2015-04-16 03:16:51'),(128,'2-3H','2015-04-16 03:16:51','2015-04-16 03:16:51'),(129,'2-3I','2015-04-16 03:16:51','2015-04-16 03:16:51'),(130,'2-3J','2015-04-16 03:16:51','2015-04-16 03:16:51'),(131,'2-4A','2015-04-16 03:16:51','2015-04-16 03:16:51'),(132,'2-4B','2015-04-16 03:16:51','2015-04-16 03:16:51'),(133,'2-4C','2015-04-16 03:16:51','2015-04-16 03:16:51'),(134,'2-4D','2015-04-16 03:16:51','2015-04-16 03:16:51'),(135,'2-4E','2015-04-16 03:16:51','2015-04-16 03:16:51'),(136,'2-4F','2015-04-16 03:16:51','2015-04-16 03:16:51'),(137,'2-4G','2015-04-16 03:16:51','2015-04-16 03:16:51'),(138,'2-4H','2015-04-16 03:16:51','2015-04-16 03:16:51'),(139,'2-4I','2015-04-16 03:16:51','2015-04-16 03:16:51'),(140,'2-4J','2015-04-16 03:16:51','2015-04-16 03:16:51'),(141,'2-5A','2015-04-16 03:16:51','2015-04-16 03:16:51'),(142,'2-5B','2015-04-16 03:16:51','2015-04-16 03:16:51'),(143,'2-5C','2015-04-16 03:16:51','2015-04-16 03:16:51'),(144,'2-5D','2015-04-16 03:16:51','2015-04-16 03:16:51'),(145,'2-5E','2015-04-16 03:16:51','2015-04-16 03:16:51'),(146,'2-5F','2015-04-16 03:16:51','2015-04-16 03:16:51'),(147,'2-5G','2015-04-16 03:16:51','2015-04-16 03:16:51'),(148,'2-5H','2015-04-16 03:16:51','2015-04-16 03:16:51'),(149,'2-5I','2015-04-16 03:16:51','2015-04-16 03:16:51'),(150,'2-5J','2015-04-16 03:16:51','2015-04-16 03:16:51'),(151,'2-6A','2015-04-16 03:16:51','2015-04-16 03:16:51'),(152,'2-6B','2015-04-16 03:16:51','2015-04-16 03:16:51'),(153,'2-6C','2015-04-16 03:16:51','2015-04-16 03:16:51'),(154,'2-6D','2015-04-16 03:16:51','2015-04-16 03:16:51'),(155,'2-6E','2015-04-16 03:16:51','2015-04-16 03:16:51'),(156,'2-6F','2015-04-16 03:16:51','2015-04-16 03:16:51'),(157,'2-6G','2015-04-16 03:16:51','2015-04-16 03:16:51'),(158,'2-6H','2015-04-16 03:16:51','2015-04-16 03:16:51'),(159,'2-6I','2015-04-16 03:16:51','2015-04-16 03:16:51'),(160,'2-6J','2015-04-16 03:16:51','2015-04-16 03:16:51'),(161,'2-7A','2015-04-16 03:16:51','2015-04-16 03:16:51'),(162,'2-7B','2015-04-16 03:16:51','2015-04-16 03:16:51'),(163,'2-7C','2015-04-16 03:16:51','2015-04-16 03:16:51'),(164,'2-7D','2015-04-16 03:16:51','2015-04-16 03:16:51'),(165,'2-7E','2015-04-16 03:16:51','2015-04-16 03:16:51'),(166,'2-7F','2015-04-16 03:16:51','2015-04-16 03:16:51'),(167,'2-7G','2015-04-16 03:16:51','2015-04-16 03:16:51'),(168,'2-7H','2015-04-16 03:16:51','2015-04-16 03:16:51'),(169,'2-7I','2015-04-16 03:16:51','2015-04-16 03:16:51'),(170,'2-7J','2015-04-16 03:16:51','2015-04-16 03:16:51'),(171,'2-8A','2015-04-16 03:16:51','2015-04-16 03:16:51'),(172,'2-8B','2015-04-16 03:16:51','2015-04-16 03:16:51'),(173,'2-8C','2015-04-16 03:16:51','2015-04-16 03:16:51'),(174,'2-8D','2015-04-16 03:16:51','2015-04-16 03:16:51'),(175,'2-8E','2015-04-16 03:16:51','2015-04-16 03:16:51'),(176,'2-8F','2015-04-16 03:16:51','2015-04-16 03:16:51'),(177,'2-8G','2015-04-16 03:16:51','2015-04-16 03:16:51'),(178,'2-8H','2015-04-16 03:16:51','2015-04-16 03:16:51'),(179,'2-8I','2015-04-16 03:16:51','2015-04-16 03:16:51'),(180,'2-8J','2015-04-16 03:16:51','2015-04-16 03:16:51'),(181,'2-9A','2015-04-16 03:16:51','2015-04-16 03:16:51'),(182,'2-9B','2015-04-16 03:16:51','2015-04-16 03:16:51'),(183,'2-9C','2015-04-16 03:16:51','2015-04-16 03:16:51'),(184,'2-9D','2015-04-16 03:16:51','2015-04-16 03:16:51'),(185,'2-9E','2015-04-16 03:16:51','2015-04-16 03:16:51'),(186,'2-9F','2015-04-16 03:16:51','2015-04-16 03:16:51'),(187,'2-9G','2015-04-16 03:16:51','2015-04-16 03:16:51'),(188,'2-9H','2015-04-16 03:16:51','2015-04-16 03:16:51'),(189,'2-9I','2015-04-16 03:16:51','2015-04-16 03:16:51'),(190,'2-9J','2015-04-16 03:16:51','2015-04-16 03:16:51'),(191,'2-10A','2015-04-16 03:16:51','2015-04-16 03:16:51'),(192,'2-10B','2015-04-16 03:16:51','2015-04-16 03:16:51'),(193,'2-10C','2015-04-16 03:16:51','2015-04-16 03:16:51'),(194,'2-10D','2015-04-16 03:16:51','2015-04-16 03:16:51'),(195,'2-10E','2015-04-16 03:16:51','2015-04-16 03:16:51'),(196,'2-10F','2015-04-16 03:16:51','2015-04-16 03:16:51'),(197,'2-10G','2015-04-16 03:16:51','2015-04-16 03:16:51'),(198,'2-10H','2015-04-16 03:16:51','2015-04-16 03:16:51'),(199,'2-10I','2015-04-16 03:16:51','2015-04-16 03:16:51'),(200,'2-10J','2015-04-16 03:16:51','2015-04-16 03:16:51'),(201,'3-1A','2015-04-16 03:16:51','2015-04-16 03:16:51'),(202,'3-1B','2015-04-16 03:16:51','2015-04-16 03:16:51'),(203,'3-1C','2015-04-16 03:16:51','2015-04-16 03:16:51'),(204,'3-1D','2015-04-16 03:16:51','2015-04-16 03:16:51'),(205,'3-1E','2015-04-16 03:16:51','2015-04-16 03:16:51'),(206,'3-1F','2015-04-16 03:16:51','2015-04-16 03:16:51'),(207,'3-1G','2015-04-16 03:16:51','2015-04-16 03:16:51'),(208,'3-1H','2015-04-16 03:16:51','2015-04-16 03:16:51'),(209,'3-1I','2015-04-16 03:16:51','2015-04-16 03:16:51'),(210,'3-1J','2015-04-16 03:16:51','2015-04-16 03:16:51'),(211,'3-2A','2015-04-16 03:16:51','2015-04-16 03:16:51'),(212,'3-2B','2015-04-16 03:16:51','2015-04-16 03:16:51'),(213,'3-2C','2015-04-16 03:16:51','2015-04-16 03:16:51'),(214,'3-2D','2015-04-16 03:16:51','2015-04-16 03:16:51'),(215,'3-2E','2015-04-16 03:16:51','2015-04-16 03:16:51'),(216,'3-2F','2015-04-16 03:16:51','2015-04-16 03:16:51'),(217,'3-2G','2015-04-16 03:16:51','2015-04-16 03:16:51'),(218,'3-2H','2015-04-16 03:16:51','2015-04-16 03:16:51'),(219,'3-2I','2015-04-16 03:16:51','2015-04-16 03:16:51'),(220,'3-2J','2015-04-16 03:16:51','2015-04-16 03:16:51'),(221,'3-3A','2015-04-16 03:16:51','2015-04-16 03:16:51'),(222,'3-3B','2015-04-16 03:16:51','2015-04-16 03:16:51'),(223,'3-3C','2015-04-16 03:16:51','2015-04-16 03:16:51'),(224,'3-3D','2015-04-16 03:16:51','2015-04-16 03:16:51'),(225,'3-3E','2015-04-16 03:16:51','2015-04-16 03:16:51'),(226,'3-3F','2015-04-16 03:16:51','2015-04-16 03:16:51'),(227,'3-3G','2015-04-16 03:16:51','2015-04-16 03:16:51'),(228,'3-3H','2015-04-16 03:16:51','2015-04-16 03:16:51'),(229,'3-3I','2015-04-16 03:16:51','2015-04-16 03:16:51'),(230,'3-3J','2015-04-16 03:16:51','2015-04-16 03:16:51'),(231,'3-4A','2015-04-16 03:16:51','2015-04-16 03:16:51'),(232,'3-4B','2015-04-16 03:16:51','2015-04-16 03:16:51'),(233,'3-4C','2015-04-16 03:16:51','2015-04-16 03:16:51'),(234,'3-4D','2015-04-16 03:16:51','2015-04-16 03:16:51'),(235,'3-4E','2015-04-16 03:16:51','2015-04-16 03:16:51'),(236,'3-4F','2015-04-16 03:16:51','2015-04-16 03:16:51'),(237,'3-4G','2015-04-16 03:16:51','2015-04-16 03:16:51'),(238,'3-4H','2015-04-16 03:16:52','2015-04-16 03:16:52'),(239,'3-4I','2015-04-16 03:16:52','2015-04-16 03:16:52'),(240,'3-4J','2015-04-16 03:16:52','2015-04-16 03:16:52'),(241,'3-5A','2015-04-16 03:16:52','2015-04-16 03:16:52'),(242,'3-5B','2015-04-16 03:16:52','2015-04-16 03:16:52'),(243,'3-5C','2015-04-16 03:16:52','2015-04-16 03:16:52'),(244,'3-5D','2015-04-16 03:16:52','2015-04-16 03:16:52'),(245,'3-5E','2015-04-16 03:16:52','2015-04-16 03:16:52'),(246,'3-5F','2015-04-16 03:16:52','2015-04-16 03:16:52'),(247,'3-5G','2015-04-16 03:16:52','2015-04-16 03:16:52'),(248,'3-5H','2015-04-16 03:16:52','2015-04-16 03:16:52'),(249,'3-5I','2015-04-16 03:16:52','2015-04-16 03:16:52'),(250,'3-5J','2015-04-16 03:16:52','2015-04-16 03:16:52'),(251,'3-6A','2015-04-16 03:16:52','2015-04-16 03:16:52'),(252,'3-6B','2015-04-16 03:16:52','2015-04-16 03:16:52'),(253,'3-6C','2015-04-16 03:16:52','2015-04-16 03:16:52'),(254,'3-6D','2015-04-16 03:16:52','2015-04-16 03:16:52'),(255,'3-6E','2015-04-16 03:16:52','2015-04-16 03:16:52'),(256,'3-6F','2015-04-16 03:16:52','2015-04-16 03:16:52'),(257,'3-6G','2015-04-16 03:16:52','2015-04-16 03:16:52'),(258,'3-6H','2015-04-16 03:16:52','2015-04-16 03:16:52'),(259,'3-6I','2015-04-16 03:16:52','2015-04-16 03:16:52'),(260,'3-6J','2015-04-16 03:16:52','2015-04-16 03:16:52'),(261,'3-7A','2015-04-16 03:16:52','2015-04-16 03:16:52'),(262,'3-7B','2015-04-16 03:16:52','2015-04-16 03:16:52'),(263,'3-7C','2015-04-16 03:16:52','2015-04-16 03:16:52'),(264,'3-7D','2015-04-16 03:16:52','2015-04-16 03:16:52'),(265,'3-7E','2015-04-16 03:16:52','2015-04-16 03:16:52'),(266,'3-7F','2015-04-16 03:16:52','2015-04-16 03:16:52'),(267,'3-7G','2015-04-16 03:16:52','2015-04-16 03:16:52'),(268,'3-7H','2015-04-16 03:16:52','2015-04-16 03:16:52'),(269,'3-7I','2015-04-16 03:16:52','2015-04-16 03:16:52'),(270,'3-7J','2015-04-16 03:16:52','2015-04-16 03:16:52'),(271,'3-8A','2015-04-16 03:16:52','2015-04-16 03:16:52'),(272,'3-8B','2015-04-16 03:16:52','2015-04-16 03:16:52'),(273,'3-8C','2015-04-16 03:16:52','2015-04-16 03:16:52'),(274,'3-8D','2015-04-16 03:16:52','2015-04-16 03:16:52'),(275,'3-8E','2015-04-16 03:16:52','2015-04-16 03:16:52'),(276,'3-8F','2015-04-16 03:16:52','2015-04-16 03:16:52'),(277,'3-8G','2015-04-16 03:16:52','2015-04-16 03:16:52'),(278,'3-8H','2015-04-16 03:16:52','2015-04-16 03:16:52'),(279,'3-8I','2015-04-16 03:16:52','2015-04-16 03:16:52'),(280,'3-8J','2015-04-16 03:16:52','2015-04-16 03:16:52'),(281,'3-9A','2015-04-16 03:16:52','2015-04-16 03:16:52'),(282,'3-9B','2015-04-16 03:16:52','2015-04-16 03:16:52'),(283,'3-9C','2015-04-16 03:16:52','2015-04-16 03:16:52'),(284,'3-9D','2015-04-16 03:16:52','2015-04-16 03:16:52'),(285,'3-9E','2015-04-16 03:16:52','2015-04-16 03:16:52'),(286,'3-9F','2015-04-16 03:16:52','2015-04-16 03:16:52'),(287,'3-9G','2015-04-16 03:16:52','2015-04-16 03:16:52'),(288,'3-9H','2015-04-16 03:16:52','2015-04-16 03:16:52'),(289,'3-9I','2015-04-16 03:16:52','2015-04-16 03:16:52'),(290,'3-9J','2015-04-16 03:16:52','2015-04-16 03:16:52'),(291,'3-10A','2015-04-16 03:16:52','2015-04-16 03:16:52'),(292,'3-10B','2015-04-16 03:16:52','2015-04-16 03:16:52'),(293,'3-10C','2015-04-16 03:16:52','2015-04-16 03:16:52'),(294,'3-10D','2015-04-16 03:16:52','2015-04-16 03:16:52'),(295,'3-10E','2015-04-16 03:16:52','2015-04-16 03:16:52'),(296,'3-10F','2015-04-16 03:16:52','2015-04-16 03:16:52'),(297,'3-10G','2015-04-16 03:16:52','2015-04-16 03:16:52'),(298,'3-10H','2015-04-16 03:16:52','2015-04-16 03:16:52'),(299,'3-10I','2015-04-16 03:16:52','2015-04-16 03:16:52'),(300,'3-10J','2015-04-16 03:16:52','2015-04-16 03:16:52'),(301,'4-1A','2015-04-16 03:16:52','2015-04-16 03:16:52'),(302,'4-1B','2015-04-16 03:16:52','2015-04-16 03:16:52'),(303,'4-1C','2015-04-16 03:16:52','2015-04-16 03:16:52'),(304,'4-1D','2015-04-16 03:16:52','2015-04-16 03:16:52'),(305,'4-1E','2015-04-16 03:16:52','2015-04-16 03:16:52'),(306,'4-1F','2015-04-16 03:16:52','2015-04-16 03:16:52'),(307,'4-1G','2015-04-16 03:16:52','2015-04-16 03:16:52'),(308,'4-1H','2015-04-16 03:16:52','2015-04-16 03:16:52'),(309,'4-1I','2015-04-16 03:16:52','2015-04-16 03:16:52'),(310,'4-1J','2015-04-16 03:16:52','2015-04-16 03:16:52'),(311,'4-2A','2015-04-16 03:16:52','2015-04-16 03:16:52'),(312,'4-2B','2015-04-16 03:16:52','2015-04-16 03:16:52'),(313,'4-2C','2015-04-16 03:16:52','2015-04-16 03:16:52'),(314,'4-2D','2015-04-16 03:16:52','2015-04-16 03:16:52'),(315,'4-2E','2015-04-16 03:16:52','2015-04-16 03:16:52'),(316,'4-2F','2015-04-16 03:16:52','2015-04-16 03:16:52'),(317,'4-2G','2015-04-16 03:16:52','2015-04-16 03:16:52'),(318,'4-2H','2015-04-16 03:16:52','2015-04-16 03:16:52'),(319,'4-2I','2015-04-16 03:16:52','2015-04-16 03:16:52'),(320,'4-2J','2015-04-16 03:16:52','2015-04-16 03:16:52'),(321,'4-3A','2015-04-16 03:16:52','2015-04-16 03:16:52'),(322,'4-3B','2015-04-16 03:16:52','2015-04-16 03:16:52'),(323,'4-3C','2015-04-16 03:16:52','2015-04-16 03:16:52'),(324,'4-3D','2015-04-16 03:16:52','2015-04-16 03:16:52'),(325,'4-3E','2015-04-16 03:16:52','2015-04-16 03:16:52'),(326,'4-3F','2015-04-16 03:16:52','2015-04-16 03:16:52'),(327,'4-3G','2015-04-16 03:16:52','2015-04-16 03:16:52'),(328,'4-3H','2015-04-16 03:16:52','2015-04-16 03:16:52'),(329,'4-3I','2015-04-16 03:16:52','2015-04-16 03:16:52'),(330,'4-3J','2015-04-16 03:16:52','2015-04-16 03:16:52'),(331,'4-4A','2015-04-16 03:16:52','2015-04-16 03:16:52'),(332,'4-4B','2015-04-16 03:16:52','2015-04-16 03:16:52'),(333,'4-4C','2015-04-16 03:16:52','2015-04-16 03:16:52'),(334,'4-4D','2015-04-16 03:16:52','2015-04-16 03:16:52'),(335,'4-4E','2015-04-16 03:16:52','2015-04-16 03:16:52'),(336,'4-4F','2015-04-16 03:16:52','2015-04-16 03:16:52'),(337,'4-4G','2015-04-16 03:16:52','2015-04-16 03:16:52'),(338,'4-4H','2015-04-16 03:16:52','2015-04-16 03:16:52'),(339,'4-4I','2015-04-16 03:16:52','2015-04-16 03:16:52'),(340,'4-4J','2015-04-16 03:16:52','2015-04-16 03:16:52'),(341,'4-5A','2015-04-16 03:16:52','2015-04-16 03:16:52'),(342,'4-5B','2015-04-16 03:16:52','2015-04-16 03:16:52'),(343,'4-5C','2015-04-16 03:16:52','2015-04-16 03:16:52'),(344,'4-5D','2015-04-16 03:16:52','2015-04-16 03:16:52'),(345,'4-5E','2015-04-16 03:16:52','2015-04-16 03:16:52'),(346,'4-5F','2015-04-16 03:16:52','2015-04-16 03:16:52'),(347,'4-5G','2015-04-16 03:16:52','2015-04-16 03:16:52'),(348,'4-5H','2015-04-16 03:16:52','2015-04-16 03:16:52'),(349,'4-5I','2015-04-16 03:16:52','2015-04-16 03:16:52'),(350,'4-5J','2015-04-16 03:16:52','2015-04-16 03:16:52'),(351,'4-6A','2015-04-16 03:16:52','2015-04-16 03:16:52'),(352,'4-6B','2015-04-16 03:16:52','2015-04-16 03:16:52'),(353,'4-6C','2015-04-16 03:16:52','2015-04-16 03:16:52'),(354,'4-6D','2015-04-16 03:16:52','2015-04-16 03:16:52'),(355,'4-6E','2015-04-16 03:16:52','2015-04-16 03:16:52'),(356,'4-6F','2015-04-16 03:16:52','2015-04-16 03:16:52'),(357,'4-6G','2015-04-16 03:16:52','2015-04-16 03:16:52'),(358,'4-6H','2015-04-16 03:16:52','2015-04-16 03:16:52'),(359,'4-6I','2015-04-16 03:16:52','2015-04-16 03:16:52'),(360,'4-6J','2015-04-16 03:16:52','2015-04-16 03:16:52'),(361,'4-7A','2015-04-16 03:16:52','2015-04-16 03:16:52'),(362,'4-7B','2015-04-16 03:16:52','2015-04-16 03:16:52'),(363,'4-7C','2015-04-16 03:16:52','2015-04-16 03:16:52'),(364,'4-7D','2015-04-16 03:16:52','2015-04-16 03:16:52'),(365,'4-7E','2015-04-16 03:16:52','2015-04-16 03:16:52'),(366,'4-7F','2015-04-16 03:16:52','2015-04-16 03:16:52'),(367,'4-7G','2015-04-16 03:16:52','2015-04-16 03:16:52'),(368,'4-7H','2015-04-16 03:16:52','2015-04-16 03:16:52'),(369,'4-7I','2015-04-16 03:16:52','2015-04-16 03:16:52'),(370,'4-7J','2015-04-16 03:16:52','2015-04-16 03:16:52'),(371,'4-8A','2015-04-16 03:16:52','2015-04-16 03:16:52'),(372,'4-8B','2015-04-16 03:16:52','2015-04-16 03:16:52'),(373,'4-8C','2015-04-16 03:16:52','2015-04-16 03:16:52'),(374,'4-8D','2015-04-16 03:16:52','2015-04-16 03:16:52'),(375,'4-8E','2015-04-16 03:16:52','2015-04-16 03:16:52'),(376,'4-8F','2015-04-16 03:16:52','2015-04-16 03:16:52'),(377,'4-8G','2015-04-16 03:16:52','2015-04-16 03:16:52'),(378,'4-8H','2015-04-16 03:16:52','2015-04-16 03:16:52'),(379,'4-8I','2015-04-16 03:16:52','2015-04-16 03:16:52'),(380,'4-8J','2015-04-16 03:16:52','2015-04-16 03:16:52'),(381,'4-9A','2015-04-16 03:16:52','2015-04-16 03:16:52'),(382,'4-9B','2015-04-16 03:16:52','2015-04-16 03:16:52'),(383,'4-9C','2015-04-16 03:16:52','2015-04-16 03:16:52'),(384,'4-9D','2015-04-16 03:16:52','2015-04-16 03:16:52'),(385,'4-9E','2015-04-16 03:16:52','2015-04-16 03:16:52'),(386,'4-9F','2015-04-16 03:16:52','2015-04-16 03:16:52'),(387,'4-9G','2015-04-16 03:16:52','2015-04-16 03:16:52'),(388,'4-9H','2015-04-16 03:16:52','2015-04-16 03:16:52'),(389,'4-9I','2015-04-16 03:16:52','2015-04-16 03:16:52'),(390,'4-9J','2015-04-16 03:16:52','2015-04-16 03:16:52'),(391,'4-10A','2015-04-16 03:16:52','2015-04-16 03:16:52'),(392,'4-10B','2015-04-16 03:16:52','2015-04-16 03:16:52'),(393,'4-10C','2015-04-16 03:16:52','2015-04-16 03:16:52'),(394,'4-10D','2015-04-16 03:16:52','2015-04-16 03:16:52'),(395,'4-10E','2015-04-16 03:16:52','2015-04-16 03:16:52'),(396,'4-10F','2015-04-16 03:16:52','2015-04-16 03:16:52'),(397,'4-10G','2015-04-16 03:16:52','2015-04-16 03:16:52'),(398,'4-10H','2015-04-16 03:16:52','2015-04-16 03:16:52'),(399,'4-10I','2015-04-16 03:16:52','2015-04-16 03:16:52'),(400,'4-10J','2015-04-16 03:16:52','2015-04-16 03:16:52'),(401,'5-1A','2015-04-16 03:16:52','2015-04-16 03:16:52'),(402,'5-1B','2015-04-16 03:16:52','2015-04-16 03:16:52'),(403,'5-1C','2015-04-16 03:16:52','2015-04-16 03:16:52'),(404,'5-1D','2015-04-16 03:16:52','2015-04-16 03:16:52'),(405,'5-1E','2015-04-16 03:16:52','2015-04-16 03:16:52'),(406,'5-1F','2015-04-16 03:16:52','2015-04-16 03:16:52'),(407,'5-1G','2015-04-16 03:16:52','2015-04-16 03:16:52'),(408,'5-1H','2015-04-16 03:16:52','2015-04-16 03:16:52'),(409,'5-1I','2015-04-16 03:16:52','2015-04-16 03:16:52'),(410,'5-1J','2015-04-16 03:16:52','2015-04-16 03:16:52'),(411,'5-2A','2015-04-16 03:16:52','2015-04-16 03:16:52'),(412,'5-2B','2015-04-16 03:16:52','2015-04-16 03:16:52'),(413,'5-2C','2015-04-16 03:16:52','2015-04-16 03:16:52'),(414,'5-2D','2015-04-16 03:16:52','2015-04-16 03:16:52'),(415,'5-2E','2015-04-16 03:16:52','2015-04-16 03:16:52'),(416,'5-2F','2015-04-16 03:16:52','2015-04-16 03:16:52'),(417,'5-2G','2015-04-16 03:16:52','2015-04-16 03:16:52'),(418,'5-2H','2015-04-16 03:16:52','2015-04-16 03:16:52'),(419,'5-2I','2015-04-16 03:16:52','2015-04-16 03:16:52'),(420,'5-2J','2015-04-16 03:16:52','2015-04-16 03:16:52'),(421,'5-3A','2015-04-16 03:16:52','2015-04-16 03:16:52'),(422,'5-3B','2015-04-16 03:16:52','2015-04-16 03:16:52'),(423,'5-3C','2015-04-16 03:16:52','2015-04-16 03:16:52'),(424,'5-3D','2015-04-16 03:16:52','2015-04-16 03:16:52'),(425,'5-3E','2015-04-16 03:16:52','2015-04-16 03:16:52'),(426,'5-3F','2015-04-16 03:16:52','2015-04-16 03:16:52'),(427,'5-3G','2015-04-16 03:16:52','2015-04-16 03:16:52'),(428,'5-3H','2015-04-16 03:16:52','2015-04-16 03:16:52'),(429,'5-3I','2015-04-16 03:16:52','2015-04-16 03:16:52'),(430,'5-3J','2015-04-16 03:16:52','2015-04-16 03:16:52'),(431,'5-4A','2015-04-16 03:16:52','2015-04-16 03:16:52'),(432,'5-4B','2015-04-16 03:16:52','2015-04-16 03:16:52'),(433,'5-4C','2015-04-16 03:16:52','2015-04-16 03:16:52'),(434,'5-4D','2015-04-16 03:16:52','2015-04-16 03:16:52'),(435,'5-4E','2015-04-16 03:16:52','2015-04-16 03:16:52'),(436,'5-4F','2015-04-16 03:16:52','2015-04-16 03:16:52'),(437,'5-4G','2015-04-16 03:16:52','2015-04-16 03:16:52'),(438,'5-4H','2015-04-16 03:16:52','2015-04-16 03:16:52'),(439,'5-4I','2015-04-16 03:16:52','2015-04-16 03:16:52'),(440,'5-4J','2015-04-16 03:16:52','2015-04-16 03:16:52'),(441,'5-5A','2015-04-16 03:16:52','2015-04-16 03:16:52'),(442,'5-5B','2015-04-16 03:16:52','2015-04-16 03:16:52'),(443,'5-5C','2015-04-16 03:16:52','2015-04-16 03:16:52'),(444,'5-5D','2015-04-16 03:16:52','2015-04-16 03:16:52'),(445,'5-5E','2015-04-16 03:16:52','2015-04-16 03:16:52'),(446,'5-5F','2015-04-16 03:16:52','2015-04-16 03:16:52'),(447,'5-5G','2015-04-16 03:16:52','2015-04-16 03:16:52'),(448,'5-5H','2015-04-16 03:16:52','2015-04-16 03:16:52'),(449,'5-5I','2015-04-16 03:16:52','2015-04-16 03:16:52'),(450,'5-5J','2015-04-16 03:16:52','2015-04-16 03:16:52'),(451,'5-6A','2015-04-16 03:16:52','2015-04-16 03:16:52'),(452,'5-6B','2015-04-16 03:16:52','2015-04-16 03:16:52'),(453,'5-6C','2015-04-16 03:16:52','2015-04-16 03:16:52'),(454,'5-6D','2015-04-16 03:16:52','2015-04-16 03:16:52'),(455,'5-6E','2015-04-16 03:16:52','2015-04-16 03:16:52'),(456,'5-6F','2015-04-16 03:16:52','2015-04-16 03:16:52'),(457,'5-6G','2015-04-16 03:16:52','2015-04-16 03:16:52'),(458,'5-6H','2015-04-16 03:16:52','2015-04-16 03:16:52'),(459,'5-6I','2015-04-16 03:16:52','2015-04-16 03:16:52'),(460,'5-6J','2015-04-16 03:16:52','2015-04-16 03:16:52'),(461,'5-7A','2015-04-16 03:16:52','2015-04-16 03:16:52'),(462,'5-7B','2015-04-16 03:16:52','2015-04-16 03:16:52'),(463,'5-7C','2015-04-16 03:16:52','2015-04-16 03:16:52'),(464,'5-7D','2015-04-16 03:16:52','2015-04-16 03:16:52'),(465,'5-7E','2015-04-16 03:16:52','2015-04-16 03:16:52'),(466,'5-7F','2015-04-16 03:16:52','2015-04-16 03:16:52'),(467,'5-7G','2015-04-16 03:16:52','2015-04-16 03:16:52'),(468,'5-7H','2015-04-16 03:16:52','2015-04-16 03:16:52'),(469,'5-7I','2015-04-16 03:16:52','2015-04-16 03:16:52'),(470,'5-7J','2015-04-16 03:16:52','2015-04-16 03:16:52'),(471,'5-8A','2015-04-16 03:16:52','2015-04-16 03:16:52'),(472,'5-8B','2015-04-16 03:16:52','2015-04-16 03:16:52'),(473,'5-8C','2015-04-16 03:16:52','2015-04-16 03:16:52'),(474,'5-8D','2015-04-16 03:16:52','2015-04-16 03:16:52'),(475,'5-8E','2015-04-16 03:16:52','2015-04-16 03:16:52'),(476,'5-8F','2015-04-16 03:16:52','2015-04-16 03:16:52'),(477,'5-8G','2015-04-16 03:16:52','2015-04-16 03:16:52'),(478,'5-8H','2015-04-16 03:16:52','2015-04-16 03:16:52'),(479,'5-8I','2015-04-16 03:16:52','2015-04-16 03:16:52'),(480,'5-8J','2015-04-16 03:16:52','2015-04-16 03:16:52'),(481,'5-9A','2015-04-16 03:16:52','2015-04-16 03:16:52'),(482,'5-9B','2015-04-16 03:16:52','2015-04-16 03:16:52'),(483,'5-9C','2015-04-16 03:16:52','2015-04-16 03:16:52'),(484,'5-9D','2015-04-16 03:16:52','2015-04-16 03:16:52'),(485,'5-9E','2015-04-16 03:16:52','2015-04-16 03:16:52'),(486,'5-9F','2015-04-16 03:16:52','2015-04-16 03:16:52'),(487,'5-9G','2015-04-16 03:16:52','2015-04-16 03:16:52'),(488,'5-9H','2015-04-16 03:16:52','2015-04-16 03:16:52'),(489,'5-9I','2015-04-16 03:16:52','2015-04-16 03:16:52'),(490,'5-9J','2015-04-16 03:16:52','2015-04-16 03:16:52'),(491,'5-10A','2015-04-16 03:16:52','2015-04-16 03:16:52'),(492,'5-10B','2015-04-16 03:16:52','2015-04-16 03:16:52'),(493,'5-10C','2015-04-16 03:16:52','2015-04-16 03:16:52'),(494,'5-10D','2015-04-16 03:16:52','2015-04-16 03:16:52'),(495,'5-10E','2015-04-16 03:16:52','2015-04-16 03:16:52'),(496,'5-10F','2015-04-16 03:16:52','2015-04-16 03:16:52'),(497,'5-10G','2015-04-16 03:16:52','2015-04-16 03:16:52'),(498,'5-10H','2015-04-16 03:16:52','2015-04-16 03:16:52'),(499,'5-10I','2015-04-16 03:16:52','2015-04-16 03:16:52'),(500,'5-10J','2015-04-16 03:16:52','2015-04-16 03:16:52');
/*!40000 ALTER TABLE `baskets` ENABLE KEYS */;
UNLOCK TABLES;

--
-- Table structure for table `batches`
--

DROP TABLE IF EXISTS `batches`;
/*!40101 SET @saved_cs_client     = @@character_set_client */;
/*!40101 SET character_set_client = utf8 */;
CREATE TABLE `batches` (
  `id` int(11) NOT NULL AUTO_INCREMENT,
  `father_id` int(11) DEFAULT NULL,
  `basket_id` int(11) DEFAULT NULL,
  `mother_id` int(11) DEFAULT NULL,
  `breed_id` int(11) DEFAULT NULL,
  `quantity` int(11) DEFAULT NULL,
  `childbirthday` date DEFAULT NULL,
  `created_at` datetime NOT NULL,
  `updated_at` datetime NOT NULL,
  `use_val` int(11) DEFAULT NULL,
  PRIMARY KEY (`id`)
) ENGINE=InnoDB AUTO_INCREMENT=7 DEFAULT CHARSET=utf8 COLLATE=utf8_unicode_ci;
/*!40101 SET character_set_client = @saved_cs_client */;

--
-- Dumping data for table `batches`
--

LOCK TABLES `batches` WRITE;
/*!40000 ALTER TABLE `batches` DISABLE KEYS */;
INSERT INTO `batches` VALUES (1,27,19,20,14,6,'2015-05-26','2015-05-13 09:18:03','2015-05-13 09:18:03',6),(5,27,19,20,14,4,'2015-05-15','2015-05-13 09:28:55','2015-05-13 09:29:30',2),(6,27,19,20,14,5,'2015-05-20','2015-05-13 09:34:58','2015-05-13 09:37:33',1);
/*!40000 ALTER TABLE `batches` ENABLE KEYS */;
UNLOCK TABLES;

--
-- Table structure for table `breeds`
--

DROP TABLE IF EXISTS `breeds`;
/*!40101 SET @saved_cs_client     = @@character_set_client */;
/*!40101 SET character_set_client = utf8 */;
CREATE TABLE `breeds` (
  `id` int(11) NOT NULL AUTO_INCREMENT,
  `basket_id` int(11) DEFAULT NULL,
  `father_id` int(11) DEFAULT NULL,
  `mother_id` int(11) DEFAULT NULL,
  `cage_at` date DEFAULT NULL,
  `is_usable` tinyint(1) DEFAULT '1',
  `created_at` datetime NOT NULL,
  `updated_at` datetime NOT NULL,
  PRIMARY KEY (`id`)
) ENGINE=InnoDB AUTO_INCREMENT=15 DEFAULT CHARSET=utf8 COLLATE=utf8_unicode_ci;
/*!40101 SET character_set_client = @saved_cs_client */;

--
-- Dumping data for table `breeds`
--

LOCK TABLES `breeds` WRITE;
/*!40000 ALTER TABLE `breeds` DISABLE KEYS */;
INSERT INTO `breeds` VALUES (1,204,7,8,'2014-12-02',0,'2015-04-20 02:41:33','2015-05-12 02:08:36'),(2,228,9,10,'2014-12-29',1,'2015-04-20 03:10:44','2015-04-20 03:10:44'),(3,203,11,12,'2015-03-05',1,'2015-04-20 03:42:47','2015-04-20 03:42:47'),(5,221,13,14,'2015-03-18',1,'2015-04-20 06:17:46','2015-04-20 06:17:46'),(7,427,15,205,'2015-03-18',1,'2015-04-20 06:52:36','2015-04-20 06:52:36'),(8,103,17,18,'2015-03-26',1,'2015-04-20 06:55:35','2015-04-20 06:55:35'),(9,229,19,20,'2015-03-27',1,'2015-04-20 07:11:14','2015-04-20 07:11:14'),(10,215,21,22,'2014-10-13',1,'2015-04-20 07:15:59','2015-04-20 07:15:59'),(11,245,23,24,'2014-10-13',1,'2015-04-20 07:25:41','2015-05-12 01:57:07'),(12,222,25,26,'2014-12-29',1,'2015-04-20 07:27:17','2015-04-20 07:27:17'),(13,211,27,28,'2014-12-02',1,'2015-04-29 07:25:21','2015-04-29 07:25:21'),(14,19,27,20,'2015-05-13',1,'2015-05-13 09:17:10','2015-05-13 09:17:10');
/*!40000 ALTER TABLE `breeds` ENABLE KEYS */;
UNLOCK TABLES;

--
-- Table structure for table `breeds_infos`
--

DROP TABLE IF EXISTS `breeds_infos`;
/*!40101 SET @saved_cs_client     = @@character_set_client */;
/*!40101 SET character_set_client = utf8 */;
CREATE TABLE `breeds_infos` (
  `id` int(11) NOT NULL AUTO_INCREMENT,
  `breed_id` int(11) DEFAULT NULL,
  `batch_id` int(11) DEFAULT NULL,
  `operation_type` varchar(255) COLLATE utf8_unicode_ci DEFAULT NULL,
  `operation_by` int(11) DEFAULT NULL,
  `operation_at` date DEFAULT NULL,
  `quantity` int(11) DEFAULT NULL,
  `remark` text COLLATE utf8_unicode_ci,
  `created_at` datetime NOT NULL,
  `updated_at` datetime NOT NULL,
  `die_reason` text COLLATE utf8_unicode_ci,
  PRIMARY KEY (`id`)
) ENGINE=InnoDB AUTO_INCREMENT=9 DEFAULT CHARSET=utf8 COLLATE=utf8_unicode_ci;
/*!40101 SET character_set_client = @saved_cs_client */;

--
-- Dumping data for table `breeds_infos`
--

LOCK TABLES `breeds_infos` WRITE;
/*!40000 ALTER TABLE `breeds_infos` DISABLE KEYS */;
INSERT INTO `breeds_infos` VALUES (1,14,NULL,'合笼',1,'2015-05-13',NULL,'1162WT[WT]和5203[C57-mir191]的小鼠在1-2I合笼','2015-05-13 09:17:10','2015-05-13 09:17:10',NULL),(2,14,1,'分娩',1,'2015-05-26',NULL,'1162WT[WT]与5203[C57-mir191]的小鼠在2015-05-26诞生下6只小鼠','2015-05-13 09:18:03','2015-05-13 09:18:03',NULL),(3,14,2,'分娩',1,'2015-05-01',NULL,'1162WT[WT]与5203[C57-mir191]的小鼠在2015-05-01诞生下8只小鼠','2015-05-13 09:25:28','2015-05-13 09:25:28',NULL),(4,14,3,'分娩',1,'2015-05-01',NULL,'1162WT[WT]与5203[C57-mir191]的小鼠在2015-05-01诞生下8只小鼠','2015-05-13 09:25:29','2015-05-13 09:25:29',NULL),(5,14,4,'分娩',1,'2015-05-15',NULL,'1162WT[WT]与5203[C57-mir191]的小鼠在2015-05-15诞生下4只小鼠','2015-05-13 09:26:24','2015-05-13 09:26:24',NULL),(6,14,5,'分娩',1,'2015-05-15',NULL,'1162WT[WT]与5203[C57-mir191]的小鼠在2015-05-15诞生下4只小鼠','2015-05-13 09:28:56','2015-05-13 09:28:56',NULL),(7,14,6,'分娩',1,'2015-05-20',NULL,'1162WT[WT]与5203[C57-mir191]的小鼠在2015-05-20诞生下5只小鼠','2015-05-13 09:34:58','2015-05-13 09:34:58',NULL),(8,14,6,'????',1,'2015-05-15',2,'???6-2015-05-20?????2?,??????1???','2015-05-13 09:37:33','2015-05-13 09:37:33','afdasdg');
/*!40000 ALTER TABLE `breeds_infos` ENABLE KEYS */;
UNLOCK TABLES;

--
-- Table structure for table `mice`
--

DROP TABLE IF EXISTS `mice`;
/*!40101 SET @saved_cs_client     = @@character_set_client */;
/*!40101 SET character_set_client = utf8 */;
CREATE TABLE `mice` (
  `id` int(11) NOT NULL AUTO_INCREMENT,
  `strain_id` int(11) DEFAULT NULL,
  `code` varchar(255) COLLATE utf8_unicode_ci DEFAULT NULL,
  `generate_num` varchar(255) COLLATE utf8_unicode_ci DEFAULT NULL,
  `birthday` date DEFAULT NULL,
  `weaningday` date DEFAULT NULL,
  `gender` varchar(255) COLLATE utf8_unicode_ci DEFAULT NULL,
  `father_id` int(11) DEFAULT NULL,
  `father_code` varchar(255) COLLATE utf8_unicode_ci DEFAULT NULL,
  `mother_id` int(11) DEFAULT NULL,
  `mother_code` varchar(255) COLLATE utf8_unicode_ci DEFAULT NULL,
  `basket_id` int(11) DEFAULT NULL,
  `batch_id` int(11) DEFAULT NULL,
  `identification` varchar(255) COLLATE utf8_unicode_ci DEFAULT NULL,
  `is_survival` tinyint(1) DEFAULT '1',
  `gfp` decimal(8,2) DEFAULT NULL,
  `gfp_val` decimal(8,2) DEFAULT NULL,
  `created_at` datetime NOT NULL,
  `updated_at` datetime NOT NULL,
  PRIMARY KEY (`id`)
) ENGINE=InnoDB AUTO_INCREMENT=272 DEFAULT CHARSET=utf8 COLLATE=utf8_unicode_ci;
/*!40101 SET character_set_client = @saved_cs_client */;

--
-- Dumping data for table `mice`
--

LOCK TABLES `mice` WRITE;
/*!40000 ALTER TABLE `mice` DISABLE KEYS */;
INSERT INTO `mice` VALUES (1,1,'5204','F6','2015-02-09','2015-03-11','F',7,'4309',8,'3467',249,NULL,'CD45.1/CD45.2',1,96.95,5997.57,'2015-05-13 07:45:31','2015-05-13 07:54:27'),(2,1,NULL,'F7','2015-02-27','2015-04-10','M',NULL,'1166WT',NULL,'2589',202,NULL,'',1,0.00,NULL,'2015-05-13 07:45:31','2015-05-13 07:45:31'),(3,1,NULL,'F7','2015-02-27','2015-04-10','M',NULL,'1166WT',NULL,'2589',202,NULL,'',1,0.00,NULL,'2015-05-13 07:45:31','2015-05-13 07:45:31'),(4,1,NULL,'F7','2015-02-27','2015-04-10','F',NULL,'1166WT',NULL,'2589',212,NULL,'',1,0.00,NULL,'2015-05-13 07:45:31','2015-05-13 07:45:31'),(5,1,NULL,'F7','2015-02-27','2015-04-10','F',NULL,'1166WT',NULL,'2589',212,NULL,'',1,0.00,NULL,'2015-05-13 07:45:31','2015-05-13 07:45:31'),(6,1,NULL,'F7','2015-02-27','2015-04-10','F',NULL,'1166WT',NULL,'2589',212,NULL,'',1,0.00,NULL,'2015-05-13 07:45:32','2015-05-13 07:45:32'),(7,1,'4309','F5','2014-07-13','2014-09-09','M',NULL,'1950',NULL,'1103WT ',204,NULL,'CD45.1/CD45.2',1,89.58,4081.14,'2015-05-13 07:45:32','2015-05-13 07:45:32'),(8,1,'3467','F5','2014-07-30','2014-09-09','F',NULL,'1539',16,'WT ',204,NULL,'CD45.1/CD45.2',1,99.12,4343.79,'2015-05-13 07:45:32','2015-05-13 07:54:27'),(9,1,'3539','F6','2014-11-02','2014-12-02','M',NULL,'21WT',8,'3467',228,NULL,'CD45.1/CD45.2',1,91.90,5131.08,'2015-05-13 07:45:32','2015-05-13 07:54:27'),(10,8,'3068WT',NULL,'2014-11-03',NULL,'F',NULL,NULL,NULL,NULL,228,NULL,NULL,1,NULL,0.00,'2015-05-13 07:45:32','2015-05-13 07:45:32'),(11,1,'5417','F6','2014-12-24','2015-01-30','M',7,'4309',8,'3467',203,NULL,'CD45.1',1,95.51,4685.22,'2015-05-13 07:45:32','2015-05-13 07:54:27'),(12,1,'5416','F6','2014-12-24','2015-01-30','F',7,'4309',8,'3467',203,NULL,'CD45.2',1,93.80,4165.72,'2015-05-13 07:45:32','2015-05-13 07:54:27'),(13,1,'5402','F7','2015-01-22','2015-03-02','M',9,'3539',NULL,'3067/3068WT',221,NULL,'CD45.2',1,95.74,2173.94,'2015-05-13 07:45:32','2015-05-13 07:54:27'),(14,1,'5405','F7','2015-01-22','2015-03-02','F',9,'3539',NULL,'3067/3068WT',221,NULL,'CD45.1/CD45.2',1,97.20,2206.19,'2015-05-13 07:45:32','2015-05-13 07:54:27'),(15,1,'5403','F7','2015-01-22','2015-03-02','M',9,'3539',NULL,'3067/3068WT',427,NULL,'CD45.1/CD45.2',1,97.95,2344.53,'2015-05-13 07:45:32','2015-05-13 07:54:27'),(16,8,'WT',NULL,'2015-01-16',NULL,'F',NULL,NULL,NULL,NULL,427,NULL,NULL,1,NULL,0.00,'2015-05-13 07:45:32','2015-05-13 07:45:32'),(17,8,'WT',NULL,'2014-11-16',NULL,'M',NULL,NULL,NULL,NULL,103,NULL,NULL,1,NULL,0.00,'2015-05-13 07:45:32','2015-05-13 07:45:32'),(18,1,'5409','F7','2015-01-22','2015-03-02','F',9,'3539',NULL,'3067/3068WT',103,NULL,'CD45.1/CD45.2',1,97.12,2436.00,'2015-05-13 07:45:32','2015-05-13 07:54:27'),(19,1,'5201','F6','2015-02-09','2015-03-11','M',7,'4309',8,'3467',229,NULL,'CD45.1/CD45.2',1,91.20,4583.01,'2015-05-13 07:45:32','2015-05-13 07:54:27'),(20,1,'5203','F6','2015-02-09','2015-03-11','F',7,'4309',8,'3467',229,NULL,'CD45.1',1,95.98,8655.24,'2015-05-13 07:45:32','2015-05-13 07:54:27'),(21,2,'4281','F6','2014-08-31','2014-10-10','M',NULL,'2941',NULL,'4404wt',215,NULL,'CD45.2',1,99.29,16228.92,'2015-05-13 07:45:32','2015-05-13 07:45:32'),(22,2,'4286','F6','2014-08-31','2014-10-10','F',NULL,'2941',NULL,'4404wt',215,NULL,'CD45.1/CD45.2',1,83.75,16749.98,'2015-05-13 07:45:32','2015-05-13 07:45:32'),(23,2,'4282','F6','2014-08-31','2014-10-10','M',NULL,'2941',NULL,'4404wt',245,NULL,'CD45.2',1,99.25,17125.85,'2015-05-13 07:45:32','2015-05-13 07:45:32'),(24,2,'4287','F6','2014-08-31','2014-10-10','F',NULL,'2941',NULL,'4404wt',245,NULL,'CD45.1/CD45.2',1,90.02,15987.62,'2015-05-13 07:45:32','2015-05-13 07:45:32'),(25,2,'2457','F7','2014-10-18','2014-11-19','M',NULL,'1146WT',NULL,'3491',222,NULL,'CD45.1/CD45.2',1,96.99,17258.96,'2015-05-13 07:45:32','2015-05-13 07:45:32'),(26,8,'2001WT',NULL,'2014-11-03',NULL,'F',NULL,NULL,NULL,NULL,222,NULL,NULL,1,NULL,0.00,'2015-05-13 07:45:32','2015-05-13 07:45:32'),(27,8,'1162WT',NULL,'2014-08-01','2014-09-09','M',NULL,NULL,NULL,NULL,211,NULL,NULL,1,NULL,0.00,'2015-05-13 07:45:32','2015-05-13 07:45:32'),(28,2,'2438(2465)','F7','2014-10-18','2014-11-19','F',NULL,'1146WT',NULL,'3491',211,NULL,'CD45.1/CD45.2',1,96.28,18067.72,'2015-05-13 07:45:32','2015-05-13 07:45:32'),(29,2,'3041','F7','2014-11-12','2014-12-16','M',21,'4281',22,'4286',230,NULL,'CD45.1/CD45.2',1,99.60,8797.30,'2015-05-13 07:45:32','2015-05-13 07:54:27'),(30,2,'3051','F7','2014-11-13','2014-12-16','F',23,'4282',24,'4287',230,NULL,'CD45.1/CD45.2',1,99.70,8680.72,'2015-05-13 07:45:32','2015-05-13 07:54:27'),(31,2,'5872','F7','2015-01-14','2015-03-06','M',23,'4282',24,'4287',233,NULL,'CD45.1/CD45.2',1,98.07,8707.62,'2015-05-13 07:45:32','2015-05-13 07:54:27'),(32,2,'5873','F7','2015-01-14','2015-03-06','F',23,'4282',24,'4287',233,NULL,'CD45.1/CD45.2',1,97.19,9000.93,'2015-05-13 07:45:32','2015-05-13 07:54:27'),(33,2,'5871','F7','2015-01-14','2015-03-06','M',23,'4282',24,'4287',414,NULL,'CD45.1/CD45.2',1,95.88,8787.31,'2015-05-13 07:45:32','2015-05-13 07:54:27'),(34,2,'5413','F7','2015-01-03','2015-03-01','F',21,'4281',22,'4286',414,NULL,'CD45.1/CD45.2',1,98.79,8323.08,'2015-05-13 07:45:32','2015-05-13 07:54:27'),(35,2,'5876','F8','2015-01-20','2015-03-06','M',27,'1162WT',NULL,'2438',409,NULL,'CD45.1/CD45.2',1,98.35,8479.31,'2015-05-13 07:45:32','2015-05-13 07:54:27'),(36,8,'WT',NULL,'2015-01-16',NULL,'F',NULL,NULL,NULL,NULL,409,NULL,NULL,1,NULL,0.00,'2015-05-13 07:45:32','2015-05-13 07:45:32'),(37,2,'5206','F8','2015-02-11','2015-03-11','M',25,'2457',NULL,'2435/2001WT',421,NULL,'CD45.1/CD45.2',1,93.42,9504.87,'2015-05-13 07:45:32','2015-05-13 07:54:27'),(38,8,'WT',NULL,'2015-02-01',NULL,'F',NULL,NULL,NULL,NULL,421,NULL,NULL,1,NULL,0.00,'2015-05-13 07:45:32','2015-05-13 07:45:32'),(39,3,'2223','F4','2014-08-10','2014-09-11','F',NULL,'4957',NULL,'4959',226,NULL,'CD45.1',1,99.81,12151.20,'2015-05-13 07:45:32','2015-05-13 07:45:32'),(40,3,'2224','F4','2014-08-10','2014-09-11','F',NULL,'4957',NULL,'4959',226,NULL,'CD45.1',1,99.89,13596.11,'2015-05-13 07:45:32','2015-05-13 07:45:32'),(41,3,'2225','F4','2014-08-10','2014-09-11','F',NULL,'4957',NULL,'4959',226,NULL,'CD45.1',1,99.81,12502.77,'2015-05-13 07:45:32','2015-05-13 07:45:32'),(42,3,'4227','F4','2014-08-11','2014-09-11','F',NULL,'4956',NULL,'4958',226,NULL,'CD45.1/CD45.2',1,99.34,28932.45,'2015-05-13 07:45:32','2015-05-13 07:45:32'),(43,3,'4228','F4','2014-08-11','2014-09-11','F',NULL,'4956',NULL,'4958',226,NULL,'CD45.1/CD45.2',1,99.88,28335.94,'2015-05-13 07:45:32','2015-05-13 07:45:32'),(44,3,'4229','F3','2014-08-14','2014-09-11','M',NULL,'1622',NULL,'1623',261,NULL,'CD45.1',1,99.99,12675.57,'2015-05-13 07:45:32','2015-05-13 07:45:32'),(45,3,'4230','F3','2014-08-14','2014-09-11','M',NULL,'1622',NULL,'1623',261,NULL,'CD45.1',1,99.99,12287.84,'2015-05-13 07:45:32','2015-05-13 07:45:32'),(46,3,'4239','F4','2014-08-15','2014-09-18','M',NULL,'4956',NULL,'4958',247,NULL,'CD45.1/CD45.2',1,99.40,22287.27,'2015-05-13 07:45:32','2015-05-13 07:45:32'),(47,3,'4240','F4','2014-08-15','2014-09-18','M',NULL,'4956',NULL,'4958',247,NULL,'CD45.2',1,99.68,14334.02,'2015-05-13 07:45:32','2015-05-13 07:45:32'),(48,3,'4242','F4','2014-08-15','2014-09-18','M',NULL,'4956',NULL,'4958',247,NULL,'CD45.1/CD45.2',1,99.92,12833.39,'2015-05-13 07:45:32','2015-05-13 07:45:32'),(49,3,'3244','F3','2014-09-30','2014-11-03','M',NULL,'1622',NULL,'1623',397,NULL,'CD45.1',1,99.88,13712.07,'2015-05-13 07:45:32','2015-05-13 07:45:32'),(50,3,'3245','F3','2014-09-30','2014-11-03','M',NULL,'1622',NULL,'1623',397,NULL,'CD45.1',1,99.96,23612.55,'2015-05-13 07:45:32','2015-05-13 07:45:32'),(51,3,'3246','F3','2014-09-30','2014-11-03','F',NULL,'1622',NULL,'1623',398,NULL,'CD45.1/CD45.2',1,99.89,22921.29,'2015-05-13 07:45:32','2015-05-13 07:45:32'),(52,3,'3247','F3','2014-09-30','2014-11-03','F',NULL,'1622',NULL,'1623',398,NULL,'CD45.1',1,99.92,23771.45,'2015-05-13 07:45:32','2015-05-13 07:45:32'),(53,3,'3248','F3','2014-09-30','2014-11-03','F',NULL,'1622',NULL,'1623',398,NULL,'CD45.1',1,99.61,12847.72,'2015-05-13 07:45:32','2015-05-13 07:45:32'),(54,3,'3249','F3','2014-09-30','2014-11-03','F',NULL,'1622',NULL,'1623',398,NULL,'CD45.1/CD45.2',1,99.85,22083.17,'2015-05-13 07:45:32','2015-05-13 07:45:32'),(55,3,'3250','F3','2014-09-30','2014-11-03','F',NULL,'1622',NULL,'1623',398,NULL,'CD45.1/CD45.2',1,99.89,12420.57,'2015-05-13 07:45:32','2015-05-13 07:45:32'),(56,3,'2501','F4','2014-09-30','2014-11-03','M',NULL,'4956',NULL,'4958',392,NULL,'CD45.1/CD45.2',1,99.28,24446.39,'2015-05-13 07:45:32','2015-05-13 07:45:32'),(57,3,'2502','F4','2014-09-30','2014-11-03','M',NULL,'4956',NULL,'4958',392,NULL,'CD45.1/CD45.2',1,99.96,24935.05,'2015-05-13 07:45:32','2015-05-13 07:45:32'),(58,3,'2503','F4','2014-09-30','2014-11-03','M',NULL,'4956',NULL,'4958',392,NULL,'CD45.1/CD45.2',1,99.92,24210.00,'2015-05-13 07:45:32','2015-05-13 07:45:32'),(59,3,'2504','F4','2014-09-30','2014-11-03','M',NULL,'4956',NULL,'4958',392,NULL,'CD45.1',1,99.95,25639.89,'2015-05-13 07:45:32','2015-05-13 07:45:32'),(60,3,'3905','F5','2014-11-01','2014-12-01','M',NULL,'2216',NULL,'2220',217,NULL,'CD45.1',1,94.50,22453.16,'2015-05-13 07:45:32','2015-05-13 07:45:32'),(61,3,'3906','F5','2014-11-01','2014-12-01','M',NULL,'2216',NULL,'2220',217,NULL,'CD45.1',1,99.26,12629.34,'2015-05-13 07:45:32','2015-05-13 07:45:32'),(62,3,'3908','F5','2014-11-01','2014-12-01','M',NULL,'2216',NULL,'2220',217,NULL,'CD45.1',1,99.91,12993.31,'2015-05-13 07:45:32','2015-05-13 07:45:32'),(63,3,'3912','F5','2014-11-01','2014-12-01','M',88,'2213',89,'3655',254,NULL,'CD45.1',1,98.64,11611.59,'2015-05-13 07:45:32','2015-05-13 07:54:27'),(64,3,'3913','F5','2014-11-01','2014-12-01','M',88,'2213',89,'3655',254,NULL,'CD45.1',1,97.92,17212.06,'2015-05-13 07:45:32','2015-05-13 07:54:27'),(65,3,'3533','F4','2014-11-01','2014-12-01','F',NULL,'4315',NULL,'2206',175,NULL,'CD45.1',1,99.81,13193.10,'2015-05-13 07:45:32','2015-05-13 07:45:32'),(66,3,'3534','F4','2014-11-01','2014-12-01','F',NULL,'4315',NULL,'2206',175,NULL,'CD45.1',1,99.66,12429.23,'2015-05-13 07:45:32','2015-05-13 07:45:32'),(67,3,'3535','F4','2014-11-01','2014-12-01','F',NULL,'4315',NULL,'2206',175,NULL,'CD45.1',1,99.54,11279.39,'2015-05-13 07:45:32','2015-05-13 07:45:32'),(68,3,'3536','F4','2014-11-01','2014-12-01','F',NULL,'4315',NULL,'2206',175,NULL,'CD45.1',1,99.82,22079.13,'2015-05-13 07:45:32','2015-05-13 07:45:32'),(69,3,'744','F4','2014-11-30','2014-12-31','M',NULL,'4957',NULL,'4959',194,NULL,'',1,99.79,17244.01,'2015-05-13 07:45:32','2015-05-13 07:45:32'),(70,3,'745','F4','2014-11-30','2014-12-31','M',NULL,'4957',NULL,'4959',194,NULL,'',1,99.24,13832.12,'2015-05-13 07:45:32','2015-05-13 07:45:32'),(71,3,'746','F4','2014-11-30','2014-12-31','M',NULL,'4957',NULL,'4959',194,NULL,'',1,99.84,19743.96,'2015-05-13 07:45:32','2015-05-13 07:45:32'),(72,3,'608','F4','2014-12-01','2015-01-08','M',NULL,'4625',NULL,'4628',194,NULL,'',1,99.24,7215.78,'2015-05-13 07:45:32','2015-05-13 07:45:32'),(73,3,'767','F5','2014-12-06','2015-01-14','M',90,'2238',91,'2240',242,NULL,'',1,99.94,6167.38,'2015-05-13 07:45:32','2015-05-13 07:54:27'),(74,3,'768','F5','2014-12-06','2015-01-14','M',90,'2238',91,'2240',242,NULL,'',1,99.92,5903.28,'2015-05-13 07:45:32','2015-05-13 07:54:27'),(75,3,'769','F5','2014-12-06','2015-01-14','M',90,'2238',91,'2240',242,NULL,'',1,99.84,5851.37,'2015-05-13 07:45:32','2015-05-13 07:54:27'),(76,3,'770','F5','2014-12-06','2015-01-14','F',90,'2238',91,'2240',139,NULL,'',1,99.89,12944.09,'2015-05-13 07:45:32','2015-05-13 07:54:27'),(77,3,'771','F5','2014-12-06','2015-01-14','F',90,'2238',91,'2240',139,NULL,'',1,99.98,11601.97,'2015-05-13 07:45:32','2015-05-13 07:54:27'),(78,3,'5901 ','F5','2015-02-15','2015-03-26','M',86,'2217',87,'2205',202,NULL,'',1,99.81,11566.34,'2015-05-13 07:45:32','2015-05-13 07:54:27'),(79,3,'5903 ','F5','2015-02-15','2015-03-26','M',86,'2217',87,'2205',202,NULL,'',1,98.11,6533.77,'2015-05-13 07:45:32','2015-05-13 07:54:27'),(80,3,'5907 ','F5','2015-02-15','2015-03-26','F',86,'2217',87,'2205',212,NULL,'',1,91.18,7260.86,'2015-05-13 07:45:32','2015-05-13 07:54:27'),(81,3,'5904 ','F5','2015-02-15','2015-03-26','M',90,'2238',91,'2240',202,NULL,'',1,99.84,15020.64,'2015-05-13 07:45:32','2015-05-13 07:54:27'),(82,3,'5908 ','F5','2015-02-15','2015-03-26','F',90,'2238',91,'2240',212,NULL,'',1,99.04,13063.59,'2015-05-13 07:45:32','2015-05-13 07:54:27'),(83,3,'5909 ','F5','2015-02-15','2015-03-26','F',90,'2238',91,'2240',212,NULL,'',1,99.50,7605.66,'2015-05-13 07:45:32','2015-05-13 07:54:27'),(84,3,'2215','F4','2014-07-03','2014-09-09','M',NULL,'4625',NULL,'4628',238,NULL,'CD45.1',1,96.81,23834.81,'2015-05-13 07:45:32','2015-05-13 07:45:32'),(85,3,'2218','F4','2014-07-03','2014-09-09','F',NULL,'4625',NULL,'4628',238,NULL,'CD45.1',1,99.82,13549.47,'2015-05-13 07:45:32','2015-05-13 07:45:32'),(86,3,'2217','F4','2014-07-03','2014-09-09','M',NULL,'4625',NULL,'4628',246,NULL,'CD45.1',1,99.79,12027.08,'2015-05-13 07:45:32','2015-05-13 07:45:32'),(87,3,'2205','F3','2014-07-08','2014-09-09','F',NULL,'1620',NULL,'1624',246,NULL,'CD45.1',1,97.30,11411.44,'2015-05-13 07:45:32','2015-05-13 07:45:32'),(88,3,'2213','F4','2014-07-03','2014-09-09','M',NULL,'4625',NULL,'4628',214,NULL,'CD45.1',1,99.79,12254.72,'2015-05-13 07:45:32','2015-05-13 07:45:32'),(89,3,'3655','F3','2014-05-29','2014-06-30','F',NULL,'1620',NULL,'1624',214,NULL,'CD45.1',1,93.26,6893.26,'2015-05-13 07:45:32','2015-05-13 07:45:32'),(90,3,'2238','F4','2014-08-20','2014-09-25','M',NULL,'4625',NULL,'4628',201,NULL,'CD45.1',1,98.56,24042.92,'2015-05-13 07:45:32','2015-05-13 07:45:32'),(91,3,'2240','F4','2014-08-29','2014-09-25','F',NULL,'1526',NULL,'1528',201,NULL,'CD45.1',1,99.89,15367.72,'2015-05-13 07:45:32','2015-05-13 07:45:32'),(92,3,'5418 ','F5','2014-12-24','2015-01-30','M',NULL,'2216',NULL,'2220',253,NULL,'',1,99.18,12556.59,'2015-05-13 07:45:32','2015-05-13 07:45:32'),(93,3,'5419 ','F5','2014-12-24','2015-01-30','F',NULL,'2216',NULL,'2220',253,NULL,'',1,99.16,7137.82,'2015-05-13 07:45:32','2015-05-13 07:45:32'),(94,4,NULL,'F8','2015-02-23','2015-04-10','M',101,'3031',102,'3033',259,NULL,'',1,0.00,NULL,'2015-05-13 07:45:32','2015-05-13 07:54:27'),(95,4,NULL,'F8','2015-02-23','2015-04-10','M',101,'3031',102,'3033',259,NULL,'',1,0.00,NULL,'2015-05-13 07:45:32','2015-05-13 07:54:27'),(96,4,NULL,'F8','2015-02-23','2015-04-10','F',101,'3031',102,'3033',241,NULL,'',1,0.00,NULL,'2015-05-13 07:45:32','2015-05-13 07:54:27'),(97,4,NULL,'F9','2015-02-27','2015-04-10','F',103,'748',104,'682',197,NULL,'',1,0.00,NULL,'2015-05-13 07:45:32','2015-05-13 07:54:27'),(98,4,NULL,'F9','2015-02-27','2015-04-10','F',103,'748',104,'682',197,NULL,'',1,0.00,NULL,'2015-05-13 07:45:32','2015-05-13 07:54:27'),(99,4,'1432','F7','2014-08-29','2014-09-25','M',NULL,'4111',NULL,'1107WT',411,NULL,'',1,99.61,10411.87,'2015-05-13 07:45:32','2015-05-13 07:45:32'),(100,8,'3594WT',NULL,'2014-10-14',NULL,'F',NULL,NULL,NULL,NULL,411,NULL,NULL,1,NULL,0.00,'2015-05-13 07:45:32','2015-05-13 07:45:32'),(101,4,'3031','F7','2014-11-13','2014-12-16','M',NULL,'4378',NULL,'1152WT',224,NULL,'',1,93.80,4590.77,'2015-05-13 07:45:32','2015-05-13 07:45:32'),(102,4,'3033','F7','2014-11-13','2014-12-16','F',NULL,'4378',NULL,'1152WT',224,NULL,'',1,93.40,4921.43,'2015-05-13 07:45:32','2015-05-13 07:45:32'),(103,4,'748','F8','2014-12-02','2015-01-08','M',99,'1432',NULL,'4587',205,NULL,'',1,99.81,4891.84,'2015-05-13 07:45:32','2015-05-13 07:54:27'),(104,4,'682','F8','2014-12-02','2015-01-08','F',99,'1432',NULL,'4587',205,NULL,'',1,99.72,4309.64,'2015-05-13 07:45:32','2015-05-13 07:54:27'),(105,4,'749','F8','2014-12-02','2015-01-08','M',99,'1432',NULL,'4587',207,NULL,'',1,99.87,4717.42,'2015-05-13 07:45:32','2015-05-13 07:54:27'),(106,4,'683','F8','2014-12-02','2015-01-08','F',99,'1432',NULL,'4587',207,NULL,'',1,99.68,4976.64,'2015-05-13 07:45:32','2015-05-13 07:54:27'),(107,8,'5420WT',NULL,'2014-12-22',NULL,'M',NULL,NULL,NULL,NULL,213,NULL,NULL,1,NULL,0.00,'2015-05-13 07:45:32','2015-05-13 07:45:32'),(108,4,'5104','F8','2015-02-03','2015-03-01','F',NULL,'1150WT',NULL,'4588',213,NULL,'',1,98.61,4596.40,'2015-05-13 07:45:32','2015-05-13 07:45:32'),(109,4,'5889','F8','2015-02-02','2015-03-06','M',NULL,'1150WT',NULL,'4588',428,NULL,'',1,93.23,5751.97,'2015-05-13 07:45:32','2015-05-13 07:45:32'),(110,8,'WT',NULL,'2015-01-16',NULL,'F',NULL,NULL,NULL,NULL,428,NULL,NULL,1,NULL,0.00,'2015-05-13 07:45:32','2015-05-13 07:45:32'),(111,4,'5211','F8','2015-02-15','2015-03-18','M',NULL,'1491WT',NULL,'4589',273,NULL,'',1,91.68,4552.85,'2015-05-13 07:45:32','2015-05-13 07:45:32'),(112,8,'WT',NULL,'2015-02-01',NULL,'F',NULL,NULL,NULL,NULL,273,NULL,NULL,1,NULL,0.00,'2015-05-13 07:45:32','2015-05-13 07:45:32'),(113,4,'5215','F8','2015-02-15','2015-03-18','F',NULL,'1491WT',NULL,'4589',273,NULL,'',1,89.49,4459.69,'2015-05-13 07:45:32','2015-05-13 07:45:32'),(114,5,'5895','F6','2015-02-05','2015-03-06','M',128,'4322',129,'1439',265,NULL,'',1,94.88,6621.58,'2015-05-13 07:45:32','2015-05-13 07:54:27'),(115,5,'5896','F6','2015-02-05','2015-03-06','M',128,'4322',129,'1439',265,NULL,'',1,96.91,6726.66,'2015-05-13 07:45:32','2015-05-13 07:54:27'),(116,5,'5897','F6','2015-02-05','2015-03-06','F',128,'4322',129,'1439',236,NULL,'',1,96.26,6584.38,'2015-05-13 07:45:32','2015-05-13 07:54:27'),(117,5,'5899','F7','2015-02-06','2015-03-06','F',130,'3579',131,'3581',236,NULL,'',1,96.08,6387.30,'2015-05-13 07:45:32','2015-05-13 07:54:27'),(118,5,NULL,'F7','2015-02-21','2015-04-10','M',NULL,'4302',NULL,'2415',282,NULL,'',1,0.00,NULL,'2015-05-13 07:45:32','2015-05-13 07:45:32'),(119,5,NULL,'F7','2015-02-21','2015-04-10','M',NULL,'4302',NULL,'2415',282,NULL,'',1,0.00,NULL,'2015-05-13 07:45:32','2015-05-13 07:45:32'),(120,5,NULL,'F7','2015-02-21','2015-04-10','F',NULL,'4302',NULL,'2415',199,NULL,'',1,0.00,NULL,'2015-05-13 07:45:32','2015-05-13 07:45:32'),(121,5,NULL,'F7','2015-02-28','2015-04-10','M',NULL,'2414',NULL,'3069',223,NULL,'',1,0.00,NULL,'2015-05-13 07:45:32','2015-05-13 07:45:32'),(122,5,NULL,'F7','2015-02-28','2015-04-10','M',NULL,'2414',NULL,'3069',223,NULL,'',1,0.00,NULL,'2015-05-13 07:45:32','2015-05-13 07:45:32'),(123,5,NULL,'F7','2015-02-28','2015-04-10','M',NULL,'2414',NULL,'3069',223,NULL,'',1,0.00,NULL,'2015-05-13 07:45:32','2015-05-13 07:45:32'),(124,5,NULL,'F7','2015-02-28','2015-04-10','F',NULL,'2414',NULL,'3069',244,NULL,'',1,0.00,NULL,'2015-05-13 07:45:32','2015-05-13 07:45:32'),(125,5,NULL,'F7','2015-02-28','2015-04-10','F',NULL,'2414',NULL,'3069',244,NULL,'',1,0.00,NULL,'2015-05-13 07:45:32','2015-05-13 07:45:32'),(126,5,NULL,'F7','2015-02-28','2015-04-10','F',NULL,'2414',NULL,'3069',244,NULL,'',1,0.00,NULL,'2015-05-13 07:45:32','2015-05-13 07:45:32'),(127,5,NULL,'F7','2015-02-28','2015-04-10','F',NULL,'2414',NULL,'3069',244,NULL,'',1,0.00,NULL,'2015-05-13 07:45:32','2015-05-13 07:45:32'),(128,5,'4322','F5','2014-07-10','2014-09-09','M',NULL,'1531',NULL,'1109wt',210,NULL,'',1,90.45,6735.20,'2015-05-13 07:45:32','2015-05-13 07:45:32'),(129,5,'1439','F5','2014-08-20','2014-09-25','F',NULL,'1531',NULL,'1109wt',210,NULL,'',1,94.95,10836.40,'2015-05-13 07:45:32','2015-05-13 07:45:32'),(130,5,'3579','F6','2014-10-29','2014-12-01','M',NULL,'1160WT',NULL,'4329',283,NULL,'',1,98.80,11724.44,'2015-05-13 07:45:32','2015-05-13 07:45:32'),(131,5,'3581','F6','2014-10-29','2014-12-01','F',NULL,'1160WT',NULL,'4329',283,NULL,'',1,99.44,12332.37,'2015-05-13 07:45:32','2015-05-13 07:45:32'),(132,5,'1200','F6','2014-11-04','2014-12-11','M',NULL,'1163WT',129,'1439',292,NULL,'',1,98.94,6452.89,'2015-05-13 07:45:32','2015-05-13 07:54:27'),(133,5,'3034','F6','2014-11-15','2014-12-16','F',27,'1162WT',NULL,'4324',292,NULL,'',1,97.15,6097.94,'2015-05-13 07:45:32','2015-05-13 07:54:27'),(134,5,'5105','F7','2015-01-03','2015-03-01','M',NULL,'2414',NULL,'3069WT',256,NULL,'',1,93.26,4892.46,'2015-05-13 07:45:32','2015-05-13 07:45:32'),(135,8,'5421WT',NULL,'2014-12-28',NULL,'F',NULL,NULL,NULL,NULL,256,NULL,NULL,1,NULL,0.00,'2015-05-13 07:45:32','2015-05-13 07:45:32'),(136,8,'5422WT',NULL,'2014-12-22',NULL,'M',NULL,NULL,NULL,NULL,208,NULL,NULL,1,NULL,0.00,'2015-05-13 07:45:32','2015-05-13 07:45:32'),(137,5,'5107','F7','2015-01-03','2015-03-01','F',NULL,'2414',NULL,'3069WT',208,NULL,'',1,89.92,5072.50,'2015-05-13 07:45:32','2015-05-13 07:45:32'),(138,5,'5805（左1 21）','F6','2014-12-27','2015-01-30','M',NULL,'4591',NULL,'4594',234,NULL,'',1,99.15,11505.88,'2015-05-13 07:45:32','2015-05-13 07:45:32'),(139,5,'5806（左1 24）','F6','2014-12-27','2015-01-30','F',NULL,'4591',NULL,'4594',234,NULL,'',1,97.60,10561.59,'2015-05-13 07:45:32','2015-05-13 07:45:32'),(140,5,'686','F6','2014-11-25','2014-12-29','M',NULL,'1435',NULL,'1440',352,NULL,'',1,99.35,12910.59,'2015-05-13 07:45:32','2015-05-13 07:45:32'),(141,5,'691','F6','2014-11-25','2014-12-29','F',NULL,'1435',NULL,'1440',352,NULL,'',1,99.03,6722.23,'2015-05-13 07:45:32','2015-05-13 07:45:32'),(142,6,'5912','F7','2015-02-18','2015-03-06','M',150,'4202',151,'4206',190,NULL,'',1,95.24,4888.82,'2015-05-13 07:45:32','2015-05-13 07:54:27'),(143,6,'5913','F7','2015-02-18','2015-03-06','M',150,'4202',151,'4206',190,NULL,'',1,0.60,3653.23,'2015-05-13 07:45:32','2015-05-13 07:54:27'),(144,6,'5914','F7','2015-02-18','2015-03-06','M',150,'4202',151,'4206',190,NULL,'',1,94.41,4859.00,'2015-05-13 07:45:32','2015-05-13 07:54:27'),(145,6,'5915','F7','2015-02-18','2015-03-06','M',150,'4202',151,'4206',190,NULL,'',1,87.19,3328.64,'2015-05-13 07:45:32','2015-05-13 07:54:27'),(146,6,'5916','F7','2015-02-18','2015-03-06','F',150,'4202',151,'4206',168,NULL,'',1,86.69,3297.82,'2015-05-13 07:45:32','2015-05-13 07:54:28'),(147,6,'5917','F7','2015-02-18','2015-03-06','F',150,'4202',151,'4206',168,NULL,'',1,74.88,2968.77,'2015-05-13 07:45:32','2015-05-13 07:54:28'),(148,6,'1442','F6','2014-08-25','2014-09-25','M',NULL,'2179',NULL,'4409WT',281,NULL,'',1,92.04,4714.18,'2015-05-13 07:45:32','2015-05-13 07:45:32'),(149,6,'1448','F6','2014-08-25','2014-09-25','F',NULL,'2179',NULL,'4409WT',281,NULL,'',1,93.46,4510.24,'2015-05-13 07:45:32','2015-05-13 07:45:32'),(150,6,'4202','F6','2014-08-18','2014-09-18','M',NULL,'2178',NULL,'4407/4408WT',251,NULL,'',1,96.38,5203.12,'2015-05-13 07:45:32','2015-05-13 07:45:32'),(151,6,'4206','F6','2014-08-18','2014-09-18','F',NULL,'2178',NULL,'4407/4408WT',251,NULL,'',1,97.12,4571.10,'2015-05-13 07:45:32','2015-05-13 07:45:32'),(152,8,'2005WT',NULL,'2014-11-03',NULL,'M',NULL,NULL,NULL,NULL,268,NULL,NULL,1,NULL,0.00,'2015-05-13 07:45:32','2015-05-13 07:45:32'),(153,6,'1195','F7','2014-11-08','2014-12-15','F',NULL,'1166WT',NULL,'4203',268,NULL,'',1,93.65,2601.25,'2015-05-13 07:45:32','2015-05-13 07:45:32'),(154,6,'4201','F6','2014-08-18','2014-09-18','M',NULL,'2178',NULL,'4407/4408WT',258,NULL,'',1,96.78,4754.52,'2015-05-13 07:45:32','2015-05-13 07:45:32'),(155,8,'630WT',NULL,'2014-11-03',NULL,'F',NULL,NULL,NULL,NULL,258,NULL,NULL,1,NULL,0.00,'2015-05-13 07:45:32','2015-05-13 07:45:32'),(156,6,'604','F7','2014-11-30','2014-12-29','M',150,'4202',NULL,'1165WT',232,NULL,'',1,92.05,2894.75,'2015-05-13 07:45:32','2015-05-13 07:54:28'),(157,8,'5423WT',NULL,'2014-12-28',NULL,'F',NULL,NULL,NULL,NULL,232,NULL,NULL,1,NULL,0.00,'2015-05-13 07:45:32','2015-05-13 07:45:32'),(158,6,'5115','F7','2015-01-03','2015-03-01','M',NULL,'1167WT',NULL,'4205/4203',231,NULL,'',1,88.92,2394.26,'2015-05-13 07:45:32','2015-05-13 07:45:32'),(159,6,'5119','F7','2015-01-03','2015-03-01','F',NULL,'1167WT',NULL,'4205/4203',231,NULL,'',1,92.62,2309.83,'2015-05-13 07:45:32','2015-05-13 07:45:32'),(160,8,'WT',NULL,'2014-11-16',NULL,'M',NULL,NULL,NULL,NULL,235,NULL,NULL,1,NULL,0.00,'2015-05-13 07:45:32','2015-05-13 07:45:32'),(161,6,'5395','F8','2015-01-28','2015-03-06','F',152,'2005WT',153,'1195',235,NULL,'',1,97.56,2420.31,'2015-05-13 07:45:32','2015-05-13 07:54:28'),(162,6,'5885','F7','2015-01-21','2015-03-06','M',148,'1442',149,'1448',219,NULL,'',1,99.25,4658.34,'2015-05-13 07:45:32','2015-05-13 07:54:28'),(163,6,'5887','F7','2015-01-21','2015-03-06','F',148,'1442',149,'1448',219,NULL,'',1,98.92,4723.53,'2015-05-13 07:45:32','2015-05-13 07:54:28'),(164,6,'5803','F8','2015-01-28','2015-03-06','M',152,'2005WT',153,'1195',280,NULL,'',1,92.31,2710.93,'2015-05-13 07:45:32','2015-05-13 07:54:28'),(165,8,'WT',NULL,'2015-02-01',NULL,'F',NULL,NULL,NULL,NULL,280,NULL,NULL,1,NULL,0.00,'2015-05-13 07:45:32','2015-05-13 07:45:32'),(166,7,'5218','F5','2015-02-18','2015-03-18','M',NULL,'4294',NULL,'1169WT',227,NULL,'',1,99.09,11955.46,'2015-05-13 07:45:32','2015-05-13 07:45:32'),(167,7,'5220','F5','2015-02-18','2015-03-18','M',NULL,'4294',NULL,'1169WT',227,NULL,'',1,98.74,12272.02,'2015-05-13 07:45:32','2015-05-13 07:45:32'),(168,7,'5221','F5','2015-02-18','2015-03-18','F',NULL,'4294',NULL,'1169WT',366,NULL,'',1,99.69,12679.19,'2015-05-13 07:45:32','2015-05-13 07:45:32'),(169,7,'5222','F5','2015-02-18','2015-03-18','F',NULL,'4294',NULL,'1169WT',366,NULL,'',1,99.74,12237.73,'2015-05-13 07:45:32','2015-05-13 07:45:32'),(170,7,'5224','F5','2015-02-18','2015-03-18','F',NULL,'4294',NULL,'1169WT',366,NULL,'',1,99.28,12690.56,'2015-05-13 07:45:32','2015-05-13 07:45:32'),(171,7,'5225','F5','2015-02-18','2015-03-18','F',NULL,'4294',NULL,'1169WT',366,NULL,'',1,99.24,12987.55,'2015-05-13 07:45:32','2015-05-13 07:45:32'),(172,7,'5918','F5','2015-02-15','2015-03-26','M',190,'4291',NULL,'6212',165,NULL,'',1,89.69,18073.05,'2015-05-13 07:45:33','2015-05-13 07:54:28'),(173,7,'5919','F5','2015-02-15','2015-03-26','M',190,'4291',NULL,'6212',165,NULL,'',1,99.79,14258.53,'2015-05-13 07:45:33','2015-05-13 07:54:28'),(174,7,'5920','F5','2015-02-15','2015-03-26','M',190,'4291',NULL,'6212',165,NULL,'',1,26.59,13382.36,'2015-05-13 07:45:33','2015-05-13 07:54:28'),(175,7,'5921','F5','2015-02-15','2015-03-26','M',190,'4291',NULL,'6212',165,NULL,'',1,97.46,17748.59,'2015-05-13 07:45:33','2015-05-13 07:54:28'),(176,7,'5922','F5','2015-02-15','2015-03-26','F',190,'4291',NULL,'6212',166,NULL,'',1,99.89,14073.45,'2015-05-13 07:45:33','2015-05-13 07:54:28'),(177,7,'5923','F5','2015-02-19','2015-03-26','M',NULL,'2417',NULL,'2436/2003WT',424,NULL,'',1,99.72,11978.53,'2015-05-13 07:45:33','2015-05-13 07:45:33'),(178,7,'5924','F5','2015-02-19','2015-03-26','M',NULL,'2417',NULL,'2436/2003WT',424,NULL,'',1,99.91,12651.02,'2015-05-13 07:45:33','2015-05-13 07:45:33'),(179,7,'5925','F5','2015-02-19','2015-03-26','M',NULL,'2417',NULL,'2436/2003WT',424,NULL,'',1,99.55,15507.64,'2015-05-13 07:45:33','2015-05-13 07:45:33'),(180,7,'5926','F5','2015-02-19','2015-03-26','F',NULL,'2417',NULL,'2436/2003WT',425,NULL,'',1,0.48,5602.84,'2015-05-13 07:45:33','2015-05-13 07:45:33'),(181,7,'5927','F5','2015-02-19','2015-03-26','F',NULL,'2417',NULL,'2436/2003WT',425,NULL,'',1,0.40,2511.25,'2015-05-13 07:45:33','2015-05-13 07:45:33'),(182,7,'5928','F5','2015-02-19','2015-03-26','F',NULL,'2417',NULL,'2436/2003WT',425,NULL,'',1,97.70,15008.08,'2015-05-13 07:45:33','2015-05-13 07:45:33'),(183,7,'5929','F5','2015-02-19','2015-03-26','F',NULL,'2417',NULL,'2436/2003WT',425,NULL,'',1,0.40,11464.88,'2015-05-13 07:45:33','2015-05-13 07:45:33'),(184,7,NULL,NULL,'2015-02-27','2015-04-10','M',196,'3038',197,'3040',240,NULL,'',1,0.00,NULL,'2015-05-13 07:45:33','2015-05-13 07:54:28'),(185,7,NULL,NULL,'2015-02-27','2015-04-10','M',196,'3038',197,'3040',240,NULL,'',1,0.00,NULL,'2015-05-13 07:45:33','2015-05-13 07:54:28'),(186,7,NULL,NULL,'2015-02-27','2015-04-10','M',196,'3038',197,'3040',240,NULL,'',1,0.00,NULL,'2015-05-13 07:45:33','2015-05-13 07:54:28'),(187,7,NULL,NULL,'2015-02-27','2015-04-10','F',196,'3038',197,'3040',118,NULL,'',1,0.00,NULL,'2015-05-13 07:45:33','2015-05-13 07:54:28'),(188,7,'4207','F4','2014-08-14','2014-09-18','M',NULL,'2094',NULL,'1112wt',248,NULL,'',1,99.31,24793.59,'2015-05-13 07:45:33','2015-05-13 07:45:33'),(189,8,'1170WT',NULL,'2014-08-14',NULL,'F',NULL,NULL,NULL,NULL,248,NULL,NULL,1,NULL,0.00,'2015-05-13 07:45:33','2015-05-13 07:45:33'),(190,7,'4291','F4','2014-08-30','2014-10-10','M',NULL,'2095',NULL,'1113wt',216,NULL,'',1,86.50,24784.91,'2015-05-13 07:45:33','2015-05-13 07:45:33'),(191,7,'4212','F4','2014-08-14','2014-09-18','F',NULL,'2094',NULL,'1112wt',216,NULL,'',1,94.89,26185.56,'2015-05-13 07:45:33','2015-05-13 07:45:33'),(192,7,'4209','F4','2014-08-14','2014-09-18','M',NULL,'2094',NULL,'1112wt',240,NULL,'',1,99.32,25577.47,'2015-05-13 07:45:33','2015-05-13 07:45:33'),(193,8,'3597WT',NULL,'2014-10-14',NULL,'F',NULL,NULL,NULL,NULL,240,NULL,NULL,1,NULL,0.00,'2015-05-13 07:45:33','2015-05-13 07:45:33'),(194,7,'3036','F5','2014-11-15','2014-12-16','M',190,'4291',191,'4212',239,NULL,'',1,99.40,28737.72,'2015-05-13 07:45:33','2015-05-13 07:54:28'),(195,7,'3039','F5','2014-11-15','2014-12-16','F',190,'4291',191,'4212',239,NULL,'',1,99.38,15985.21,'2015-05-13 07:45:33','2015-05-13 07:54:28'),(196,7,'3038','F5','2014-11-15','2014-12-16','M',190,'4291',191,'4212',299,NULL,'',1,99.78,27910.96,'2015-05-13 07:45:33','2015-05-13 07:54:28'),(197,7,'3040','F5','2014-11-15','2014-12-16','F',190,'4291',191,'4212',299,NULL,'',1,99.39,15446.90,'2015-05-13 07:45:33','2015-05-13 07:54:28'),(198,7,'5426','F5','2014-12-28','2015-01-30','M',188,'4207',189,'1170WT',264,NULL,'',1,97.45,11307.70,'2015-05-13 07:45:33','2015-05-13 07:54:28'),(199,8,'5427WT',NULL,'2014-12-28',NULL,'F',NULL,NULL,NULL,NULL,264,NULL,NULL,1,NULL,0.00,'2015-05-13 07:45:33','2015-05-13 07:45:33'),(200,7,'5428','F5','2014-12-28','2015-01-30','M',188,'4207',189,'1170WT',420,NULL,'',1,88.45,13141.70,'2015-05-13 07:45:33','2015-05-13 07:54:28'),(201,8,'5429WT',NULL,'2015-01-13',NULL,'F',NULL,NULL,NULL,NULL,420,NULL,NULL,1,NULL,0.00,'2015-05-13 07:45:33','2015-05-13 07:45:33'),(202,7,'774','F5','2014-12-14','2015-01-14','M',190,'4291',191,'4212',129,NULL,'',1,99.75,12810.99,'2015-05-13 07:45:33','2015-05-13 07:54:28'),(203,7,'775','F5','2014-12-14','2015-01-14','F',190,'4291',191,'4212',129,NULL,'',1,99.44,15194.79,'2015-05-13 07:45:33','2015-05-13 07:54:28'),(204,7,'5122','F5','2015-01-27','2015-03-01','M',192,'4209',193,'3597WT',435,NULL,'',1,99.69,13267.59,'2015-05-13 07:45:33','2015-05-13 07:54:28'),(205,8,'WT',NULL,'2015-02-01',NULL,'F',NULL,NULL,NULL,NULL,435,NULL,NULL,1,NULL,0.00,'2015-05-13 07:45:33','2015-05-13 07:45:33'),(206,7,'5124','F5','2015-01-27','2015-03-01','M',192,'4209',193,'3597WT',227,NULL,'',1,99.71,14415.90,'2015-05-13 07:45:33','2015-05-13 07:54:28'),(207,8,'WT',NULL,'2015-02-01',NULL,'F',NULL,NULL,NULL,NULL,227,NULL,NULL,1,NULL,0.00,'2015-05-13 07:45:33','2015-05-13 07:45:33'),(208,8,'WT',NULL,'2014-03-10',NULL,'F',NULL,NULL,NULL,NULL,117,NULL,NULL,1,NULL,0.00,'2015-05-13 07:45:33','2015-05-13 07:45:33'),(209,8,'WT',NULL,'2014-03-10',NULL,'F',NULL,NULL,NULL,NULL,117,NULL,NULL,1,NULL,0.00,'2015-05-13 07:45:33','2015-05-13 07:45:33'),(210,8,'WT',NULL,'2014-03-10',NULL,'F',NULL,NULL,NULL,NULL,117,NULL,NULL,1,NULL,0.00,'2015-05-13 07:45:33','2015-05-13 07:45:33'),(211,8,'WT',NULL,'2014-03-10',NULL,'F',NULL,NULL,NULL,NULL,270,NULL,NULL,1,NULL,0.00,'2015-05-13 07:45:33','2015-05-13 07:45:33'),(212,8,'WT',NULL,'2014-03-10',NULL,'F',NULL,NULL,NULL,NULL,270,NULL,NULL,1,NULL,0.00,'2015-05-13 07:45:33','2015-05-13 07:45:33'),(213,8,'WT',NULL,'2014-03-03',NULL,'F',NULL,NULL,NULL,NULL,108,NULL,NULL,1,NULL,0.00,'2015-05-13 07:45:33','2015-05-13 07:45:33'),(214,8,'WT',NULL,'2014-03-03',NULL,'F',NULL,NULL,NULL,NULL,108,NULL,NULL,1,NULL,0.00,'2015-05-13 07:45:33','2015-05-13 07:45:33'),(215,8,'WT',NULL,'2014-03-03',NULL,'F',NULL,NULL,NULL,NULL,108,NULL,NULL,1,NULL,0.00,'2015-05-13 07:45:33','2015-05-13 07:45:33'),(216,8,'WT',NULL,'2014-04-23','2014-05-20','F',NULL,NULL,NULL,NULL,134,NULL,NULL,1,NULL,0.00,'2015-05-13 07:45:33','2015-05-13 07:45:33'),(217,8,'WT',NULL,'2014-04-23','2014-05-20','F',NULL,NULL,NULL,NULL,134,NULL,NULL,1,NULL,0.00,'2015-05-13 07:45:33','2015-05-13 07:45:33'),(218,8,'WT',NULL,'2014-04-23','2014-05-20','F',NULL,NULL,NULL,NULL,134,NULL,NULL,1,NULL,0.00,'2015-05-13 07:45:33','2015-05-13 07:45:33'),(219,8,'WT',NULL,'2014-04-23','2014-05-20','F',NULL,NULL,NULL,NULL,134,NULL,NULL,1,NULL,0.00,'2015-05-13 07:45:33','2015-05-13 07:45:33'),(220,8,'WT',NULL,'2014-04-23','2014-05-20','F',NULL,NULL,NULL,NULL,134,NULL,NULL,1,NULL,0.00,'2015-05-13 07:45:33','2015-05-13 07:45:33'),(221,8,'WT',NULL,'2014-04-23','2014-05-20','F',NULL,NULL,NULL,NULL,312,NULL,NULL,1,NULL,0.00,'2015-05-13 07:45:33','2015-05-13 07:45:33'),(222,8,'WT',NULL,'2014-04-23','2014-05-20','F',NULL,NULL,NULL,NULL,312,NULL,NULL,1,NULL,0.00,'2015-05-13 07:45:33','2015-05-13 07:45:33'),(223,8,'WT',NULL,'2014-04-23','2014-05-20','F',NULL,NULL,NULL,NULL,312,NULL,NULL,1,NULL,0.00,'2015-05-13 07:45:33','2015-05-13 07:45:33'),(224,8,'WT',NULL,'2014-04-23','2014-05-20','F',NULL,NULL,NULL,NULL,312,NULL,NULL,1,NULL,0.00,'2015-05-13 07:45:33','2015-05-13 07:45:33'),(225,8,'WT',NULL,'2014-04-23','2014-05-20','F',NULL,NULL,NULL,NULL,312,NULL,NULL,1,NULL,0.00,'2015-05-13 07:45:33','2015-05-13 07:45:33'),(226,8,'WT',NULL,'2014-04-23','2014-05-20','F',NULL,NULL,NULL,NULL,115,NULL,NULL,1,NULL,0.00,'2015-05-13 07:45:33','2015-05-13 07:45:33'),(227,8,'WT',NULL,'2014-04-23','2014-05-20','F',NULL,NULL,NULL,NULL,115,NULL,NULL,1,NULL,0.00,'2015-05-13 07:45:33','2015-05-13 07:45:33'),(228,8,'WT',NULL,'2014-04-23','2014-05-20','F',NULL,NULL,NULL,NULL,115,NULL,NULL,1,NULL,0.00,'2015-05-13 07:45:33','2015-05-13 07:45:33'),(229,8,'WT',NULL,'2014-04-23','2014-05-20','F',NULL,NULL,NULL,NULL,115,NULL,NULL,1,NULL,0.00,'2015-05-13 07:45:33','2015-05-13 07:45:33'),(230,8,'WT',NULL,'2014-04-23','2014-05-20','F',NULL,NULL,NULL,NULL,269,NULL,NULL,1,NULL,0.00,'2015-05-13 07:45:33','2015-05-13 07:45:33'),(231,8,'WT',NULL,'2014-04-23','2014-05-20','F',NULL,NULL,NULL,NULL,269,NULL,NULL,1,NULL,0.00,'2015-05-13 07:45:33','2015-05-13 07:45:33'),(232,8,'WT',NULL,'2014-04-23','2014-05-20','F',NULL,NULL,NULL,NULL,269,NULL,NULL,1,NULL,0.00,'2015-05-13 07:45:33','2015-05-13 07:45:33'),(233,8,'WT',NULL,'2014-04-23','2014-05-20','F',NULL,NULL,NULL,NULL,269,NULL,NULL,1,NULL,0.00,'2015-05-13 07:45:33','2015-05-13 07:45:33'),(234,8,'WT',NULL,'2014-04-23','2014-05-20','F',NULL,NULL,NULL,NULL,269,NULL,NULL,1,NULL,0.00,'2015-05-13 07:45:33','2015-05-13 07:45:33'),(235,8,'WT',NULL,'2014-04-23','2014-05-20','F',NULL,NULL,NULL,NULL,269,NULL,NULL,1,NULL,0.00,'2015-05-13 07:45:33','2015-05-13 07:45:33'),(236,6,'5884','F7','2015-01-21','2015-03-06','M',148,'1442',149,'1448',269,NULL,'',1,92.90,2414.00,'2015-05-13 07:45:33','2015-05-13 07:54:28'),(237,11,'5187',NULL,'2014-11-05',NULL,'F',NULL,NULL,NULL,NULL,269,NULL,'CD8/TCR Va2(84.3%)',1,NULL,0.00,'2015-05-13 07:45:33','2015-05-13 07:45:33'),(238,11,'5365',NULL,'2014-12-14',NULL,'M',NULL,NULL,NULL,NULL,290,NULL,'CD8/TCR Va2(80.5%)',1,NULL,0.00,'2015-05-13 07:45:33','2015-05-13 07:45:33'),(239,6,'5886','F7','2015-01-21','2015-03-06','F',148,'1442',149,'1448',290,NULL,'',1,89.60,2425.63,'2015-05-13 07:45:33','2015-05-13 07:54:28'),(240,6,'3934','F7','2014-11-03','2014-12-02','M',150,'4202',151,'4206',399,NULL,'',1,91.72,2717.07,'2015-05-13 07:45:33','2015-05-13 07:54:28'),(241,12,'2',NULL,'2014-11-07','2014-12-02','F',NULL,'2963',16,'WT',399,NULL,'CD4/TCR Va2(92%)',1,0.00,NULL,'2015-05-13 07:45:33','2015-05-13 07:54:28'),(242,11,NULL,NULL,'2015-02-14','2015-04-10','F',243,'4803',16,'WT',198,NULL,'',1,0.00,NULL,'2015-05-13 07:45:33','2015-05-13 07:54:28'),(243,11,'4803',NULL,'2013-09-22',NULL,'M',NULL,NULL,NULL,NULL,375,NULL,'CD8/TCR Va2（58.1%）',1,0.00,NULL,'2015-05-13 07:45:33','2015-05-13 07:45:33'),(244,8,'WT',NULL,NULL,NULL,'F',NULL,NULL,NULL,NULL,375,NULL,'',1,0.00,NULL,'2015-05-13 07:45:33','2015-05-13 07:45:33'),(245,11,'1481',NULL,'2014-08-02',NULL,'M',NULL,NULL,NULL,NULL,371,NULL,'CD8/TCR Va2(56.4%)',1,0.00,NULL,'2015-05-13 07:45:33','2015-05-13 07:45:33'),(246,8,'WT',NULL,NULL,NULL,'F',NULL,NULL,NULL,NULL,371,NULL,'',1,0.00,NULL,'2015-05-13 07:45:33','2015-05-13 07:45:33'),(247,8,'WT',NULL,NULL,NULL,'F',NULL,NULL,NULL,NULL,371,NULL,'',1,0.00,NULL,'2015-05-13 07:45:33','2015-05-13 07:45:33'),(248,11,'2332',NULL,'2013-07-11',NULL,'M',NULL,NULL,NULL,NULL,372,NULL,'CD8/TCR Va2(93%)',1,0.00,NULL,'2015-05-13 07:45:33','2015-05-13 07:45:33'),(249,8,'WT',NULL,NULL,NULL,'F',NULL,NULL,NULL,NULL,372,NULL,'',1,0.00,NULL,'2015-05-13 07:45:33','2015-05-13 07:45:33'),(250,12,'5359',NULL,'2014-11-07',NULL,'F',NULL,'2961',16,'WT',345,NULL,'CD4/TCR Va2(94.6%)',1,0.00,NULL,'2015-05-13 07:45:33','2015-05-13 07:54:28'),(251,12,'1477',NULL,'2014-04-24',NULL,'M',NULL,NULL,NULL,NULL,220,NULL,'CD4/TCR Va2(91.1%)',1,0.00,NULL,'2015-05-13 07:45:33','2015-05-13 07:45:33'),(252,12,'5357',NULL,'2014-11-07',NULL,'M',NULL,'2961',16,'WT',341,NULL,'CD4/TCR Va2(15.7%)',1,0.00,NULL,'2015-05-13 07:45:33','2015-05-13 07:54:28'),(253,12,'2079',NULL,'2014-11-30','2014-12-02','F',NULL,'2963',16,'WT',341,NULL,'CD4/TCR Va2(93%)',1,0.00,NULL,'2015-05-13 07:45:33','2015-05-13 07:54:28'),(254,12,'2080',NULL,'2014-11-30','2014-12-02','F',NULL,'2963',16,'WT',341,NULL,'CD4/TCR Va2(93%)',1,0.00,NULL,'2015-05-13 07:45:33','2015-05-13 07:54:28'),(255,12,'5358',NULL,'2014-11-07',NULL,'M',NULL,'2961',16,'WT',361,NULL,'CD4/TCR Va2(94.8%)',1,0.00,NULL,'2015-05-13 07:45:33','2015-05-13 07:54:28'),(256,12,'2077',NULL,'2014-11-30',NULL,'F',NULL,'2961',16,'WT',361,NULL,'CD4/TCR Va2(13.7%)',1,0.00,NULL,'2015-05-13 07:45:33','2015-05-13 07:54:28'),(257,12,'5360',NULL,'2014-11-30',NULL,'M',NULL,'2961',16,'WT',374,NULL,'CD4/TCR Va2(95.8%)',1,0.00,NULL,'2015-05-13 07:45:33','2015-05-13 07:54:28'),(258,12,'2078',NULL,'2014-11-30',NULL,'F',NULL,'2961',16,'WT',374,NULL,'CD4/TCR Va2(14%)',1,0.00,NULL,'2015-05-13 07:45:33','2015-05-13 07:54:28'),(259,12,'5361',NULL,'2014-11-30',NULL,'M',NULL,'2961',16,'WT',266,NULL,'CD4/TCR Va2(93.2%)',1,0.00,NULL,'2015-05-13 07:45:33','2015-05-13 07:54:28'),(260,12,'3225',NULL,'2014-10-03','2014-11-17','F',NULL,NULL,NULL,NULL,266,NULL,'CD4/TCR Va2(15.7%)',1,0.00,NULL,'2015-05-13 07:45:33','2015-05-13 07:45:33'),(261,12,'5362',NULL,'2014-11-30',NULL,'M',NULL,'2961',16,'WT',267,NULL,'CD4/TCR Va2(91.4%)',1,0.00,NULL,'2015-05-13 07:45:33','2015-05-13 07:54:28'),(262,12,'3923',NULL,'2014-11-03','2014-12-01','F',NULL,NULL,NULL,NULL,267,NULL,'CD4/TCR Va2(11.8%)',1,0.00,NULL,'2015-05-13 07:45:33','2015-05-13 07:45:33'),(263,12,'5363',NULL,'2014-11-30',NULL,'M',NULL,'2961',16,'WT',314,NULL,'CD4/TCR Va2(92.1%)',1,0.00,NULL,'2015-05-13 07:45:33','2015-05-13 07:54:28'),(264,1,'9876',NULL,'2015-05-26','2015-05-13','M',27,NULL,20,NULL,2,1,'4234',1,89.00,4864.00,'2015-05-13 09:22:07','2015-05-14 02:09:46'),(265,1,NULL,NULL,'2015-05-26','2015-05-13','M',27,NULL,20,NULL,2,1,NULL,1,NULL,NULL,'2015-05-13 09:22:07','2015-05-13 09:22:07'),(266,1,NULL,NULL,'2015-05-26','2015-05-13','M',27,NULL,20,NULL,2,1,NULL,1,NULL,NULL,'2015-05-13 09:22:07','2015-05-13 09:22:07'),(267,1,NULL,NULL,'2015-05-26','2015-05-13','F',27,NULL,20,NULL,4,1,NULL,1,NULL,NULL,'2015-05-13 09:22:07','2015-05-13 09:22:07'),(268,1,NULL,NULL,'2015-05-26','2015-05-13','F',27,NULL,20,NULL,4,1,NULL,1,NULL,NULL,'2015-05-13 09:22:07','2015-05-13 09:22:07'),(269,1,NULL,NULL,'2015-05-26','2015-05-13','F',27,NULL,20,NULL,4,1,NULL,1,NULL,NULL,'2015-05-13 09:22:07','2015-05-13 09:22:07'),(270,1,NULL,NULL,'2015-05-15','2015-05-13','M',27,NULL,20,NULL,1,5,NULL,1,NULL,NULL,'2015-05-13 09:44:55','2015-05-13 09:44:55'),(271,1,NULL,NULL,'2015-05-15','2015-05-13','M',27,NULL,20,NULL,1,5,NULL,1,NULL,NULL,'2015-05-13 09:44:55','2015-05-13 09:44:55');
/*!40000 ALTER TABLE `mice` ENABLE KEYS */;
UNLOCK TABLES;

--
-- Table structure for table `operation`
--

DROP TABLE IF EXISTS `operation`;
/*!40101 SET @saved_cs_client     = @@character_set_client */;
/*!40101 SET character_set_client = utf8 */;
CREATE TABLE `operation` (
  `id` int(11) NOT NULL AUTO_INCREMENT,
  `strain_id` int(11) DEFAULT NULL,
  `operate_type` varchar(255) COLLATE utf8_unicode_ci DEFAULT NULL,
  `old_basket` int(11) DEFAULT NULL,
  `new_basket` int(11) DEFAULT NULL,
  `operate_by` int(11) DEFAULT NULL,
  `operate_at` int(11) DEFAULT NULL,
  `remark` text COLLATE utf8_unicode_ci,
  `created_at` datetime NOT NULL,
  `updated_at` datetime NOT NULL,
  PRIMARY KEY (`id`)
) ENGINE=InnoDB DEFAULT CHARSET=utf8 COLLATE=utf8_unicode_ci;
/*!40101 SET character_set_client = @saved_cs_client */;

--
-- Dumping data for table `operation`
--

LOCK TABLES `operation` WRITE;
/*!40000 ALTER TABLE `operation` DISABLE KEYS */;
/*!40000 ALTER TABLE `operation` ENABLE KEYS */;
UNLOCK TABLES;

--
-- Table structure for table `roles`
--

DROP TABLE IF EXISTS `roles`;
/*!40101 SET @saved_cs_client     = @@character_set_client */;
/*!40101 SET character_set_client = utf8 */;
CREATE TABLE `roles` (
  `id` int(11) NOT NULL AUTO_INCREMENT,
  `name` varchar(255) COLLATE utf8_unicode_ci DEFAULT NULL,
  `resource_id` int(11) DEFAULT NULL,
  `resource_type` varchar(255) COLLATE utf8_unicode_ci DEFAULT NULL,
  `created_at` datetime DEFAULT NULL,
  `updated_at` datetime DEFAULT NULL,
  PRIMARY KEY (`id`),
  KEY `index_roles_on_name` (`name`),
  KEY `index_roles_on_name_and_resource_type_and_resource_id` (`name`,`resource_type`,`resource_id`)
) ENGINE=InnoDB AUTO_INCREMENT=3 DEFAULT CHARSET=utf8 COLLATE=utf8_unicode_ci;
/*!40101 SET character_set_client = @saved_cs_client */;

--
-- Dumping data for table `roles`
--

LOCK TABLES `roles` WRITE;
/*!40000 ALTER TABLE `roles` DISABLE KEYS */;
INSERT INTO `roles` VALUES (1,'admin',NULL,NULL,'2015-04-15 03:27:02','2015-04-15 03:27:02'),(2,'seller',NULL,NULL,'2015-05-13 10:06:32','2015-05-13 10:06:32');
/*!40000 ALTER TABLE `roles` ENABLE KEYS */;
UNLOCK TABLES;

--
-- Table structure for table `schema_migrations`
--

DROP TABLE IF EXISTS `schema_migrations`;
/*!40101 SET @saved_cs_client     = @@character_set_client */;
/*!40101 SET character_set_client = utf8 */;
CREATE TABLE `schema_migrations` (
  `version` varchar(255) COLLATE utf8_unicode_ci NOT NULL,
  UNIQUE KEY `unique_schema_migrations` (`version`)
) ENGINE=InnoDB DEFAULT CHARSET=utf8 COLLATE=utf8_unicode_ci;
/*!40101 SET character_set_client = @saved_cs_client */;

--
-- Dumping data for table `schema_migrations`
--

LOCK TABLES `schema_migrations` WRITE;
/*!40000 ALTER TABLE `schema_migrations` DISABLE KEYS */;
INSERT INTO `schema_migrations` VALUES ('20150313173320'),('20150313173743'),('20150414025234'),('20150414032326'),('20150414052810'),('20150414053913'),('20150416101456'),('20150429035558');
/*!40000 ALTER TABLE `schema_migrations` ENABLE KEYS */;
UNLOCK TABLES;

--
-- Table structure for table `strains`
--

DROP TABLE IF EXISTS `strains`;
/*!40101 SET @saved_cs_client     = @@character_set_client */;
/*!40101 SET character_set_client = utf8 */;
CREATE TABLE `strains` (
  `id` int(11) NOT NULL AUTO_INCREMENT,
  `name` varchar(255) COLLATE utf8_unicode_ci DEFAULT NULL,
  `description` text COLLATE utf8_unicode_ci,
  `created_at` datetime NOT NULL,
  `updated_at` datetime NOT NULL,
  PRIMARY KEY (`id`)
) ENGINE=InnoDB AUTO_INCREMENT=13 DEFAULT CHARSET=utf8 COLLATE=utf8_unicode_ci;
/*!40101 SET character_set_client = @saved_cs_client */;

--
-- Dumping data for table `strains`
--

LOCK TABLES `strains` WRITE;
/*!40000 ALTER TABLE `strains` DISABLE KEYS */;
INSERT INTO `strains` VALUES (1,'C57-mir191',NULL,'2015-04-16 06:30:06','2015-04-16 06:30:06'),(2,'C57-191decoy',NULL,'2015-04-16 06:30:06','2015-04-16 06:30:06'),(3,'C57-miR146a',NULL,'2015-04-16 06:30:06','2015-04-16 06:30:06'),(4,'C57-miR223',NULL,'2015-04-16 06:30:07','2015-04-16 06:30:07'),(5,'C57-miR27',NULL,'2015-04-16 06:30:07','2015-04-16 06:30:07'),(6,'C57-mir124',NULL,'2015-04-16 06:30:07','2015-04-16 06:30:07'),(7,'C57-mir21',NULL,'2015-04-16 06:30:07','2015-04-16 06:30:07'),(8,'WT',NULL,'2015-04-16 06:30:08','2015-04-16 06:30:08'),(9,'OTI',NULL,'2015-04-16 06:30:08','2015-04-16 06:30:08'),(10,'OTII',NULL,'2015-04-16 06:30:08','2015-04-16 06:30:08'),(11,'OT-I',NULL,'2015-04-16 07:00:24','2015-04-16 07:00:24'),(12,'OT-II',NULL,'2015-04-16 07:00:24','2015-04-16 07:00:24');
/*!40000 ALTER TABLE `strains` ENABLE KEYS */;
UNLOCK TABLES;

--
-- Table structure for table `users`
--

DROP TABLE IF EXISTS `users`;
/*!40101 SET @saved_cs_client     = @@character_set_client */;
/*!40101 SET character_set_client = utf8 */;
CREATE TABLE `users` (
  `id` int(11) NOT NULL AUTO_INCREMENT,
  `full_name` varchar(255) COLLATE utf8_unicode_ci DEFAULT '',
  `username` varchar(255) COLLATE utf8_unicode_ci NOT NULL DEFAULT '',
  `email` varchar(255) COLLATE utf8_unicode_ci NOT NULL DEFAULT '',
  `encrypted_password` varchar(255) COLLATE utf8_unicode_ci NOT NULL DEFAULT '',
  `name` varchar(255) COLLATE utf8_unicode_ci DEFAULT NULL,
  `reset_password_token` varchar(255) COLLATE utf8_unicode_ci DEFAULT NULL,
  `reset_password_sent_at` datetime DEFAULT NULL,
  `remember_created_at` datetime DEFAULT NULL,
  `sign_in_count` int(11) NOT NULL DEFAULT '0',
  `current_sign_in_at` datetime DEFAULT NULL,
  `last_sign_in_at` datetime DEFAULT NULL,
  `current_sign_in_ip` varchar(255) COLLATE utf8_unicode_ci DEFAULT NULL,
  `last_sign_in_ip` varchar(255) COLLATE utf8_unicode_ci DEFAULT NULL,
  `confirmation_token` varchar(255) COLLATE utf8_unicode_ci DEFAULT NULL,
  `confirmed_at` datetime DEFAULT NULL,
  `confirmation_sent_at` datetime DEFAULT NULL,
  `unconfirmed_email` varchar(255) COLLATE utf8_unicode_ci DEFAULT NULL,
  `failed_attempts` int(11) NOT NULL DEFAULT '0',
  `unlock_token` varchar(255) COLLATE utf8_unicode_ci DEFAULT NULL,
  `locked_at` datetime DEFAULT NULL,
  `created_at` datetime DEFAULT NULL,
  `updated_at` datetime DEFAULT NULL,
  PRIMARY KEY (`id`),
  UNIQUE KEY `index_users_on_email` (`email`),
  UNIQUE KEY `index_users_on_reset_password_token` (`reset_password_token`)
) ENGINE=InnoDB AUTO_INCREMENT=5 DEFAULT CHARSET=utf8 COLLATE=utf8_unicode_ci;
/*!40101 SET character_set_client = @saved_cs_client */;

--
-- Dumping data for table `users`
--

LOCK TABLES `users` WRITE;
/*!40000 ALTER TABLE `users` DISABLE KEYS */;
INSERT INTO `users` VALUES (1,'GM','admin','admin@qq.com','$2a$10$hN2NKqvqeUY3fqG91st7L.9LBZy7zu6QrKScPhkyI8UDSVn0bm46e',NULL,NULL,NULL,NULL,11,'2015-05-14 01:57:05','2015-05-12 08:29:51','::1','::1',NULL,NULL,NULL,NULL,0,NULL,NULL,'2015-04-15 03:27:02','2015-05-14 01:57:05'),(2,'tewfef','twetwewew','wefw@wef.n','$2a$10$dKJXvCUQ6LbaayZTDA19ROhWLBMqMx8fo7.l6IlIZnQqtUaSkWw/W',NULL,NULL,NULL,NULL,0,NULL,NULL,NULL,NULL,NULL,'2015-05-13 10:06:32','2015-05-13 10:06:32',NULL,0,NULL,NULL,'2015-05-13 10:06:32','2015-05-13 10:06:32'),(3,'wefawf','tewtwfw','wfewef@ge.c','$2a$10$.K9OHbM5zduV9i2O99ikgOb0kk6Qp/IA85zqNWuHOC6jD9hPKmGHi',NULL,NULL,NULL,NULL,0,NULL,NULL,NULL,NULL,NULL,'2015-05-13 10:07:34','2015-05-13 10:07:34',NULL,0,NULL,NULL,'2015-05-13 10:07:34','2015-05-13 10:07:34'),(4,'wawef','awefawfewg','wefw@wef.f','$2a$10$m3zt3IXnlC58P9Vq8.v0ie71dL0ao7.KaMtFu0FrGUTCN8uYj3F2W',NULL,NULL,NULL,NULL,0,NULL,NULL,NULL,NULL,NULL,'2015-05-13 10:08:36','2015-05-13 10:08:36',NULL,0,NULL,NULL,'2015-05-13 10:08:36','2015-05-13 10:08:36');
/*!40000 ALTER TABLE `users` ENABLE KEYS */;
UNLOCK TABLES;

--
-- Table structure for table `users_roles`
--

DROP TABLE IF EXISTS `users_roles`;
/*!40101 SET @saved_cs_client     = @@character_set_client */;
/*!40101 SET character_set_client = utf8 */;
CREATE TABLE `users_roles` (
  `user_id` int(11) DEFAULT NULL,
  `role_id` int(11) DEFAULT NULL,
  KEY `index_users_roles_on_user_id_and_role_id` (`user_id`,`role_id`)
) ENGINE=InnoDB DEFAULT CHARSET=utf8 COLLATE=utf8_unicode_ci;
/*!40101 SET character_set_client = @saved_cs_client */;

--
-- Dumping data for table `users_roles`
--

LOCK TABLES `users_roles` WRITE;
/*!40000 ALTER TABLE `users_roles` DISABLE KEYS */;
INSERT INTO `users_roles` VALUES (1,1),(2,2),(3,2),(4,2);
/*!40000 ALTER TABLE `users_roles` ENABLE KEYS */;
UNLOCK TABLES;
/*!40103 SET TIME_ZONE=@OLD_TIME_ZONE */;

/*!40101 SET SQL_MODE=@OLD_SQL_MODE */;
/*!40014 SET FOREIGN_KEY_CHECKS=@OLD_FOREIGN_KEY_CHECKS */;
/*!40014 SET UNIQUE_CHECKS=@OLD_UNIQUE_CHECKS */;
/*!40101 SET CHARACTER_SET_CLIENT=@OLD_CHARACTER_SET_CLIENT */;
/*!40101 SET CHARACTER_SET_RESULTS=@OLD_CHARACTER_SET_RESULTS */;
/*!40101 SET COLLATION_CONNECTION=@OLD_COLLATION_CONNECTION */;
/*!40111 SET SQL_NOTES=@OLD_SQL_NOTES */;

-- Dump completed on 2015-05-14 15:04:51
