-- MySQL dump 10.13  Distrib 5.1.66, for debian-linux-gnu (x86_64)
--
-- Host: localhost    Database: mouses_production
-- ------------------------------------------------------
-- Server version	5.1.66-0+squeeze1

/*!40101 SET @OLD_CHARACTER_SET_CLIENT=@@CHARACTER_SET_CLIENT */;
/*!40101 SET @OLD_CHARACTER_SET_RESULTS=@@CHARACTER_SET_RESULTS */;
/*!40101 SET @OLD_COLLATION_CONNECTION=@@COLLATION_CONNECTION */;
/*!40101 SET NAMES utf8 */;
/*!40103 SET @OLD_TIME_ZONE=@@TIME_ZONE */;
/*!40103 SET TIME_ZONE='+00:00' */;
/*!40014 SET @OLD_UNIQUE_CHECKS=@@UNIQUE_CHECKS, UNIQUE_CHECKS=0 */;
/*!40014 SET @OLD_FOREIGN_KEY_CHECKS=@@FOREIGN_KEY_CHECKS, FOREIGN_KEY_CHECKS=0 */;
/*!40101 SET @OLD_SQL_MODE=@@SQL_MODE, SQL_MODE='NO_AUTO_VALUE_ON_ZERO' */;
/*!40111 SET @OLD_SQL_NOTES=@@SQL_NOTES, SQL_NOTES=0 */;

--
-- Table structure for table `alleles`
--

DROP TABLE IF EXISTS `alleles`;
/*!40101 SET @saved_cs_client     = @@character_set_client */;
/*!40101 SET character_set_client = utf8 */;
CREATE TABLE `alleles` (
  `id` int(11) NOT NULL AUTO_INCREMENT,
  `gene_id` int(11) DEFAULT NULL,
  `name` varchar(255) COLLATE utf8_unicode_ci DEFAULT NULL,
  `created_at` datetime NOT NULL,
  `updated_at` datetime NOT NULL,
  PRIMARY KEY (`id`)
) ENGINE=InnoDB AUTO_INCREMENT=122 DEFAULT CHARSET=utf8 COLLATE=utf8_unicode_ci;
/*!40101 SET character_set_client = @saved_cs_client */;

--
-- Dumping data for table `alleles`
--

LOCK TABLES `alleles` WRITE;
/*!40000 ALTER TABLE `alleles` DISABLE KEYS */;
INSERT INTO `alleles` VALUES (5,2,'+','2015-06-17 01:38:22','2015-06-17 01:38:22'),(6,2,'-','2015-06-17 01:38:22','2015-06-17 01:38:22'),(7,3,'+','2015-06-17 01:53:12','2015-06-17 01:53:12'),(8,3,'-','2015-06-17 01:53:12','2015-06-17 01:53:12'),(9,4,'+','2015-06-17 01:56:23','2015-06-17 01:56:23'),(10,4,'-','2015-06-17 01:56:23','2015-06-17 01:56:23'),(11,5,'+/+','2015-06-17 02:01:02','2015-06-17 02:01:02'),(12,5,'+/-','2015-06-17 02:01:02','2015-06-17 02:01:02'),(13,5,'-/-','2015-06-17 02:01:02','2015-06-17 02:01:02'),(14,6,'+AS/+AS','2015-06-17 02:17:48','2015-06-17 02:17:48'),(15,6,'+AS/+','2015-06-17 02:17:48','2015-06-17 02:17:48'),(16,6,'-SA/+','2015-06-17 02:17:48','2015-06-17 02:17:48'),(17,6,'-SA/-SA','2015-06-17 02:17:48','2015-06-17 02:17:48'),(18,7,'+','2015-06-17 09:47:48','2015-06-17 09:47:48'),(19,7,'-','2015-06-17 09:47:48','2015-06-17 09:47:48'),(23,9,'+/+','2015-06-17 11:10:42','2015-06-17 11:10:42'),(24,9,'+/-','2015-06-17 11:10:42','2015-06-17 11:10:42'),(25,9,'-/-','2015-06-17 11:10:42','2015-06-17 11:10:42'),(26,10,'+/+','2015-06-17 13:08:42','2015-06-17 13:08:42'),(27,10,'+/-','2015-06-17 13:08:42','2015-06-17 13:08:42'),(28,10,'-/-','2015-06-17 13:08:42','2015-06-17 13:08:42'),(29,11,'+/+','2015-06-17 13:14:35','2015-06-17 13:14:35'),(30,11,'+/-','2015-06-17 13:14:35','2015-06-17 13:14:35'),(31,11,'-/-','2015-06-17 13:14:35','2015-06-17 13:14:35'),(32,12,'CD45.1/CD45.1','2015-06-17 13:28:48','2015-06-17 13:28:48'),(33,12,'CD45.1/CD45.2','2015-06-17 13:28:48','2015-06-17 13:28:48'),(34,12,'CD45.2/CD45.2','2015-06-17 13:28:48','2015-06-17 13:28:48'),(35,13,'CD90.1/CD90.1','2015-06-17 13:38:14','2015-06-17 13:38:14'),(36,13,'CD90.1/CD90.2','2015-06-17 13:38:14','2015-06-17 13:38:14'),(37,13,'CD90.2/CD90.2','2015-06-17 13:38:14','2015-06-17 13:38:14'),(38,1,'+H','2015-06-17 13:47:05','2015-06-17 13:47:05'),(39,1,'+M','2015-06-17 13:47:05','2015-06-17 13:47:05'),(40,1,'+L','2015-06-17 13:47:05','2015-06-17 13:47:05'),(41,1,'-','2015-06-17 13:47:05','2015-06-17 13:47:05'),(42,14,'+H','2015-06-17 13:51:09','2015-06-17 13:51:09'),(43,14,'+M','2015-06-17 13:51:09','2015-06-17 13:51:09'),(44,14,'+L','2015-06-17 13:51:09','2015-06-17 13:51:09'),(45,14,'-','2015-06-17 13:51:09','2015-06-17 13:51:09'),(46,15,'+H','2015-06-17 14:00:25','2015-06-17 14:00:25'),(47,15,'+M','2015-06-17 14:00:25','2015-06-17 14:00:25'),(48,15,'+L','2015-06-17 14:00:25','2015-06-17 14:00:25'),(49,15,'-','2015-06-17 14:00:25','2015-06-17 14:00:25'),(50,16,'+/+','2015-06-17 23:16:30','2015-06-17 23:16:30'),(51,16,'+/-','2015-06-17 23:16:30','2015-06-17 23:16:30'),(52,16,'-/-','2015-06-17 23:16:30','2015-06-17 23:16:30'),(53,17,'+','2015-06-17 23:24:53','2015-06-17 23:24:53'),(54,17,'-','2015-06-17 23:24:53','2015-06-17 23:24:53'),(55,8,'+','2015-06-17 23:25:58','2015-06-17 23:25:58'),(56,8,'-','2015-06-17 23:25:58','2015-06-17 23:25:58'),(57,18,'+','2015-06-17 23:34:15','2015-06-17 23:34:15'),(58,18,'-','2015-06-17 23:34:15','2015-06-17 23:34:15'),(59,19,'+','2015-06-18 00:02:25','2015-06-18 00:02:25'),(60,19,'-','2015-06-18 00:02:25','2015-06-18 00:02:25'),(61,20,'+/+','2015-06-18 00:54:56','2015-06-18 00:54:56'),(62,20,'+/-','2015-06-18 00:54:56','2015-06-18 00:54:56'),(63,20,'-/-','2015-06-18 00:54:56','2015-06-18 00:54:56'),(64,21,'+','2015-06-18 02:29:25','2015-06-18 02:29:25'),(65,21,'-','2015-06-18 02:29:25','2015-06-18 02:29:25'),(66,22,'+','2015-06-18 03:26:12','2015-06-18 03:26:12'),(67,22,'-','2015-06-18 03:26:12','2015-06-18 03:26:12'),(68,23,'Wh','2015-06-18 03:35:43','2015-06-18 03:35:43'),(69,24,'H','2015-06-18 04:13:29','2015-06-18 04:13:29'),(70,24,'M','2015-06-18 04:13:29','2015-06-18 04:13:29'),(71,24,'L','2015-06-18 04:13:29','2015-06-18 04:13:29'),(72,25,'H','2015-06-18 10:05:58','2015-06-18 10:05:58'),(73,25,'M','2015-06-18 10:05:58','2015-06-18 10:05:58'),(74,25,'L','2015-06-18 10:05:58','2015-06-18 10:05:58'),(75,26,'H','2015-06-18 10:07:57','2015-06-18 10:07:57'),(76,26,'M','2015-06-18 10:07:57','2015-06-18 10:07:57'),(77,26,'L','2015-06-18 10:07:57','2015-06-18 10:07:57'),(78,27,'H','2015-06-18 10:08:56','2015-06-18 10:08:56'),(79,27,'M','2015-06-18 10:08:56','2015-06-18 10:08:56'),(80,27,'L','2015-06-18 10:08:56','2015-06-18 10:08:56'),(81,28,'H','2015-06-18 10:10:09','2015-06-18 10:10:09'),(82,28,'M','2015-06-18 10:10:09','2015-06-18 10:10:09'),(83,28,'L','2015-06-18 10:10:09','2015-06-18 10:10:09'),(84,29,'H','2015-06-18 10:13:57','2015-06-18 10:13:57'),(85,29,'M','2015-06-18 10:13:57','2015-06-18 10:13:57'),(86,29,'L','2015-06-18 10:13:57','2015-06-18 10:13:57'),(87,30,'H','2015-06-18 10:15:17','2015-06-18 10:15:17'),(88,30,'M','2015-06-18 10:15:17','2015-06-18 10:15:17'),(89,30,'L','2015-06-18 10:15:17','2015-06-18 10:15:17'),(90,31,'H','2015-06-18 10:16:01','2015-06-18 10:16:01'),(91,31,'M','2015-06-18 10:16:01','2015-06-18 10:16:01'),(92,31,'L','2015-06-18 10:16:01','2015-06-18 10:16:01'),(93,32,'H','2015-06-18 10:16:45','2015-06-18 10:16:45'),(94,32,'M','2015-06-18 10:16:45','2015-06-18 10:16:45'),(95,32,'L','2015-06-18 10:16:45','2015-06-18 10:16:45'),(96,33,'H','2015-06-18 10:17:26','2015-06-18 10:17:26'),(97,33,'M','2015-06-18 10:17:26','2015-06-18 10:17:26'),(98,33,'L','2015-06-18 10:17:26','2015-06-18 10:17:26'),(99,34,'H','2015-06-18 10:18:07','2015-06-18 10:18:07'),(100,34,'M','2015-06-18 10:18:07','2015-06-18 10:18:07'),(101,34,'L','2015-06-18 10:18:07','2015-06-18 10:18:07'),(102,35,'+','2015-06-18 10:19:10','2015-06-18 10:19:10'),(103,35,'-','2015-06-18 10:19:10','2015-06-18 10:19:10'),(104,36,'+','2015-06-18 10:20:04','2015-06-18 10:20:04'),(105,36,'-','2015-06-18 10:20:04','2015-06-18 10:20:04'),(106,37,'+','2015-06-18 10:20:48','2015-06-18 10:20:48'),(107,37,'-','2015-06-18 10:20:48','2015-06-18 10:20:48'),(108,38,'+','2015-06-18 10:21:14','2015-06-18 10:21:14'),(109,38,'-','2015-06-18 10:21:14','2015-06-18 10:21:14'),(110,39,'H','2015-06-18 14:36:25','2015-06-18 14:36:25'),(111,39,'W','2015-06-18 14:36:25','2015-06-18 14:36:25'),(112,39,'L','2015-06-18 14:36:25','2015-06-18 14:36:25'),(113,40,'H','2015-07-02 10:23:26','2015-07-02 10:23:26'),(114,40,'M','2015-07-02 10:23:26','2015-07-02 10:23:26'),(115,40,'L','2015-07-02 10:23:26','2015-07-02 10:23:26'),(116,41,'+/+','2015-07-06 02:06:04','2015-07-06 02:06:04'),(117,41,'+/-','2015-07-06 02:06:04','2015-07-06 02:06:04'),(118,41,'-/-','2015-07-06 02:06:04','2015-07-06 02:06:04'),(119,42,'+/+','2015-07-06 02:19:32','2015-07-06 02:19:32'),(120,42,'+/-','2015-07-06 02:19:32','2015-07-06 02:19:32'),(121,42,'-/-','2015-07-06 02:19:32','2015-07-06 02:19:32');
/*!40000 ALTER TABLE `alleles` ENABLE KEYS */;
UNLOCK TABLES;

--
-- Table structure for table `baskets`
--

DROP TABLE IF EXISTS `baskets`;
/*!40101 SET @saved_cs_client     = @@character_set_client */;
/*!40101 SET character_set_client = utf8 */;
CREATE TABLE `baskets` (
  `id` int(11) NOT NULL AUTO_INCREMENT,
  `code` varchar(255) COLLATE utf8_unicode_ci DEFAULT NULL,
  `framework_id` int(11) DEFAULT NULL,
  `onwer_id` int(11) DEFAULT NULL,
  `created_at` datetime NOT NULL,
  `updated_at` datetime NOT NULL,
  `cage_type` varchar(255) COLLATE utf8_unicode_ci DEFAULT 'S',
  PRIMARY KEY (`id`)
) ENGINE=InnoDB AUTO_INCREMENT=501 DEFAULT CHARSET=utf8 COLLATE=utf8_unicode_ci;
/*!40101 SET character_set_client = @saved_cs_client */;

--
-- Dumping data for table `baskets`
--

LOCK TABLES `baskets` WRITE;
/*!40000 ALTER TABLE `baskets` DISABLE KEYS */;
INSERT INTO `baskets` VALUES (1,'1A',1,10,'2015-06-16 06:17:55','2015-07-15 10:40:39','S'),(2,'1B',1,6,'2015-06-16 06:17:55','2015-07-01 09:53:52','S'),(3,'1C',1,6,'2015-06-16 06:17:55','2015-07-01 09:54:48','S'),(4,'1D',1,6,'2015-06-16 06:17:55','2015-07-02 01:19:59','S'),(5,'1E',1,6,'2015-06-16 06:17:55','2015-07-02 01:20:12','S'),(6,'1F',1,6,'2015-06-16 06:17:55','2015-07-02 01:20:39','S'),(7,'1G',1,7,'2015-06-16 06:17:55','2015-06-17 09:55:33','S'),(8,'1H',1,6,'2015-06-16 06:17:55','2015-07-02 01:20:49','S'),(9,'1I',1,6,'2015-06-16 06:17:55','2015-07-02 01:20:58','S'),(10,'1J',1,6,'2015-06-16 06:17:55','2015-07-02 01:21:06','S'),(11,'2A',1,6,'2015-06-16 06:17:55','2015-06-17 03:53:01','S'),(12,'2B',1,6,'2015-06-16 06:17:55','2015-07-02 01:22:38','S'),(13,'2C',1,6,'2015-06-16 06:17:55','2015-07-02 01:22:49','S'),(14,'2D',1,6,'2015-06-16 06:17:55','2015-07-02 01:24:51','S'),(15,'2E',1,6,'2015-06-16 06:17:55','2015-07-02 01:25:06','S'),(16,'2F',1,6,'2015-06-16 06:17:55','2015-07-02 01:25:13','S'),(17,'2G',1,6,'2015-06-16 06:17:55','2015-07-02 01:25:21','S'),(18,'2H',1,6,'2015-06-16 06:17:55','2015-07-02 01:25:30','S'),(19,'2I',1,6,'2015-06-16 06:17:55','2015-07-02 01:25:43','S'),(20,'2J',1,7,'2015-06-16 06:17:55','2015-06-23 08:10:33','S'),(21,'3A',1,6,'2015-06-16 06:17:55','2015-06-17 03:53:14','S'),(22,'3B',1,7,'2015-06-16 06:17:55','2015-06-23 08:08:21','S'),(23,'3C',1,6,'2015-06-16 06:17:55','2015-07-02 01:26:09','S'),(24,'3D',1,6,'2015-06-16 06:17:55','2015-07-02 01:26:17','S'),(25,'3E',1,6,'2015-06-16 06:17:55','2015-07-02 01:26:31','S'),(26,'3F',1,6,'2015-06-16 06:17:55','2015-07-02 01:26:41','S'),(27,'3G',1,10,'2015-06-16 06:17:55','2015-07-13 02:47:14','M'),(28,'3H',1,6,'2015-06-16 06:17:55','2015-07-02 01:26:49','S'),(29,'3I',1,6,'2015-06-16 06:17:55','2015-07-02 01:26:59','S'),(30,'3J',1,7,'2015-06-16 06:17:55','2015-07-10 07:21:41','M'),(31,'4A',1,6,'2015-06-16 06:17:55','2015-06-17 03:53:23','S'),(32,'4B',1,7,'2015-06-16 06:17:55','2015-06-23 08:08:30','S'),(33,'4C',1,6,'2015-06-16 06:17:55','2015-07-02 01:28:36','S'),(34,'4D',1,6,'2015-06-16 06:17:55','2015-07-02 01:28:47','S'),(35,'4E',1,6,'2015-06-16 06:17:55','2015-07-02 01:28:56','S'),(36,'4F',1,6,'2015-06-16 06:17:55','2015-07-02 01:29:08','S'),(37,'4G',1,6,'2015-06-16 06:17:55','2015-07-02 01:30:25','S'),(38,'4H',1,7,'2015-06-16 06:17:55','2015-07-10 07:20:11','M'),(39,'4I',1,7,'2015-06-16 06:17:55','2015-07-10 07:24:33','M'),(40,'4J',1,6,'2015-06-16 06:17:55','2015-07-02 01:30:46','S'),(41,'5A',1,6,'2015-06-16 06:17:55','2015-06-17 03:53:34','S'),(42,'5B',1,7,'2015-06-16 06:17:55','2015-06-23 08:11:47','S'),(43,'5C',1,6,'2015-06-16 06:17:55','2015-07-02 01:30:54','S'),(44,'5D',1,6,'2015-06-16 06:17:55','2015-07-02 01:31:02','S'),(45,'5E',1,6,'2015-06-16 06:17:55','2015-07-02 01:31:12','S'),(46,'5F',1,7,'2015-06-16 06:17:55','2015-06-23 08:12:55','S'),(47,'5G',1,6,'2015-06-16 06:17:55','2015-07-02 01:32:04','S'),(48,'5H',1,6,'2015-06-16 06:17:55','2015-07-02 01:34:29','S'),(49,'5I',1,6,'2015-06-16 06:17:55','2015-07-02 01:27:21','S'),(50,'5J',1,10,'2015-06-16 06:17:55','2015-07-13 02:48:27','M'),(51,'6A',1,6,'2015-06-16 06:17:55','2015-06-17 03:53:44','S'),(52,'6B',1,6,'2015-06-16 06:17:55','2015-07-02 01:34:47','S'),(53,'6C',1,6,'2015-06-16 06:17:55','2015-07-02 01:34:55','S'),(54,'6D',1,6,'2015-06-16 06:17:55','2015-07-02 01:35:02','S'),(55,'6E',1,6,'2015-06-16 06:17:55','2015-07-02 01:35:10','S'),(56,'6F',1,6,'2015-06-16 06:17:55','2015-07-02 01:35:21','S'),(57,'6G',1,6,'2015-06-16 06:17:55','2015-07-02 01:35:29','S'),(58,'6H',1,6,'2015-06-16 06:17:55','2015-07-02 01:35:37','S'),(59,'6I',1,10,'2015-06-16 06:17:55','2015-07-13 02:48:46','M'),(60,'6J',1,6,'2015-06-16 06:17:55','2015-07-02 01:35:48','S'),(61,'7A',1,6,'2015-06-16 06:17:55','2015-07-02 01:36:01','S'),(62,'7B',1,6,'2015-06-16 06:17:55','2015-07-02 01:36:08','S'),(63,'7C',1,7,'2015-06-16 06:17:55','2015-06-23 08:09:09','S'),(64,'7D',1,6,'2015-06-16 06:17:55','2015-07-02 01:37:49','S'),(65,'7E',1,7,'2015-06-16 06:17:55','2015-06-23 08:11:15','S'),(66,'7F',1,6,'2015-06-16 06:17:55','2015-07-02 01:37:40','S'),(67,'7G',1,6,'2015-06-16 06:17:55','2015-07-02 01:37:32','S'),(68,'7H',1,7,'2015-06-16 06:17:55','2015-06-23 08:08:41','S'),(69,'7I',1,11,'2015-06-16 06:17:55','2015-07-16 12:49:09','M'),(70,'7J',1,6,'2015-06-16 06:17:55','2015-07-02 01:37:23','S'),(71,'8A',1,7,'2015-06-16 06:17:55','2015-06-23 08:11:59','S'),(72,'8B',1,7,'2015-06-16 06:17:55','2015-06-23 08:11:53','S'),(73,'8C',1,6,'2015-06-16 06:17:55','2015-07-02 01:37:59','S'),(74,'8D',1,6,'2015-06-16 06:17:55','2015-07-02 01:38:06','S'),(75,'8E',1,6,'2015-06-16 06:17:55','2015-07-02 01:38:13','S'),(76,'8F',1,7,'2015-06-16 06:17:55','2015-07-10 07:24:55','M'),(77,'8G',1,10,'2015-06-16 06:17:55','2015-07-13 05:16:13','M'),(78,'8H',1,7,'2015-06-16 06:17:55','2015-06-23 08:11:30','S'),(79,'8I',1,7,'2015-06-16 06:17:55','2015-06-23 08:11:24','S'),(80,'8J',1,6,'2015-06-16 06:17:55','2015-07-02 01:38:21','S'),(81,'9A',1,7,'2015-06-16 06:17:55','2015-06-23 08:15:17','S'),(82,'9B',1,6,'2015-06-16 06:17:55','2015-07-02 01:39:44','S'),(83,'9C',1,6,'2015-06-16 06:17:55','2015-07-02 01:40:21','S'),(84,'9D',1,2,'2015-06-16 06:17:55','2015-07-06 09:35:23','S'),(85,'9E',1,6,'2015-06-16 06:17:55','2015-07-02 01:40:29','S'),(86,'9F',1,6,'2015-06-16 06:17:55','2015-07-02 01:40:38','S'),(87,'9G',1,2,'2015-06-16 06:17:55','2015-07-06 09:35:13','S'),(88,'9H',1,7,'2015-06-16 06:17:55','2015-06-23 08:14:25','S'),(89,'9I',1,10,'2015-06-16 06:17:55','2015-07-13 02:49:25','M'),(90,'9J',1,6,'2015-06-16 06:17:55','2015-07-02 01:38:28','S'),(91,'10A',1,7,'2015-06-16 06:17:55','2015-06-23 08:15:01','S'),(92,'10B',1,6,'2015-06-16 06:17:55','2015-07-02 01:41:08','S'),(93,'10C',1,6,'2015-06-16 06:17:55','2015-07-02 01:40:55','S'),(94,'10D',1,10,'2015-06-16 06:17:55','2015-07-13 03:05:51','S'),(95,'10E',1,7,'2015-06-16 06:17:55','2015-06-23 08:14:52','S'),(96,'10F',1,10,'2015-06-16 06:17:55','2015-07-13 05:33:08','M'),(97,'10G',1,6,'2015-06-16 06:17:55','2015-07-02 01:39:34','S'),(98,'10H',1,7,'2015-06-16 06:17:55','2015-06-23 08:14:00','S'),(99,'10I',1,7,'2015-06-16 06:17:55','2015-06-23 08:13:52','S'),(100,'10J',1,10,'2015-06-16 06:17:55','2015-07-13 06:01:07','S'),(101,'1A',2,11,'2015-06-16 06:17:58','2015-07-16 12:50:01','M'),(102,'1B',2,11,'2015-06-16 06:17:58','2015-06-26 07:13:17','S'),(103,'1C',2,11,'2015-06-16 06:17:58','2015-06-26 07:13:12','S'),(104,'1D',2,2,'2015-06-16 06:17:58','2015-07-06 09:34:49','S'),(105,'1E',2,8,'2015-06-16 06:17:58','2015-06-19 02:42:22','S'),(106,'1F',2,11,'2015-06-16 06:17:58','2015-06-26 07:13:24','S'),(107,'1G',2,3,'2015-06-16 06:17:58','2015-06-23 03:38:00','S'),(108,'1H',2,4,'2015-06-16 06:17:58','2015-06-23 03:10:55','S'),(109,'1I',2,3,'2015-06-16 06:17:58','2015-07-09 07:39:24','S'),(110,'1J',2,11,'2015-06-16 06:17:58','2015-07-16 12:53:44','M'),(111,'2A',2,7,'2015-06-16 06:17:58','2015-07-10 07:25:20','M'),(112,'2B',2,10,'2015-06-16 06:17:58','2015-07-13 02:52:03','M'),(113,'2C',2,4,'2015-06-16 06:17:58','2015-07-14 07:08:19','M'),(114,'2D',2,3,'2015-06-16 06:17:58','2015-06-23 03:43:15','S'),(115,'2E',2,11,'2015-06-16 06:17:58','2015-06-26 07:13:37','S'),(116,'2F',2,11,'2015-06-16 06:17:58','2015-07-12 09:57:41','S'),(117,'2G',2,3,'2015-06-16 06:17:58','2015-07-12 09:57:49','S'),(118,'2H',2,3,'2015-06-16 06:17:58','2015-06-23 07:39:18','S'),(119,'2I',2,10,'2015-06-16 06:17:58','2015-06-26 02:28:25','S'),(120,'2J',2,10,'2015-06-16 06:17:58','2015-07-13 02:53:07','M'),(121,'3A',2,11,'2015-06-16 06:17:58','2015-06-26 07:13:59','S'),(122,'3B',2,10,'2015-06-16 06:17:58','2015-07-13 02:52:49','M'),(123,'3C',2,3,'2015-06-16 06:17:58','2015-06-23 03:39:22','S'),(124,'3D',2,3,'2015-06-16 06:17:58','2015-06-23 03:43:23','S'),(125,'3E',2,11,'2015-06-16 06:17:58','2015-07-16 12:51:08','M'),(126,'3F',2,11,'2015-06-16 06:17:58','2015-07-16 12:52:41','M'),(127,'3G',2,11,'2015-06-16 06:17:58','2015-06-26 07:13:01','S'),(128,'3H',2,11,'2015-06-16 06:17:58','2015-06-26 07:13:51','S'),(129,'3I',2,11,'2015-06-16 06:17:58','2015-07-16 12:53:20','M'),(130,'3J',2,2,'2015-06-16 06:17:58','2015-07-06 09:35:00','S'),(131,'4A',2,7,'2015-06-16 06:17:58','2015-07-10 07:26:03','M'),(132,'4B',2,8,'2015-06-16 06:17:58','2015-06-19 02:48:37','S'),(133,'4C',2,3,'2015-06-16 06:17:58','2015-06-23 03:39:27','S'),(134,'4D',2,3,'2015-06-16 06:17:58','2015-07-15 06:22:00','M'),(135,'4E',2,4,'2015-06-16 06:17:58','2015-07-03 02:15:55','S'),(136,'4F',2,NULL,'2015-06-16 06:17:58','2015-06-16 06:17:58','S'),(137,'4G',2,3,'2015-06-16 06:17:58','2015-07-12 09:58:00','S'),(138,'4H',2,3,'2015-06-16 06:17:58','2015-06-23 07:36:46','S'),(139,'4I',2,3,'2015-06-16 06:17:58','2015-06-23 03:40:34','S'),(140,'4J',2,10,'2015-06-16 06:17:58','2015-07-13 02:53:31','M'),(141,'5A',2,3,'2015-06-16 06:17:58','2015-07-15 06:41:30','M'),(142,'5B',2,3,'2015-06-16 06:17:58','2015-07-15 06:41:47','M'),(143,'5C',2,3,'2015-06-16 06:17:58','2015-07-15 06:42:02','M'),(144,'5D',2,3,'2015-06-16 06:17:58','2015-07-15 06:42:27','M'),(145,'5E',2,3,'2015-06-16 06:17:58','2015-07-15 06:42:45','M'),(146,'5F',2,3,'2015-06-16 06:17:58','2015-07-15 07:05:07','M'),(147,'5G',2,3,'2015-06-16 06:17:58','2015-07-15 06:44:11','M'),(148,'5H',2,3,'2015-06-16 06:17:59','2015-07-15 06:44:28','M'),(149,'5I',2,3,'2015-06-16 06:17:59','2015-07-15 06:44:48','M'),(150,'5J',2,3,'2015-06-16 06:17:59','2015-07-15 06:45:08','M'),(151,'6A',2,3,'2015-06-16 06:17:59','2015-07-15 06:33:03','M'),(152,'6B',2,3,'2015-06-16 06:17:59','2015-07-15 06:36:09','M'),(153,'6C',2,3,'2015-06-16 06:17:59','2015-07-15 06:36:35','M'),(154,'6D',2,3,'2015-06-16 06:17:59','2015-07-15 06:36:52','M'),(155,'6E',2,3,'2015-06-16 06:17:59','2015-07-15 06:37:11','M'),(156,'6F',2,3,'2015-06-16 06:17:59','2015-07-15 06:39:23','M'),(157,'6G',2,3,'2015-06-16 06:17:59','2015-06-23 07:36:07','S'),(158,'6H',2,3,'2015-06-16 06:17:59','2015-07-15 06:39:42','M'),(159,'6I',2,3,'2015-06-16 06:17:59','2015-07-15 06:40:01','M'),(160,'6J',2,3,'2015-06-16 06:17:59','2015-07-15 06:45:25','M'),(161,'7A',2,8,'2015-06-16 06:17:59','2015-06-19 02:42:15','S'),(162,'7B',2,3,'2015-06-16 06:17:59','2015-06-23 03:42:42','S'),(163,'7C',2,NULL,'2015-06-16 06:17:59','2015-07-16 01:25:51','S'),(164,'7D',2,NULL,'2015-06-16 06:17:59','2015-07-16 01:25:56','S'),(165,'7E',2,2,'2015-06-16 06:17:59','2015-07-06 09:34:40','S'),(166,'7F',2,3,'2015-06-16 06:17:59','2015-06-23 03:38:58','S'),(167,'7G',2,3,'2015-06-16 06:17:59','2015-06-23 03:41:28','S'),(168,'7H',2,3,'2015-06-16 06:17:59','2015-06-23 07:37:17','S'),(169,'7I',2,3,'2015-06-16 06:17:59','2015-06-23 07:36:52','S'),(170,'7J',2,3,'2015-06-16 06:17:59','2015-07-12 09:58:14','S'),(171,'8A',2,3,'2015-06-16 06:17:59','2015-06-23 03:43:04','S'),(172,'8B',2,3,'2015-06-16 06:17:59','2015-07-12 09:58:25','S'),(173,'8C',2,3,'2015-06-16 06:17:59','2015-07-12 09:58:31','S'),(174,'8D',2,3,'2015-06-16 06:17:59','2015-06-23 07:36:36','S'),(175,'8E',2,NULL,'2015-06-16 06:17:59','2015-07-16 01:25:35','S'),(176,'8F',2,3,'2015-06-16 06:17:59','2015-07-12 09:42:07','S'),(177,'8G',2,3,'2015-06-16 06:17:59','2015-07-08 09:22:31','S'),(178,'8H',2,3,'2015-06-16 06:17:59','2015-06-23 03:39:47','S'),(179,'8I',2,3,'2015-06-16 06:17:59','2015-06-23 07:36:57','S'),(180,'8J',2,3,'2015-06-16 06:17:59','2015-06-23 03:42:57','S'),(181,'9A',2,3,'2015-06-16 06:17:59','2015-06-23 03:39:57','S'),(182,'9B',2,3,'2015-06-16 06:17:59','2015-06-23 07:36:29','S'),(183,'9C',2,3,'2015-06-16 06:17:59','2015-07-12 09:44:42','S'),(184,'9D',2,7,'2015-06-16 06:17:59','2015-06-23 08:16:21','S'),(185,'9E',2,NULL,'2015-06-16 06:17:59','2015-07-16 01:25:42','S'),(186,'9F',2,NULL,'2015-06-16 06:17:59','2015-07-12 09:59:12','S'),(187,'9G',2,7,'2015-06-16 06:17:59','2015-06-23 08:16:30','S'),(188,'9H',2,7,'2015-06-16 06:17:59','2015-06-23 08:16:38','S'),(189,'9I',2,4,'2015-06-16 06:17:59','2015-07-08 08:14:43','S'),(190,'9J',2,3,'2015-06-16 06:17:59','2015-06-23 03:42:28','S'),(191,'10A',2,NULL,'2015-06-16 06:17:59','2015-06-16 06:17:59','S'),(192,'10B',2,NULL,'2015-06-16 06:17:59','2015-06-16 06:17:59','S'),(193,'10C',2,3,'2015-06-16 06:17:59','2015-06-23 03:38:10','S'),(194,'10D',2,3,'2015-06-16 06:17:59','2015-07-12 09:58:41','S'),(195,'10E',2,7,'2015-06-16 06:17:59','2015-07-12 09:58:50','S'),(196,'10F',2,3,'2015-06-16 06:17:59','2015-06-23 07:39:09','S'),(197,'10G',2,3,'2015-06-16 06:17:59','2015-06-23 03:42:50','S'),(198,'10H',2,3,'2015-06-16 06:17:59','2015-06-23 03:40:50','S'),(199,'10I',2,NULL,'2015-06-16 06:17:59','2015-07-12 09:59:02','S'),(200,'10J',2,NULL,'2015-06-16 06:17:59','2015-06-16 06:17:59','S'),(201,'1A',3,8,'2015-06-16 06:18:01','2015-06-24 02:45:53','S'),(202,'1B',3,4,'2015-06-16 06:18:01','2015-06-19 03:01:22','S'),(203,'1C',3,4,'2015-06-16 06:18:01','2015-07-13 08:04:56','M'),(204,'1D',3,4,'2015-06-16 06:18:01','2015-07-13 08:17:14','M'),(205,'1E',3,4,'2015-06-16 06:18:01','2015-07-13 08:25:56','M'),(206,'1F',3,4,'2015-06-16 06:18:01','2015-07-13 08:32:10','M'),(207,'1G',3,4,'2015-06-16 06:18:01','2015-07-13 08:36:39','M'),(208,'1H',3,4,'2015-06-16 06:18:01','2015-06-19 03:13:09','S'),(209,'1I',3,4,'2015-06-16 06:18:01','2015-07-13 08:44:32','M'),(210,'1J',3,4,'2015-06-16 06:18:01','2015-07-13 08:50:41','M'),(211,'2A',3,8,'2015-06-16 06:18:01','2015-07-14 00:34:44','M'),(212,'2B',3,4,'2015-06-16 06:18:01','2015-07-13 08:02:12','M'),(213,'2C',3,3,'2015-06-16 06:18:01','2015-07-13 07:48:30','M'),(214,'2D',3,4,'2015-06-16 06:18:01','2015-07-03 02:14:20','S'),(215,'2E',3,8,'2015-06-16 06:18:01','2015-06-19 02:48:27','S'),(216,'2F',3,4,'2015-06-16 06:18:01','2015-07-13 08:32:42','M'),(217,'2G',3,4,'2015-06-16 06:18:01','2015-07-13 08:37:23','M'),(218,'2H',3,8,'2015-06-16 06:18:01','2015-07-14 00:41:13','M'),(219,'2I',3,4,'2015-06-16 06:18:01','2015-07-16 00:41:27','M'),(220,'2J',3,4,'2015-06-16 06:18:01','2015-06-23 03:08:36','S'),(221,'3A',3,4,'2015-06-16 06:18:01','2015-07-13 07:50:12','M'),(222,'3B',3,4,'2015-06-16 06:18:01','2015-06-19 03:10:30','S'),(223,'3C',3,4,'2015-06-16 06:18:01','2015-07-13 08:05:40','M'),(224,'3D',3,4,'2015-06-16 06:18:01','2015-07-13 08:18:15','M'),(225,'3E',3,8,'2015-06-16 06:18:01','2015-07-14 00:37:58','M'),(226,'3F',3,4,'2015-06-16 06:18:01','2015-07-13 08:33:11','M'),(227,'3G',3,4,'2015-06-16 06:18:01','2015-06-19 03:24:54','S'),(228,'3H',3,8,'2015-06-16 06:18:01','2015-07-14 00:42:10','M'),(229,'3I',3,4,'2015-06-16 06:18:01','2015-07-13 08:45:11','M'),(230,'3J',3,4,'2015-06-16 06:18:01','2015-07-13 08:51:14','M'),(231,'4A',3,4,'2015-06-16 06:18:01','2015-07-13 07:54:47','M'),(232,'4B',3,8,'2015-06-16 06:18:01','2015-06-24 02:46:31','S'),(233,'4C',3,4,'2015-06-16 06:18:01','2015-07-13 08:06:26','M'),(234,'4D',3,4,'2015-06-16 06:18:01','2015-07-13 08:19:52','M'),(235,'4E',3,4,'2015-06-16 06:18:01','2015-07-13 08:26:51','M'),(236,'4F',3,4,'2015-06-16 06:18:01','2015-07-13 08:33:35','M'),(237,'4G',3,4,'2015-06-16 06:18:01','2015-07-13 08:38:46','M'),(238,'4H',3,4,'2015-06-16 06:18:01','2015-07-03 02:15:14','S'),(239,'4I',3,4,'2015-06-16 06:18:01','2015-07-13 08:45:45','M'),(240,'4J',3,4,'2015-06-16 06:18:01','2015-07-13 08:52:00','M'),(241,'5A',3,4,'2015-06-16 06:18:01','2015-07-13 07:57:57','M'),(242,'5B',3,4,'2015-06-16 06:18:01','2015-07-13 08:03:15','M'),(243,'5C',3,4,'2015-06-16 06:18:01','2015-07-13 08:07:48','M'),(244,'5D',3,4,'2015-06-16 06:18:01','2015-07-13 08:24:26','M'),(245,'5E',3,4,'2015-06-16 06:18:01','2015-07-13 08:28:48','M'),(246,'5F',3,4,'2015-06-16 06:18:01','2015-07-14 07:54:36','M'),(247,'5G',3,4,'2015-06-16 06:18:01','2015-07-13 08:39:50','M'),(248,'5H',3,3,'2015-06-16 06:18:01','2015-07-16 01:15:45','M'),(249,'5I',3,4,'2015-06-16 06:18:01','2015-07-13 08:46:06','M'),(250,'5J',3,8,'2015-06-16 06:18:01','2015-07-14 07:43:01','M'),(251,'6A',3,4,'2015-06-16 06:18:01','2015-06-19 03:10:19','S'),(252,'6B',3,4,'2015-06-16 06:18:01','2015-07-16 00:47:26','M'),(253,'6C',3,4,'2015-06-16 06:18:01','2015-07-13 08:14:36','M'),(254,'6D',3,4,'2015-06-16 06:18:01','2015-07-13 08:25:17','M'),(255,'6E',3,4,'2015-06-16 06:18:01','2015-07-08 09:28:43','S'),(256,'6F',3,4,'2015-06-16 06:18:01','2015-06-19 03:11:54','S'),(257,'6G',3,3,'2015-06-16 06:18:01','2015-07-14 01:50:36','M'),(258,'6H',3,4,'2015-06-16 06:18:01','2015-07-13 08:42:27','M'),(259,'6I',3,4,'2015-06-16 06:18:01','2015-07-13 08:46:30','M'),(260,'6J',3,3,'2015-06-16 06:18:01','2015-07-13 07:50:14','M'),(261,'7A',3,4,'2015-06-16 06:18:01','2015-07-13 07:58:59','M'),(262,'7B',3,3,'2015-06-16 06:18:01','2015-07-13 07:48:07','M'),(263,'7C',3,8,'2015-06-16 06:18:01','2015-07-14 00:36:37','M'),(264,'7D',3,4,'2015-06-16 06:18:01','2015-06-19 03:24:28','S'),(265,'7E',3,4,'2015-06-16 06:18:01','2015-07-13 08:30:58','M'),(266,'7F',3,3,'2015-06-16 06:18:02','2015-07-16 01:23:35','M'),(267,'7G',3,3,'2015-06-16 06:18:02','2015-07-16 01:19:10','M'),(268,'7H',3,4,'2015-06-16 06:18:02','2015-07-13 08:43:55','M'),(269,'7I',3,4,'2015-06-16 06:18:02','2015-07-13 08:46:59','M'),(270,'7J',3,3,'2015-06-16 06:18:02','2015-07-13 07:50:27','M'),(271,'8A',3,3,'2015-06-16 06:18:02','2015-07-15 06:12:43','M'),(272,'8B',3,3,'2015-06-16 06:18:02','2015-07-15 06:13:03','M'),(273,'8C',3,4,'2015-06-16 06:18:02','2015-06-19 03:01:16','S'),(274,'8D',3,3,'2015-06-16 06:18:02','2015-07-15 06:13:25','M'),(275,'8E',3,3,'2015-06-16 06:18:02','2015-07-15 06:13:51','M'),(276,'8F',3,3,'2015-06-16 06:18:02','2015-07-15 06:14:08','M'),(277,'8G',3,3,'2015-06-16 06:18:02','2015-07-15 06:14:25','M'),(278,'8H',3,3,'2015-06-16 06:18:02','2015-07-13 07:49:21','M'),(279,'8I',3,3,'2015-06-16 06:18:02','2015-07-15 06:14:44','M'),(280,'8J',3,4,'2015-06-16 06:18:02','2015-07-13 08:52:49','M'),(281,'9A',3,4,'2015-06-16 06:18:02','2015-06-19 02:55:40','S'),(282,'9B',3,4,'2015-06-16 06:18:02','2015-07-13 08:04:18','M'),(283,'9C',3,4,'2015-06-16 06:18:02','2015-07-13 08:15:42','M'),(284,'9D',3,3,'2015-06-16 06:18:02','2015-07-14 01:49:17','M'),(285,'9E',3,3,'2015-06-16 06:18:02','2015-07-14 01:49:36','M'),(286,'9F',3,4,'2015-06-16 06:18:02','2015-07-13 08:36:16','M'),(287,'9G',3,8,'2015-06-16 06:18:02','2015-07-03 02:11:11','S'),(288,'9H',3,3,'2015-06-16 06:18:02','2015-07-14 01:50:03','M'),(289,'9I',3,3,'2015-06-16 06:18:02','2015-07-13 07:49:55','M'),(290,'9J',3,4,'2015-06-16 06:18:02','2015-07-13 08:54:28','M'),(291,'10A',3,3,'2015-06-16 06:18:02','2015-07-15 06:15:09','M'),(292,'10B',3,4,'2015-06-16 06:18:02','2015-07-16 00:48:02','M'),(293,'10C',3,3,'2015-06-16 06:18:02','2015-07-13 07:48:46','M'),(294,'10D',3,3,'2015-06-16 06:18:02','2015-07-15 06:15:25','M'),(295,'10E',3,3,'2015-06-16 06:18:02','2015-07-14 01:51:01','M'),(296,'10F',3,8,'2015-06-16 06:18:02','2015-07-14 00:40:33','M'),(297,'10G',3,3,'2015-06-16 06:18:02','2015-07-13 07:49:01','M'),(298,'10H',3,3,'2015-06-16 06:18:02','2015-07-13 07:49:38','M'),(299,'10I',3,4,'2015-06-16 06:18:02','2015-07-13 08:50:03','M'),(300,'10J',3,3,'2015-06-16 06:18:02','2015-07-14 01:51:25','M'),(301,'1A',4,2,'2015-06-16 06:18:04','2015-06-19 02:19:53','S'),(302,'1B',4,8,'2015-06-16 06:18:04','2015-07-14 07:31:18','M'),(303,'1C',4,8,'2015-06-16 06:18:04','2015-07-14 08:10:11','M'),(304,'1D',4,2,'2015-06-16 06:18:04','2015-07-16 09:29:18','M'),(305,'1E',4,8,'2015-06-16 06:18:04','2015-07-14 07:40:03','M'),(306,'1F',4,2,'2015-06-16 06:18:04','2015-06-19 02:12:31','S'),(307,'1G',4,2,'2015-06-16 06:18:04','2015-06-19 02:12:13','S'),(308,'1H',4,2,'2015-06-16 06:18:04','2015-07-16 09:39:47','M'),(309,'1I',4,2,'2015-06-16 06:18:04','2015-07-16 09:37:56','M'),(310,'1J',4,4,'2015-06-16 06:18:04','2015-07-13 09:37:31','M'),(311,'2A',4,8,'2015-06-16 06:18:04','2015-07-14 07:30:51','M'),(312,'2B',4,2,'2015-06-16 06:18:04','2015-06-23 08:43:49','S'),(313,'2C',4,2,'2015-06-16 06:18:04','2015-06-19 02:18:09','S'),(314,'2D',4,4,'2015-06-16 06:18:04','2015-07-14 07:29:45','M'),(315,'2E',4,2,'2015-06-16 06:18:04','2015-06-19 02:14:26','S'),(316,'2F',4,2,'2015-06-16 06:18:04','2015-07-16 09:31:06','M'),(317,'2G',4,2,'2015-06-16 06:18:04','2015-06-19 02:15:34','S'),(318,'2H',4,8,'2015-06-16 06:18:04','2015-07-14 07:44:13','M'),(319,'2I',4,8,'2015-06-16 06:18:04','2015-07-14 07:37:08','M'),(320,'2J',4,8,'2015-06-16 06:18:04','2015-07-14 07:33:44','M'),(321,'3A',4,8,'2015-06-16 06:18:04','2015-07-14 08:19:08','M'),(322,'3B',4,4,'2015-06-16 06:18:04','2015-07-06 08:34:28','S'),(323,'3C',4,8,'2015-06-16 06:18:04','2015-06-19 02:33:43','S'),(324,'3D',4,2,'2015-06-16 06:18:04','2015-06-19 02:15:06','S'),(325,'3E',4,2,'2015-06-16 06:18:04','2015-07-16 09:44:36','M'),(326,'3F',4,2,'2015-06-16 06:18:04','2015-06-18 10:40:42','S'),(327,'3G',4,2,'2015-06-16 06:18:04','2015-07-16 09:40:38','M'),(328,'3H',4,2,'2015-06-16 06:18:04','2015-07-16 09:31:22','M'),(329,'3I',4,2,'2015-06-16 06:18:04','2015-07-16 09:40:12','M'),(330,'3J',4,4,'2015-06-16 06:18:04','2015-07-13 09:36:57','M'),(331,'4A',4,8,'2015-06-16 06:18:04','2015-06-19 02:40:15','S'),(332,'4B',4,3,'2015-06-16 06:18:04','2015-07-14 02:02:42','M'),(333,'4C',4,2,'2015-06-16 06:18:04','2015-07-16 03:42:48','M'),(334,'4D',4,2,'2015-06-16 06:18:04','2015-07-16 09:30:42','M'),(335,'4E',4,8,'2015-06-16 06:18:04','2015-07-14 07:41:15','M'),(336,'4F',4,8,'2015-06-16 06:18:04','2015-06-19 02:32:41','S'),(337,'4G',4,8,'2015-06-16 06:18:04','2015-07-14 07:47:20','M'),(338,'4H',4,3,'2015-06-16 06:18:04','2015-07-14 02:03:38','M'),(339,'4I',4,4,'2015-06-16 06:18:04','2015-07-16 00:43:39','M'),(340,'4J',4,2,'2015-06-16 06:18:04','2015-07-16 09:40:54','M'),(341,'5A',4,4,'2015-06-16 06:18:04','2015-07-14 07:38:01','M'),(342,'5B',4,8,'2015-06-16 06:18:04','2015-07-14 07:50:14','M'),(343,'5C',4,4,'2015-06-16 06:18:04','2015-07-14 07:36:35','M'),(344,'5D',4,2,'2015-06-16 06:18:04','2015-06-19 02:12:42','S'),(345,'5E',4,8,'2015-06-16 06:18:04','2015-07-14 08:06:40','M'),(346,'5F',4,2,'2015-06-16 06:18:04','2015-06-19 02:12:59','S'),(347,'5G',4,8,'2015-06-16 06:18:04','2015-06-19 02:29:18','S'),(348,'5H',4,8,'2015-06-16 06:18:04','2015-07-14 07:24:54','M'),(349,'5I',4,2,'2015-06-16 06:18:04','2015-07-16 09:38:56','M'),(350,'5J',4,8,'2015-06-16 06:18:04','2015-06-19 02:36:35','S'),(351,'6A',4,8,'2015-06-16 06:18:04','2015-07-14 08:07:08','M'),(352,'6B',4,4,'2015-06-16 06:18:04','2015-07-14 07:24:57','M'),(353,'6C',4,8,'2015-06-16 06:18:04','2015-07-14 08:04:07','M'),(354,'6D',4,2,'2015-06-16 06:18:04','2015-07-16 09:33:49','M'),(355,'6E',4,2,'2015-06-16 06:18:04','2015-06-19 02:20:37','S'),(356,'6F',4,2,'2015-06-16 06:18:04','2015-07-16 09:28:13','M'),(357,'6G',4,8,'2015-06-16 06:18:04','2015-06-19 02:42:33','S'),(358,'6H',4,8,'2015-06-16 06:18:04','2015-07-14 07:45:44','M'),(359,'6I',4,8,'2015-06-16 06:18:04','2015-06-19 02:36:25','S'),(360,'6J',4,8,'2015-06-16 06:18:04','2015-07-14 08:08:50','M'),(361,'7A',4,4,'2015-06-16 06:18:04','2015-06-23 03:09:36','S'),(362,'7B',4,2,'2015-06-16 06:18:04','2015-07-16 02:18:00','M'),(363,'7C',4,2,'2015-06-16 06:18:04','2015-06-19 02:17:52','S'),(364,'7D',4,2,'2015-06-16 06:18:04','2015-06-19 02:18:48','S'),(365,'7E',4,2,'2015-06-16 06:18:04','2015-07-16 07:29:27','M'),(366,'7F',4,8,'2015-06-16 06:18:04','2015-07-14 07:32:56','M'),(367,'7G',4,2,'2015-06-16 06:18:04','2015-07-16 09:27:51','M'),(368,'7H',4,2,'2015-06-16 06:18:04','2015-07-16 02:51:51','M'),(369,'7I',4,4,'2015-06-16 06:18:04','2015-07-14 07:39:30','M'),(370,'7J',4,8,'2015-06-16 06:18:04','2015-07-14 08:18:47','M'),(371,'8A',4,4,'2015-06-16 06:18:04','2015-07-14 07:32:26','M'),(372,'8B',4,4,'2015-06-16 06:18:04','2015-06-19 03:30:03','S'),(373,'8C',4,2,'2015-06-16 06:18:04','2015-06-19 02:17:57','S'),(374,'8D',4,4,'2015-06-16 06:18:04','2015-06-23 03:10:03','S'),(375,'8E',4,4,'2015-06-16 06:18:04','2015-06-19 03:29:56','S'),(376,'8F',4,3,'2015-06-16 06:18:04','2015-07-14 02:02:59','M'),(377,'8G',4,8,'2015-06-16 06:18:04','2015-07-14 08:06:14','M'),(378,'8H',4,8,'2015-06-16 06:18:04','2015-07-14 07:48:34','M'),(379,'8I',4,8,'2015-06-16 06:18:04','2015-07-14 08:01:09','M'),(380,'8J',4,2,'2015-06-16 06:18:04','2015-07-16 09:37:31','M'),(381,'9A',4,8,'2015-06-16 06:18:04','2015-07-14 03:33:11','M'),(382,'9B',4,3,'2015-06-16 06:18:04','2015-07-14 01:51:42','M'),(383,'9C',4,4,'2015-06-16 06:18:04','2015-07-14 07:42:10','M'),(384,'9D',4,2,'2015-06-16 06:18:04','2015-06-19 02:18:20','S'),(385,'9E',4,8,'2015-06-16 06:18:04','2015-07-14 07:36:32','M'),(386,'9F',4,8,'2015-06-16 06:18:04','2015-07-14 07:33:22','M'),(387,'9G',4,8,'2015-06-16 06:18:04','2015-07-14 03:34:32','M'),(388,'9H',4,2,'2015-06-16 06:18:04','2015-07-16 09:28:55','M'),(389,'9I',4,8,'2015-06-16 06:18:04','2015-07-14 08:02:25','M'),(390,'9J',4,3,'2015-06-16 06:18:04','2015-07-14 02:03:17','M'),(391,'10A',4,8,'2015-06-16 06:18:04','2015-07-14 08:03:27','M'),(392,'10B',4,3,'2015-06-16 06:18:04','2015-07-14 01:57:42','M'),(393,'10C',4,8,'2015-06-16 06:18:04','2015-07-14 07:47:52','M'),(394,'10D',4,2,'2015-06-16 06:18:04','2015-06-19 02:19:32','S'),(395,'10E',4,8,'2015-06-16 06:18:04','2015-07-14 07:42:05','M'),(396,'10F',4,8,'2015-06-16 06:18:04','2015-06-19 02:28:50','S'),(397,'10G',4,3,'2015-06-16 06:18:04','2015-07-15 06:29:33','M'),(398,'10H',4,8,'2015-06-16 06:18:04','2015-07-14 03:35:46','M'),(399,'10I',4,4,'2015-06-16 06:18:04','2015-06-19 03:29:35','S'),(400,'10J',4,8,'2015-06-16 06:18:04','2015-07-14 08:08:14','M'),(401,'1A',5,8,'2015-06-16 06:18:06','2015-06-24 02:46:14','S'),(402,'1B',5,8,'2015-06-16 06:18:06','2015-06-30 03:18:01','S'),(403,'1C',5,8,'2015-06-16 06:18:06','2015-06-19 02:35:33','S'),(404,'1D',5,3,'2015-06-16 06:18:06','2015-07-14 02:04:14','M'),(405,'1E',5,3,'2015-06-16 06:18:06','2015-07-14 02:04:04','M'),(406,'1F',5,2,'2015-06-16 06:18:06','2015-07-12 09:59:38','S'),(407,'1G',5,4,'2015-06-16 06:18:06','2015-07-16 01:48:04','M'),(408,'1H',5,8,'2015-06-16 06:18:06','2015-06-19 02:41:54','S'),(409,'1I',5,4,'2015-06-16 06:18:06','2015-07-14 07:11:47','M'),(410,'1J',5,4,'2015-06-16 06:18:06','2015-07-14 07:15:10','M'),(411,'2A',5,4,'2015-06-16 06:18:06','2015-07-14 07:10:34','M'),(412,'2B',5,2,'2015-06-16 06:18:06','2015-07-16 09:43:55','M'),(413,'2C',5,2,'2015-06-16 06:18:06','2015-07-16 09:44:09','M'),(414,'2D',5,4,'2015-06-16 06:18:06','2015-07-14 07:21:27','M'),(415,'2E',5,2,'2015-06-16 06:18:06','2015-07-16 09:26:39','M'),(416,'2F',5,2,'2015-06-16 06:18:07','2015-06-18 10:40:18','S'),(417,'2G',5,2,'2015-06-16 06:18:07','2015-06-18 10:39:53','S'),(418,'2H',5,2,'2015-06-16 06:18:07','2015-06-18 10:40:09','S'),(419,'2I',5,2,'2015-06-16 06:18:07','2015-07-16 03:14:10','M'),(420,'2J',5,4,'2015-06-16 06:18:07','2015-07-08 09:29:01','S'),(421,'3A',5,9,'2015-06-16 06:18:07','2015-07-08 09:29:34','S'),(422,'3B',5,9,'2015-06-16 06:18:07','2015-07-08 09:29:41','S'),(423,'3C',5,9,'2015-06-16 06:18:07','2015-07-08 09:29:48','S'),(424,'3D',5,8,'2015-06-16 06:18:07','2015-06-24 02:45:17','S'),(425,'3E',5,8,'2015-06-16 06:18:07','2015-07-14 07:38:48','M'),(426,'3F',5,4,'2015-06-16 06:18:07','2015-07-14 07:20:22','M'),(427,'3G',5,4,'2015-06-16 06:18:07','2015-06-19 02:57:45','S'),(428,'3H',5,4,'2015-06-16 06:18:07','2015-07-14 07:13:40','M'),(429,'3I',5,8,'2015-06-16 06:18:07','2015-07-14 07:39:15','M'),(430,'3J',5,9,'2015-06-16 06:18:07','2015-07-08 09:29:54','S'),(431,'4A',5,9,'2015-06-16 06:18:07','2015-06-23 08:17:16','S'),(432,'4B',5,9,'2015-06-16 06:18:07','2015-06-23 08:18:44','S'),(433,'4C',5,9,'2015-06-16 06:18:07','2015-06-23 08:19:43','S'),(434,'4D',5,9,'2015-06-16 06:18:07','2015-06-23 08:20:33','S'),(435,'4E',5,9,'2015-06-16 06:18:07','2015-06-23 08:24:32','S'),(436,'4F',5,9,'2015-06-16 06:18:07','2015-06-23 08:27:26','S'),(437,'4G',5,9,'2015-06-16 06:18:07','2015-06-23 08:28:26','S'),(438,'4H',5,9,'2015-06-16 06:18:07','2015-06-23 08:30:23','S'),(439,'4I',5,9,'2015-06-16 06:18:07','2015-06-23 08:31:10','S'),(440,'4J',5,9,'2015-06-16 06:18:07','2015-06-23 08:31:49','S'),(441,'5A',5,9,'2015-06-16 06:18:07','2015-06-23 08:17:52','S'),(442,'5B',5,9,'2015-06-16 06:18:07','2015-06-24 03:43:23','S'),(443,'5C',5,9,'2015-06-16 06:18:07','2015-06-23 08:19:49','S'),(444,'5D',5,9,'2015-06-16 06:18:07','2015-06-23 08:22:57','S'),(445,'5E',5,9,'2015-06-16 06:18:07','2015-06-23 08:24:40','S'),(446,'5F',5,9,'2015-06-16 06:18:07','2015-06-23 08:27:32','S'),(447,'5G',5,9,'2015-06-16 06:18:07','2015-06-23 08:28:33','S'),(448,'5H',5,9,'2015-06-16 06:18:07','2015-06-23 08:30:30','S'),(449,'5I',5,9,'2015-06-16 06:18:07','2015-06-23 08:31:22','S'),(450,'5J',5,9,'2015-06-16 06:18:07','2015-06-23 08:31:55','S'),(451,'6A',5,9,'2015-06-16 06:18:07','2015-06-23 08:17:59','S'),(452,'6B',5,9,'2015-06-16 06:18:07','2015-06-23 08:18:57','S'),(453,'6C',5,9,'2015-06-16 06:18:07','2015-06-23 08:19:56','S'),(454,'6D',5,9,'2015-06-16 06:18:07','2015-06-23 08:23:03','S'),(455,'6E',5,9,'2015-06-16 06:18:07','2015-06-23 08:26:17','S'),(456,'6F',5,9,'2015-06-16 06:18:07','2015-06-23 08:27:39','S'),(457,'6G',5,9,'2015-06-16 06:18:07','2015-06-23 08:29:40','S'),(458,'6H',5,9,'2015-06-16 06:18:07','2015-06-23 08:30:42','S'),(459,'6I',5,9,'2015-06-16 06:18:07','2015-06-23 08:31:29','S'),(460,'6J',5,9,'2015-06-16 06:18:07','2015-06-23 08:32:01','S'),(461,'7A',5,9,'2015-06-16 06:18:07','2015-06-23 08:18:05','S'),(462,'7B',5,9,'2015-06-16 06:18:07','2015-06-23 08:19:02','S'),(463,'7C',5,9,'2015-06-16 06:18:07','2015-06-23 08:20:02','S'),(464,'7D',5,9,'2015-06-16 06:18:07','2015-06-23 08:23:11','S'),(465,'7E',5,9,'2015-06-16 06:18:07','2015-06-23 08:26:42','S'),(466,'7F',5,9,'2015-06-16 06:18:07','2015-06-23 08:27:46','S'),(467,'7G',5,9,'2015-06-16 06:18:07','2015-06-23 08:29:46','S'),(468,'7H',5,9,'2015-06-16 06:18:07','2015-06-23 08:30:52','S'),(469,'7I',5,9,'2015-06-16 06:18:07','2015-06-23 08:32:17','S'),(470,'7J',5,9,'2015-06-16 06:18:07','2015-07-16 01:07:55','S'),(471,'8A',5,9,'2015-06-16 06:18:07','2015-06-23 08:18:12','S'),(472,'8B',5,9,'2015-06-16 06:18:07','2015-06-23 08:19:24','S'),(473,'8C',5,9,'2015-06-16 06:18:07','2015-06-23 08:20:08','S'),(474,'8D',5,9,'2015-06-16 06:18:07','2015-06-23 08:23:51','S'),(475,'8E',5,9,'2015-06-16 06:18:07','2015-06-23 08:26:50','S'),(476,'8F',5,9,'2015-06-16 06:18:07','2015-06-23 08:27:52','S'),(477,'8G',5,9,'2015-06-16 06:18:07','2015-06-23 08:30:12','S'),(478,'8H',5,9,'2015-06-16 06:18:07','2015-06-23 08:30:58','S'),(479,'8I',5,9,'2015-06-16 06:18:07','2015-06-23 08:32:28','S'),(480,'8J',5,9,'2015-06-16 06:18:07','2015-06-23 08:32:23','S'),(481,'9A',5,9,'2015-06-16 06:18:07','2015-06-23 08:18:20','S'),(482,'9B',5,9,'2015-06-16 06:18:07','2015-06-23 08:19:30','S'),(483,'9C',5,9,'2015-06-16 06:18:07','2015-06-23 08:20:14','S'),(484,'9D',5,9,'2015-06-16 06:18:07','2015-06-23 08:23:59','S'),(485,'9E',5,9,'2015-06-16 06:18:07','2015-06-23 08:27:00','S'),(486,'9F',5,9,'2015-06-16 06:18:07','2015-06-23 08:28:00','S'),(487,'9G',5,9,'2015-06-16 06:18:07','2015-06-23 08:30:17','S'),(488,'9H',5,9,'2015-06-16 06:18:07','2015-06-23 08:31:04','S'),(489,'9I',5,9,'2015-06-16 06:18:07','2015-06-23 08:32:34','S'),(490,'9J',5,9,'2015-06-16 06:18:07','2015-06-23 08:32:39','S'),(491,'10A',5,9,'2015-06-16 06:18:07','2015-06-23 08:18:37','S'),(492,'10B',5,9,'2015-06-16 06:18:07','2015-06-23 08:19:37','S'),(493,'10C',5,9,'2015-06-16 06:18:07','2015-06-23 08:20:28','S'),(494,'10D',5,9,'2015-06-16 06:18:07','2015-06-23 08:24:05','S'),(495,'10E',5,9,'2015-06-16 06:18:07','2015-06-23 08:27:06','S'),(496,'10F',5,9,'2015-06-16 06:18:07','2015-06-23 08:28:07','S'),(497,'10G',5,9,'2015-06-16 06:18:07','2015-06-23 08:30:36','S'),(498,'10H',5,9,'2015-06-16 06:18:07','2015-06-23 08:31:17','S'),(499,'10I',5,9,'2015-06-16 06:18:07','2015-06-23 08:32:52','S'),(500,'10J',5,9,'2015-06-16 06:18:07','2015-06-23 08:32:47','S');
/*!40000 ALTER TABLE `baskets` ENABLE KEYS */;
UNLOCK TABLES;

--
-- Table structure for table `batches`
--

DROP TABLE IF EXISTS `batches`;
/*!40101 SET @saved_cs_client     = @@character_set_client */;
/*!40101 SET character_set_client = utf8 */;
CREATE TABLE `batches` (
  `id` int(11) NOT NULL AUTO_INCREMENT,
  `father_id` int(11) DEFAULT NULL,
  `basket_id` int(11) DEFAULT NULL,
  `mother_id` int(11) DEFAULT NULL,
  `breed_id` int(11) DEFAULT NULL,
  `quantity` int(11) DEFAULT NULL,
  `childbirthday` date DEFAULT NULL,
  `created_at` datetime NOT NULL,
  `updated_at` datetime NOT NULL,
  `use_val` int(11) DEFAULT NULL,
  PRIMARY KEY (`id`)
) ENGINE=InnoDB AUTO_INCREMENT=80 DEFAULT CHARSET=utf8 COLLATE=utf8_unicode_ci;
/*!40101 SET character_set_client = @saved_cs_client */;

--
-- Dumping data for table `batches`
--

LOCK TABLES `batches` WRITE;
/*!40000 ALTER TABLE `batches` DISABLE KEYS */;
INSERT INTO `batches` VALUES (1,679,NULL,680,29,1,'2015-06-15','2015-07-10 07:35:01','2015-07-10 07:35:01',NULL),(2,529,NULL,531,46,5,'2015-06-13','2015-07-13 05:12:39','2015-07-13 05:12:39',NULL),(3,846,NULL,852,53,5,'2015-06-15','2015-07-13 05:34:06','2015-07-13 05:34:06',NULL),(4,846,NULL,852,53,3,'2015-06-15','2015-07-13 05:41:38','2015-07-13 05:41:38',NULL),(5,518,NULL,520,42,5,'2015-06-19','2015-07-13 05:52:50','2015-07-13 05:52:50',NULL),(6,523,NULL,525,44,5,'2015-06-19','2015-07-13 05:59:50','2015-07-13 05:59:50',NULL),(7,532,NULL,536,48,3,'2015-07-12','2015-07-13 06:31:08','2015-07-13 06:31:08',NULL),(8,529,NULL,530,45,4,'2015-06-07','2015-07-13 07:10:45','2015-07-13 07:10:45',NULL),(9,532,NULL,533,47,6,'2015-06-07','2015-07-13 07:12:34','2015-07-13 07:12:34',NULL),(10,6,NULL,7,61,4,'2015-06-17','2015-07-13 07:51:48','2015-07-13 07:51:48',NULL),(11,16,NULL,137,64,6,'2015-06-17','2015-07-13 07:55:16','2015-07-13 07:55:16',NULL),(12,161,NULL,162,66,3,'2015-06-23','2015-07-13 08:00:07','2015-07-13 08:00:07',NULL),(13,228,NULL,227,67,5,'2015-06-12','2015-07-13 08:02:35','2015-07-13 08:02:35',NULL),(14,385,NULL,386,68,6,'2015-06-17','2015-07-13 08:03:42','2015-07-13 08:03:42',NULL),(15,379,NULL,380,73,4,'2015-06-22','2015-07-13 08:06:00','2015-07-13 08:06:00',NULL),(16,417,NULL,419,76,7,'2015-05-28','2015-07-13 08:10:41','2015-07-13 08:10:41',NULL),(17,417,NULL,419,76,8,'2015-06-27','2015-07-13 08:11:09','2015-07-13 08:11:09',NULL),(18,377,NULL,378,78,4,'2015-05-27','2015-07-13 08:16:04','2015-07-13 08:16:04',NULL),(19,377,NULL,378,78,2,'2015-06-25','2015-07-13 08:16:29','2015-07-13 08:16:29',NULL),(20,349,NULL,350,79,5,'2015-06-16','2015-07-13 08:17:42','2015-07-13 08:17:42',NULL),(21,351,NULL,352,80,5,'2015-05-20','2015-07-13 08:19:23','2015-07-13 08:19:23',NULL),(22,381,NULL,382,81,2,'2015-06-14','2015-07-13 08:20:18','2015-07-13 08:20:18',NULL),(23,231,NULL,232,84,2,'2015-06-11','2015-07-13 08:26:14','2015-07-13 08:26:14',NULL),(24,345,NULL,346,85,5,'2015-06-21','2015-07-13 08:27:16','2015-07-13 08:27:16',NULL),(25,326,NULL,327,87,4,'2015-06-24','2015-07-13 08:31:19','2015-07-13 08:31:19',NULL),(26,163,NULL,164,91,5,'2015-06-28','2015-07-13 08:33:54','2015-07-13 08:33:54',NULL),(27,234,NULL,235,93,5,'2015-06-01','2015-07-13 08:36:55','2015-07-13 08:36:55',NULL),(28,328,NULL,329,96,6,'2015-06-22','2015-07-13 08:40:08','2015-07-13 08:40:08',NULL),(29,353,NULL,354,97,4,'2015-06-03','2015-07-13 08:43:18','2015-07-13 08:43:18',NULL),(31,415,NULL,416,104,4,'2015-06-27','2015-07-13 08:47:21','2015-07-13 08:47:21',NULL),(32,334,NULL,335,109,7,'2015-06-14','2015-07-13 08:51:34','2015-07-13 08:51:34',NULL),(33,383,NULL,384,110,5,'2015-06-18','2015-07-13 08:52:20','2015-07-13 08:52:20',NULL),(34,347,NULL,348,111,5,'2015-05-28','2015-07-13 08:53:09','2015-07-13 08:53:09',NULL),(35,399,NULL,400,112,7,'2015-06-07','2015-07-13 08:54:53','2015-07-13 08:54:53',NULL),(36,444,NULL,445,114,7,'2015-06-15','2015-07-13 09:38:02','2015-07-13 09:38:02',NULL),(37,112,NULL,113,117,6,'2015-06-27','2015-07-14 00:38:41','2015-07-14 00:38:41',NULL),(38,19,NULL,20,137,4,'2015-06-20','2015-07-14 03:37:31','2015-07-14 03:37:31',NULL),(39,532,NULL,533,47,8,'2015-05-10','2015-07-14 05:32:07','2015-07-14 05:32:07',NULL),(40,25,NULL,26,138,5,'2015-06-11','2015-07-14 06:57:29','2015-07-14 06:57:29',NULL),(41,25,NULL,26,138,5,'2015-06-11','2015-07-14 06:57:30','2015-07-14 06:57:30',NULL),(42,25,NULL,26,138,5,'2015-06-11','2015-07-14 06:57:31','2015-07-14 06:57:31',NULL),(43,157,NULL,158,141,4,'2015-05-17','2015-07-14 07:11:13','2015-07-14 07:11:13',NULL),(44,155,NULL,156,142,2,'2015-05-25','2015-07-14 07:12:24','2015-07-14 07:12:24',NULL),(45,269,NULL,311,143,2,'2015-06-04','2015-07-14 07:14:10','2015-07-14 07:14:10',NULL),(46,269,NULL,311,143,2,'2015-06-04','2015-07-14 07:14:12','2015-07-14 07:14:12',NULL),(47,37,NULL,36,147,5,'2015-06-17','2015-07-14 07:25:58','2015-07-14 07:25:58',NULL),(48,324,NULL,325,148,6,'2015-06-07','2015-07-14 07:27:31','2015-07-14 07:27:31',NULL),(49,38,NULL,39,120,2,'2015-06-04','2015-07-14 07:29:27','2015-07-14 07:29:27',NULL),(50,38,NULL,39,120,6,'2015-06-28','2015-07-14 07:30:14','2015-07-14 07:30:14',NULL),(51,42,NULL,43,151,4,'2015-06-25','2015-07-14 07:32:32','2015-07-14 07:32:32',NULL),(52,64,NULL,65,159,2,'2015-06-20','2015-07-14 07:38:06','2015-07-14 07:38:06',NULL),(53,70,NULL,71,166,5,'2015-06-26','2015-07-14 07:40:32','2015-07-14 07:40:32',NULL),(54,72,NULL,73,167,4,'2015-06-24','2015-07-14 07:41:36','2015-07-14 07:41:36',NULL),(55,74,NULL,75,168,4,'2015-06-24','2015-07-14 07:42:38','2015-07-14 07:42:38',NULL),(56,78,NULL,79,171,7,'2015-06-17','2015-07-14 07:44:44','2015-07-14 07:44:44',NULL),(57,103,NULL,102,178,4,'2015-06-17','2015-07-14 08:01:36','2015-07-14 08:01:36',NULL),(58,105,NULL,104,179,6,'2015-06-17','2015-07-14 08:02:58','2015-07-14 08:02:58',NULL),(59,110,NULL,111,181,5,'2015-06-23','2015-07-14 08:04:45','2015-07-14 08:04:45',NULL),(60,128,NULL,129,186,6,'2015-06-22','2015-07-14 08:09:36','2015-07-14 08:09:36',NULL),(61,131,NULL,130,187,5,'2015-06-04','2015-07-14 08:16:00','2015-07-14 08:16:00',NULL),(62,697,NULL,690,130,7,'2015-04-10','2015-07-15 07:07:07','2015-07-15 07:07:07',NULL),(63,819,NULL,820,133,8,'2015-05-28','2015-07-15 09:38:55','2015-07-15 09:38:55',NULL),(64,819,NULL,820,133,6,'2015-05-28','2015-07-15 09:41:08','2015-07-15 09:41:08',NULL),(65,697,NULL,690,130,6,'2015-05-05','2015-07-16 01:33:48','2015-07-16 01:33:48',NULL),(66,701,NULL,703,230,2,'2015-05-11','2015-07-16 01:40:23','2015-07-16 01:40:23',NULL),(67,699,NULL,700,131,5,'2015-06-02','2015-07-16 01:43:15','2015-07-16 01:43:15',NULL),(68,840,NULL,841,219,8,'2015-05-02','2015-07-16 01:56:11','2015-07-16 01:56:11',NULL),(69,838,NULL,839,217,6,'2015-05-14','2015-07-16 02:02:00','2015-07-16 02:02:00',NULL),(70,264,NULL,262,237,5,'2015-07-03','2015-07-16 07:29:51','2015-07-16 07:29:51',NULL),(71,264,NULL,262,237,5,'2015-07-03','2015-07-16 07:29:52','2015-07-16 07:29:52',NULL),(72,27,NULL,28,115,7,'2015-07-06','2015-07-16 08:11:42','2015-07-16 08:11:42',NULL),(73,68,NULL,69,162,7,'2015-07-09','2015-07-16 08:14:13','2015-07-16 08:14:13',NULL),(74,76,NULL,77,170,7,'2015-06-30','2015-07-16 08:14:52','2015-07-16 08:14:52',NULL),(75,80,NULL,81,172,7,'2015-07-03','2015-07-16 08:15:37','2015-07-16 08:15:37',NULL),(76,94,NULL,93,173,1,'2015-07-15','2015-07-16 08:16:03','2015-07-16 08:16:03',NULL),(77,108,NULL,109,180,6,'2015-07-07','2015-07-16 08:16:33','2015-07-16 08:16:33',NULL),(78,115,NULL,114,182,4,'2015-07-15','2015-07-16 08:17:21','2015-07-16 08:17:21',NULL),(79,31,NULL,33,119,1,'2015-07-05','2015-07-16 08:33:49','2015-07-16 08:33:49',NULL);
/*!40000 ALTER TABLE `batches` ENABLE KEYS */;
UNLOCK TABLES;

--
-- Table structure for table `breeds`
--

DROP TABLE IF EXISTS `breeds`;
/*!40101 SET @saved_cs_client     = @@character_set_client */;
/*!40101 SET character_set_client = utf8 */;
CREATE TABLE `breeds` (
  `id` int(11) NOT NULL AUTO_INCREMENT,
  `basket_id` int(11) DEFAULT NULL,
  `father_id` int(11) DEFAULT NULL,
  `mother_id` int(11) DEFAULT NULL,
  `cage_at` date DEFAULT NULL,
  `is_usable` tinyint(1) DEFAULT NULL,
  `created_at` datetime NOT NULL,
  `updated_at` datetime NOT NULL,
  `created_by` int(11) DEFAULT NULL,
  `breeding` tinyint(1) DEFAULT '0',
  `cancel_date` date DEFAULT NULL,
  PRIMARY KEY (`id`)
) ENGINE=InnoDB AUTO_INCREMENT=270 DEFAULT CHARSET=utf8 COLLATE=utf8_unicode_ci;
/*!40101 SET character_set_client = @saved_cs_client */;

--
-- Dumping data for table `breeds`
--

LOCK TABLES `breeds` WRITE;
/*!40000 ALTER TABLE `breeds` DISABLE KEYS */;
INSERT INTO `breeds` VALUES (27,38,633,634,'2015-06-25',1,'2015-07-10 07:20:11','2015-07-10 07:20:11',7,0,NULL),(28,38,633,635,'2015-06-25',1,'2015-07-10 07:20:11','2015-07-10 07:20:11',7,0,NULL),(29,30,679,680,'2014-12-15',1,'2015-07-10 07:21:41','2015-07-10 07:35:01',7,1,NULL),(30,39,683,684,'2015-06-25',1,'2015-07-10 07:24:33','2015-07-10 07:24:33',7,0,NULL),(31,76,685,686,'2015-06-25',1,'2015-07-10 07:24:55','2015-07-10 07:24:55',7,0,NULL),(32,111,681,682,'2015-06-25',1,'2015-07-10 07:25:20','2015-07-10 07:25:20',7,0,NULL),(33,131,671,678,'2014-12-15',1,'2015-07-10 07:26:03','2015-07-10 07:26:03',7,0,NULL),(34,27,509,510,'2015-04-07',1,'2015-07-13 02:47:14','2015-07-13 05:49:46',10,0,NULL),(35,27,509,511,'2015-04-07',1,'2015-07-13 02:47:14','2015-07-13 05:48:43',10,0,NULL),(36,27,509,512,'2015-04-07',1,'2015-07-13 02:47:14','2015-07-13 05:48:14',10,0,NULL),(37,50,513,514,'2015-05-19',1,'2015-07-13 02:48:27','2015-07-13 02:48:27',10,0,NULL),(38,50,513,515,'2015-05-19',1,'2015-07-13 02:48:27','2015-07-13 02:48:27',10,0,NULL),(39,50,513,516,'2015-05-19',1,'2015-07-13 02:48:27','2015-07-13 02:48:27',10,0,NULL),(40,50,513,517,'2015-05-19',1,'2015-07-13 02:48:27','2015-07-13 02:48:27',10,0,NULL),(41,59,518,519,'2015-05-10',1,'2015-07-13 02:48:46','2015-07-13 05:51:57',10,0,NULL),(42,59,518,520,'2015-05-10',1,'2015-07-13 02:48:46','2015-07-13 05:52:50',10,1,NULL),(43,89,523,524,'2015-01-05',1,'2015-07-13 02:49:25','2015-07-13 05:58:31',10,0,NULL),(44,89,523,525,'2015-01-05',1,'2015-07-13 02:49:25','2015-07-13 05:59:50',10,1,NULL),(45,112,529,530,'2015-01-12',1,'2015-07-13 02:52:03','2015-07-13 07:10:45',10,1,NULL),(46,112,529,531,'2015-01-12',1,'2015-07-13 02:52:03','2015-07-13 06:02:47',10,1,NULL),(47,122,532,533,'2015-03-29',1,'2015-07-13 02:52:49','2015-07-13 07:12:34',10,1,NULL),(48,122,532,536,'2015-03-29',1,'2015-07-13 02:52:49','2015-07-13 06:31:08',10,1,NULL),(49,120,537,540,'2015-05-19',1,'2015-07-13 02:53:07','2015-07-13 02:53:07',10,0,NULL),(50,140,541,542,'2014-12-03',1,'2015-07-13 02:53:31','2015-07-13 02:53:31',10,0,NULL),(51,140,541,543,'2014-12-03',1,'2015-07-13 02:53:31','2015-07-13 02:53:31',10,0,NULL),(52,77,521,522,'2015-01-21',1,'2015-07-13 05:16:13','2015-07-13 05:16:13',10,0,NULL),(53,96,846,852,'2015-03-20',1,'2015-07-13 05:33:08','2015-07-13 05:34:06',10,1,NULL),(54,262,736,737,'2015-07-01',1,'2015-07-13 07:48:07','2015-07-13 07:48:07',3,0,NULL),(55,213,738,739,'2015-06-16',1,'2015-07-13 07:48:30','2015-07-13 07:48:30',3,0,NULL),(56,293,740,741,'2015-05-29',1,'2015-07-13 07:48:46','2015-07-13 07:48:46',3,0,NULL),(57,297,742,743,'2015-06-16',1,'2015-07-13 07:49:01','2015-07-13 07:49:01',3,0,NULL),(58,278,744,745,'2015-05-29',1,'2015-07-13 07:49:21','2015-07-13 07:49:21',3,0,NULL),(59,298,746,747,'2015-04-30',1,'2015-07-13 07:49:38','2015-07-13 07:49:38',3,0,NULL),(60,289,748,749,'2015-05-29',1,'2015-07-13 07:49:55','2015-07-13 07:49:55',3,0,NULL),(61,221,6,7,'2015-03-18',1,'2015-07-13 07:50:12','2015-07-13 07:51:49',4,1,NULL),(62,260,750,751,'2015-05-29',1,'2015-07-13 07:50:14','2015-07-13 07:50:14',3,0,NULL),(63,270,752,753,'2015-06-16',1,'2015-07-13 07:50:27','2015-07-13 07:50:27',3,0,NULL),(64,231,16,137,'2015-05-26',1,'2015-07-13 07:54:47','2015-07-13 07:55:16',4,1,NULL),(65,241,159,160,'2015-04-26',1,'2015-07-13 07:57:57','2015-07-13 07:57:57',4,0,NULL),(66,261,161,162,'2015-04-26',1,'2015-07-13 07:58:59','2015-07-13 08:00:07',4,1,NULL),(67,212,228,227,'2015-03-26',1,'2015-07-13 08:02:12','2015-07-13 08:02:35',4,1,NULL),(68,242,385,386,'2015-05-26',1,'2015-07-13 08:03:15','2015-07-13 08:03:42',4,1,NULL),(69,282,426,427,'2015-06-18',1,'2015-07-13 08:04:18','2015-07-13 08:04:18',4,0,NULL),(70,282,426,428,'2015-06-18',1,'2015-07-13 08:04:18','2015-07-13 08:04:18',4,0,NULL),(71,282,426,429,'2015-06-18',1,'2015-07-13 08:04:18','2015-07-13 08:04:18',4,0,NULL),(72,203,357,358,'2015-04-26',1,'2015-07-13 08:04:56','2015-07-13 08:04:56',4,0,NULL),(73,223,379,380,'2015-04-26',1,'2015-07-13 08:05:40','2015-07-13 08:06:00',4,1,NULL),(74,233,153,154,'2015-03-11',1,'2015-07-13 08:06:26','2015-07-13 08:06:26',4,0,NULL),(75,243,417,418,'2015-04-16',1,'2015-07-13 08:07:48','2015-07-13 08:07:48',4,0,NULL),(76,243,417,419,'2015-04-16',1,'2015-07-13 08:07:48','2015-07-13 08:10:41',4,1,NULL),(77,253,672,319,'2015-07-10',1,'2015-07-13 08:14:36','2015-07-13 08:14:36',4,0,NULL),(78,283,377,378,'2015-04-26',1,'2015-07-13 08:15:42','2015-07-13 08:16:04',4,1,NULL),(79,204,349,350,'2015-04-26',1,'2015-07-13 08:17:14','2015-07-13 08:17:42',4,1,NULL),(80,224,351,352,'2015-04-26',1,'2015-07-13 08:18:15','2015-07-13 08:19:23',4,1,NULL),(81,234,381,382,'2015-04-26',1,'2015-07-13 08:19:52','2015-07-13 08:20:18',4,1,NULL),(82,244,165,166,'2015-06-08',1,'2015-07-13 08:24:26','2015-07-13 08:24:26',4,0,NULL),(83,254,316,317,'2015-06-09',1,'2015-07-13 08:25:17','2015-07-13 08:25:17',4,0,NULL),(84,205,231,232,'2015-02-02',1,'2015-07-13 08:25:56','2015-07-13 08:26:14',4,1,NULL),(85,235,345,346,'2015-03-18',1,'2015-07-13 08:26:51','2015-07-13 08:27:16',4,1,NULL),(86,245,387,388,'2015-05-26',1,'2015-07-13 08:28:48','2015-07-13 08:28:48',4,0,NULL),(87,265,326,327,'2015-04-26',1,'2015-07-13 08:30:58','2015-07-13 08:31:19',4,1,NULL),(88,206,401,402,'2015-06-08',1,'2015-07-13 08:32:10','2015-07-13 08:32:10',4,0,NULL),(89,216,489,490,'2015-05-19',1,'2015-07-13 08:32:42','2015-07-13 08:32:42',4,0,NULL),(90,226,312,313,'2015-05-06',1,'2015-07-13 08:33:11','2015-07-13 08:33:11',4,0,NULL),(91,236,163,164,'2015-05-22',1,'2015-07-13 08:33:35','2015-07-13 08:33:54',4,1,NULL),(92,286,141,142,'2015-06-08',1,'2015-07-13 08:36:16','2015-07-13 08:36:16',4,0,NULL),(93,207,234,235,'2015-02-02',1,'2015-07-13 08:36:40','2015-07-13 08:36:55',4,1,NULL),(94,217,330,331,'2015-04-26',1,'2015-07-13 08:37:23','2015-07-13 08:37:23',4,0,NULL),(95,237,670,497,'2015-07-10',1,'2015-07-13 08:38:46','2015-07-13 08:38:46',4,0,NULL),(96,247,328,329,'2015-04-26',1,'2015-07-13 08:39:50','2015-07-13 08:40:08',4,1,NULL),(97,258,353,354,'2015-04-26',1,'2015-07-13 08:42:27','2015-07-13 08:43:18',4,1,NULL),(98,268,332,333,'2015-05-22',1,'2015-07-13 08:43:55','2015-07-13 08:43:55',4,0,NULL),(99,209,491,492,'2015-05-29',1,'2015-07-13 08:44:32','2015-07-13 08:44:32',4,0,NULL),(100,229,314,315,'2015-06-09',1,'2015-07-13 08:45:11','2015-07-13 08:45:11',4,0,NULL),(101,239,389,390,'2015-06-09',1,'2015-07-13 08:45:45','2015-07-13 08:45:45',4,0,NULL),(102,249,493,494,'2015-06-09',1,'2015-07-13 08:46:06','2015-07-13 08:46:06',4,0,NULL),(103,259,337,338,'2015-06-09',1,'2015-07-13 08:46:30','2015-07-13 08:46:30',4,0,NULL),(104,269,415,416,'2015-06-09',1,'2015-07-13 08:46:59','2015-07-13 08:47:20',4,1,NULL),(105,299,375,376,'2015-02-02',1,'2015-07-13 08:50:03','2015-07-13 08:50:03',4,0,NULL),(106,299,375,395,'2015-02-02',0,'2015-07-13 08:50:03','2015-07-16 02:38:54',4,0,'2015-07-16'),(107,299,375,396,'2015-02-02',0,'2015-07-13 08:50:03','2015-07-16 02:38:59',4,0,'2015-07-16'),(108,210,147,150,'2015-06-09',1,'2015-07-13 08:50:41','2015-07-13 08:50:41',4,0,NULL),(109,230,334,335,'2015-05-22',1,'2015-07-13 08:51:14','2015-07-13 08:51:34',4,1,NULL),(110,240,383,384,'2015-05-26',1,'2015-07-13 08:52:00','2015-07-13 08:52:20',4,1,NULL),(111,280,347,348,'2015-03-26',1,'2015-07-13 08:52:49','2015-07-13 08:53:09',4,1,NULL),(112,290,399,400,'2015-03-18',1,'2015-07-13 08:54:28','2015-07-13 08:54:53',4,1,NULL),(113,330,442,443,'2015-03-31',0,'2015-07-13 09:36:57','2015-07-16 01:05:26',4,0,'2015-07-16'),(114,310,444,445,'2015-03-31',1,'2015-07-13 09:37:31','2015-07-13 09:38:03',4,1,NULL),(115,211,27,28,'2015-05-19',1,'2015-07-14 00:34:44','2015-07-16 08:11:42',8,1,NULL),(116,263,82,83,'2015-06-12',1,'2015-07-14 00:36:37','2015-07-14 00:36:37',8,0,NULL),(117,225,112,113,'2015-05-06',1,'2015-07-14 00:37:58','2015-07-14 00:38:41',8,1,NULL),(118,296,31,32,'2015-06-12',1,'2015-07-14 00:40:33','2015-07-14 00:40:33',8,0,NULL),(119,296,31,33,'2015-06-12',1,'2015-07-14 00:40:33','2015-07-16 08:33:49',8,1,NULL),(120,218,38,39,'2015-03-13',1,'2015-07-14 00:41:13','2015-07-14 07:29:27',8,1,NULL),(121,228,48,49,'2015-06-12',1,'2015-07-14 00:42:10','2015-07-14 00:42:10',8,0,NULL),(122,284,706,707,'2015-05-16',1,'2015-07-14 01:49:17','2015-07-14 01:49:17',3,0,NULL),(123,285,708,709,'2015-05-12',1,'2015-07-14 01:49:36','2015-07-14 01:49:36',3,0,NULL),(124,288,714,715,'2015-06-16',1,'2015-07-14 01:50:03','2015-07-14 01:50:03',3,0,NULL),(125,257,712,713,'2014-12-30',1,'2015-07-14 01:50:36','2015-07-14 01:50:36',3,0,NULL),(126,295,710,711,'2015-05-29',1,'2015-07-14 01:51:01','2015-07-14 01:51:01',3,0,NULL),(127,300,716,717,'2015-06-16',1,'2015-07-14 01:51:25','2015-07-14 01:51:25',3,0,NULL),(128,382,696,698,'2015-07-10',1,'2015-07-14 01:51:42','2015-07-14 01:51:42',3,0,NULL),(129,392,754,755,'2015-06-16',1,'2015-07-14 01:57:42','2015-07-14 01:57:42',3,0,NULL),(130,332,697,690,'2014-11-20',1,'2015-07-14 02:02:42','2015-07-15 07:07:07',3,1,NULL),(131,376,699,700,'2015-03-11',1,'2015-07-14 02:02:59','2015-07-16 01:43:15',3,1,NULL),(132,390,701,703,'2015-06-25',0,'2015-07-14 02:03:17','2015-07-16 01:39:29',3,0,'2015-07-16'),(133,338,819,820,'2015-04-17',1,'2015-07-14 02:03:38','2015-07-15 09:38:55',3,1,NULL),(134,338,819,821,'2015-04-17',1,'2015-07-14 02:03:38','2015-07-14 02:03:38',3,0,NULL),(135,405,822,823,'2015-04-21',1,'2015-07-14 02:04:04','2015-07-14 02:04:04',3,0,NULL),(136,404,824,825,'2015-07-08',1,'2015-07-14 02:04:14','2015-07-14 02:04:14',3,0,NULL),(137,381,19,20,'2015-03-13',1,'2015-07-14 03:33:11','2015-07-14 03:37:31',8,1,NULL),(138,387,25,26,'2015-05-19',1,'2015-07-14 03:34:32','2015-07-14 06:57:29',8,1,NULL),(139,398,35,34,'2015-06-12',1,'2015-07-14 03:35:46','2015-07-14 03:35:46',8,0,NULL),(140,113,229,230,'2015-06-16',1,'2015-07-14 07:08:19','2015-07-14 07:08:19',4,0,NULL),(141,411,157,158,NULL,1,'2015-07-14 07:10:34','2015-07-14 07:11:13',4,1,NULL),(142,409,155,156,'2015-03-18',1,'2015-07-14 07:11:47','2015-07-14 07:12:24',4,1,NULL),(143,428,269,311,'2015-03-18',1,'2015-07-14 07:13:40','2015-07-14 07:14:10',4,1,NULL),(144,410,339,340,'2015-06-09',1,'2015-07-14 07:15:10','2015-07-14 07:15:10',4,0,NULL),(145,426,705,496,'2015-07-09',1,'2015-07-14 07:20:22','2015-07-14 07:20:22',4,0,NULL),(146,414,675,318,'2015-07-09',1,'2015-07-14 07:21:27','2015-07-14 07:21:27',4,0,NULL),(147,348,37,36,'2015-03-06',1,'2015-07-14 07:24:54','2015-07-14 07:25:58',8,1,NULL),(148,352,324,325,'2015-03-12',1,'2015-07-14 07:24:57','2015-07-14 07:27:31',4,1,NULL),(149,314,343,344,'2015-06-18',1,'2015-07-14 07:29:45','2015-07-14 07:29:45',4,0,NULL),(150,311,40,41,'2015-04-22',1,'2015-07-14 07:30:51','2015-07-14 07:30:51',8,0,NULL),(151,302,42,43,'2015-04-22',1,'2015-07-14 07:31:18','2015-07-14 07:32:32',8,1,NULL),(152,371,410,411,'2014-10-16',1,'2015-07-14 07:32:26','2015-07-14 07:32:26',4,0,NULL),(153,371,410,412,'2014-10-16',1,'2015-07-14 07:32:26','2015-07-14 07:32:26',4,0,NULL),(154,366,44,45,'2015-06-12',1,'2015-07-14 07:32:56','2015-07-14 07:32:56',8,0,NULL),(155,386,47,46,'2015-06-12',1,'2015-07-14 07:33:22','2015-07-14 07:33:22',8,0,NULL),(156,320,57,146,'2015-07-08',1,'2015-07-14 07:33:44','2015-07-14 07:33:44',8,0,NULL),(157,385,62,63,'2015-04-22',1,'2015-07-14 07:36:32','2015-07-14 07:36:32',8,0,NULL),(158,343,420,421,'2015-06-08',1,'2015-07-14 07:36:35','2015-07-14 07:36:35',4,0,NULL),(159,319,64,65,'2015-04-22',1,'2015-07-14 07:37:08','2015-07-14 07:38:06',8,1,NULL),(160,341,422,423,'2015-03-18',1,'2015-07-14 07:38:01','2015-07-14 07:38:01',4,0,NULL),(161,425,66,67,'2015-04-25',1,'2015-07-14 07:38:48','2015-07-14 07:38:48',8,0,NULL),(162,429,68,69,'2015-04-25',1,'2015-07-14 07:39:15','2015-07-16 08:14:13',8,1,NULL),(163,369,592,591,'2015-01-22',1,'2015-07-14 07:39:30','2015-07-14 07:39:30',4,0,NULL),(164,369,592,593,'2015-07-14',1,'2015-07-14 07:39:35','2015-07-14 07:39:35',4,0,NULL),(165,369,592,594,'2015-07-14',1,'2015-07-14 07:39:51','2015-07-14 07:39:51',4,0,NULL),(166,305,70,71,'2015-05-06',1,'2015-07-14 07:40:03','2015-07-14 07:40:32',8,1,NULL),(167,335,72,73,'2015-05-06',1,'2015-07-14 07:41:15','2015-07-14 07:41:36',8,1,NULL),(168,395,74,75,'2015-05-19',1,'2015-07-14 07:42:05','2015-07-14 07:42:38',8,1,NULL),(169,383,440,441,'2015-03-31',1,'2015-07-14 07:42:10','2015-07-14 07:42:10',4,0,NULL),(170,250,76,77,'2015-05-19',1,'2015-07-14 07:43:01','2015-07-16 08:14:52',8,1,NULL),(171,318,78,79,'2015-05-19',1,'2015-07-14 07:44:13','2015-07-14 07:44:44',8,1,NULL),(172,358,80,81,'2015-06-12',1,'2015-07-14 07:45:44','2015-07-16 08:15:37',8,1,NULL),(173,337,94,93,'2015-05-06',1,'2015-07-14 07:47:20','2015-07-16 08:16:03',8,1,NULL),(174,393,96,778,'2015-07-08',1,'2015-07-14 07:47:52','2015-07-14 07:47:52',8,0,NULL),(175,378,97,151,'2015-07-08',1,'2015-07-14 07:48:34','2015-07-14 07:48:34',8,0,NULL),(176,342,780,149,'2015-07-08',1,'2015-07-14 07:50:14','2015-07-14 07:50:14',8,0,NULL),(177,246,704,495,'2015-07-09',1,'2015-07-14 07:54:36','2015-07-14 07:54:36',4,0,NULL),(178,379,103,102,'2015-01-21',1,'2015-07-14 08:01:09','2015-07-14 08:01:36',8,1,NULL),(179,389,105,104,'2015-01-21',1,'2015-07-14 08:02:25','2015-07-14 08:02:58',8,1,NULL),(180,391,108,109,'2015-05-06',1,'2015-07-14 08:03:27','2015-07-16 08:16:33',8,1,NULL),(181,353,110,111,'2015-05-06',1,'2015-07-14 08:04:07','2015-07-14 08:04:45',8,1,NULL),(182,377,115,114,'2015-06-12',1,'2015-07-14 08:06:14','2015-07-16 08:17:21',8,1,NULL),(183,345,116,117,'2015-06-12',1,'2015-07-14 08:06:40','2015-07-14 08:06:40',8,0,NULL),(184,351,145,121,'2015-06-26',1,'2015-07-14 08:07:08','2015-07-14 08:07:08',8,0,NULL),(185,400,126,127,'2015-04-22',1,'2015-07-14 08:08:14','2015-07-14 08:08:14',8,0,NULL),(186,360,128,129,'2015-04-22',1,'2015-07-14 08:08:50','2015-07-14 08:09:36',8,1,NULL),(187,303,131,130,'2015-05-06',1,'2015-07-14 08:10:11','2015-07-14 08:16:00',8,1,NULL),(188,370,136,148,'2015-07-08',1,'2015-07-14 08:18:47','2015-07-14 08:18:47',8,0,NULL),(189,321,139,152,'2015-07-08',1,'2015-07-14 08:19:08','2015-07-14 08:19:08',8,0,NULL),(190,271,763,764,'2015-04-30',1,'2015-07-15 06:12:43','2015-07-15 06:12:43',3,0,NULL),(191,272,756,757,'2015-01-20',1,'2015-07-15 06:13:03','2015-07-15 06:13:03',3,0,NULL),(192,274,765,766,'2015-04-01',1,'2015-07-15 06:13:25','2015-07-15 06:13:25',3,0,NULL),(193,275,759,760,'2015-02-09',1,'2015-07-15 06:13:52','2015-07-15 06:13:52',3,0,NULL),(194,276,768,769,'2015-01-20',1,'2015-07-15 06:14:08','2015-07-15 06:14:08',3,0,NULL),(195,277,770,771,'2015-04-01',1,'2015-07-15 06:14:25','2015-07-15 06:14:25',3,0,NULL),(196,279,773,774,'2015-01-25',1,'2015-07-15 06:14:44','2015-07-15 06:14:44',3,0,NULL),(197,291,761,762,'2014-11-04',1,'2015-07-15 06:15:09','2015-07-15 06:15:09',3,0,NULL),(198,294,775,777,'2014-11-30',1,'2015-07-15 06:15:25','2015-07-15 06:15:25',3,0,NULL),(199,134,1129,1130,'2015-07-15',1,'2015-07-15 06:22:00','2015-07-15 06:22:00',3,0,NULL),(200,397,719,1132,'2015-07-15',1,'2015-07-15 06:29:33','2015-07-15 06:29:33',3,0,NULL),(201,339,720,721,'2015-07-15',0,'2015-07-15 06:29:48','2015-07-16 00:42:42',3,0,'2015-07-16'),(202,151,639,642,'2015-05-29',1,'2015-07-15 06:33:03','2015-07-15 06:33:03',3,0,NULL),(203,152,1134,1135,'2015-07-15',1,'2015-07-15 06:36:09','2015-07-15 06:36:09',3,0,NULL),(204,153,648,649,'2014-08-15',1,'2015-07-15 06:36:35','2015-07-15 06:36:35',3,0,NULL),(205,154,650,651,'2015-03-05',1,'2015-07-15 06:36:52','2015-07-15 06:36:52',3,0,NULL),(206,155,654,655,'2015-01-19',1,'2015-07-15 06:37:11','2015-07-15 06:37:11',3,0,NULL),(207,156,1136,1137,'2015-07-15',1,'2015-07-15 06:39:23','2015-07-15 06:39:23',3,0,NULL),(208,158,658,659,'2015-01-23',1,'2015-07-15 06:39:42','2015-07-15 06:39:42',3,0,NULL),(209,159,661,662,'2014-11-19',1,'2015-07-15 06:40:01','2015-07-15 06:40:01',3,0,NULL),(210,141,834,835,'2015-06-11',1,'2015-07-15 06:41:31','2015-07-15 06:41:31',3,0,NULL),(211,142,237,238,'2015-01-23',1,'2015-07-15 06:41:47','2015-07-15 06:41:47',3,0,NULL),(212,143,836,837,'2015-03-05',1,'2015-07-15 06:42:02','2015-07-15 06:42:02',3,0,NULL),(213,144,240,241,'2014-11-19',1,'2015-07-15 06:42:27','2015-07-15 06:42:27',3,0,NULL),(214,145,242,243,'2015-03-05',1,'2015-07-15 06:42:45','2015-07-15 06:42:45',3,0,NULL),(215,147,244,245,'2014-10-30',1,'2015-07-15 06:44:11','2015-07-15 06:44:11',3,0,NULL),(216,148,246,247,'2014-10-30',1,'2015-07-15 06:44:28','2015-07-15 06:44:28',3,0,NULL),(217,149,838,839,'2015-04-17',1,'2015-07-15 06:44:48','2015-07-16 02:02:00',3,1,NULL),(218,150,248,249,'2014-10-29',1,'2015-07-15 06:45:08','2015-07-15 06:45:08',3,0,NULL),(219,160,840,841,'2015-01-29',1,'2015-07-15 06:45:25','2015-07-16 01:56:11',3,1,NULL),(220,146,1138,1139,'2015-07-12',1,'2015-07-15 07:05:07','2015-07-15 07:05:07',3,0,NULL),(221,146,1138,1140,'2015-07-12',1,'2015-07-15 07:05:07','2015-07-15 07:05:07',3,0,NULL),(222,219,723,725,'2015-07-15',1,'2015-07-16 00:41:30','2015-07-16 00:41:35',4,0,NULL),(223,339,720,721,'2015-07-15',1,'2015-07-16 00:44:13','2015-07-16 00:44:17',4,0,NULL),(224,252,341,342,'2015-06-09',1,'2015-07-16 00:47:26','2015-07-16 00:47:26',4,0,NULL),(225,292,355,356,'2015-04-26',1,'2015-07-16 00:48:02','2015-07-16 00:48:02',4,0,NULL),(226,330,442,443,'2015-03-31',1,'2015-07-16 01:06:16','2015-07-16 01:06:23',4,0,NULL),(227,248,724,726,'2015-07-15',1,'2015-07-16 01:15:48','2015-07-16 01:15:52',3,0,NULL),(228,267,730,1162,'2015-07-15',1,'2015-07-16 01:19:10','2015-07-16 01:19:10',3,0,NULL),(229,266,728,727,'2015-07-15',1,'2015-07-16 01:23:39','2015-07-16 01:23:42',3,0,NULL),(230,390,701,703,'2015-03-11',1,'2015-07-16 01:39:32','2015-07-16 01:40:23',3,1,NULL),(231,407,596,598,'2014-11-19',1,'2015-07-16 01:48:04','2015-07-16 01:48:04',4,0,NULL),(232,407,596,599,'2014-11-19',1,'2015-07-16 01:48:04','2015-07-16 01:48:04',4,0,NULL),(233,362,168,169,'2015-04-25',1,'2015-07-16 02:18:00','2015-07-16 02:18:00',2,0,NULL),(234,368,218,215,'2014-10-10',1,'2015-07-16 02:51:51','2015-07-16 02:51:51',2,0,NULL),(235,419,222,216,'2015-07-15',1,'2015-07-16 03:14:10','2015-07-16 03:14:10',2,0,NULL),(236,333,1196,1197,'2014-03-01',1,'2015-07-16 03:42:48','2015-07-16 03:42:48',2,0,NULL),(237,365,264,262,'2015-01-20',1,'2015-07-16 07:29:27','2015-07-16 07:29:51',2,1,NULL),(238,311,56,50,'2015-07-15',1,'2015-07-16 08:04:30','2015-07-16 08:04:47',8,0,NULL),(239,415,175,173,'2015-05-29',1,'2015-07-16 09:26:39','2015-07-16 09:26:39',2,0,NULL),(240,415,175,174,'2015-05-29',1,'2015-07-16 09:26:39','2015-07-16 09:26:39',2,0,NULL),(241,367,178,177,'2015-01-30',1,'2015-07-16 09:27:51','2015-07-16 09:27:51',2,0,NULL),(242,356,180,179,'2015-01-30',1,'2015-07-16 09:28:13','2015-07-16 09:28:13',2,0,NULL),(243,388,193,192,'2015-01-13',1,'2015-07-16 09:28:55','2015-07-16 09:28:55',2,0,NULL),(244,304,196,195,'2015-01-13',1,'2015-07-16 09:29:18','2015-07-16 09:29:18',2,0,NULL),(245,334,204,205,'2015-07-14',1,'2015-07-16 09:30:42','2015-07-16 09:30:42',2,0,NULL),(246,316,206,207,'2015-03-18',1,'2015-07-16 09:31:06','2015-07-16 09:31:06',2,0,NULL),(247,328,209,210,'2015-07-14',1,'2015-07-16 09:31:22','2015-07-16 09:31:22',2,0,NULL),(248,354,1195,1194,'2015-07-15',1,'2015-07-16 09:33:49','2015-07-16 09:33:49',2,0,NULL),(249,380,1198,1199,'2015-07-15',1,'2015-07-16 09:37:31','2015-07-16 09:37:31',2,0,NULL),(250,309,1200,253,'2015-07-15',1,'2015-07-16 09:37:56','2015-07-16 09:37:56',2,0,NULL),(251,349,283,287,'2015-05-22',1,'2015-07-16 09:38:56','2015-07-16 09:38:56',2,0,NULL),(252,308,1236,1255,'2015-07-15',1,'2015-07-16 09:39:47','2015-07-16 09:39:47',2,0,NULL),(253,308,1236,1256,'2015-07-15',1,'2015-07-16 09:39:47','2015-07-16 09:39:47',2,0,NULL),(254,329,288,289,'2014-07-12',1,'2015-07-16 09:40:12','2015-07-16 09:40:12',2,0,NULL),(255,327,292,290,'2015-03-02',1,'2015-07-16 09:40:38','2015-07-16 09:40:38',2,0,NULL),(256,340,295,296,'2015-06-02',1,'2015-07-16 09:40:54','2015-07-16 09:40:54',2,0,NULL),(257,340,295,297,'2015-06-02',1,'2015-07-16 09:40:54','2015-07-16 09:40:54',2,0,NULL),(258,340,295,298,'2015-06-02',1,'2015-07-16 09:40:54','2015-07-16 09:40:54',2,0,NULL),(259,412,604,605,'2015-05-21',1,'2015-07-16 09:43:55','2015-07-16 09:43:55',2,0,NULL),(260,412,604,606,'2015-05-21',1,'2015-07-16 09:43:55','2015-07-16 09:43:55',2,0,NULL),(261,413,584,583,'2015-02-11',1,'2015-07-16 09:44:09','2015-07-16 09:44:09',2,0,NULL),(262,325,611,612,'2015-03-01',1,'2015-07-16 09:44:36','2015-07-16 09:44:36',2,0,NULL),(263,69,463,477,'2015-04-29',1,'2015-07-16 12:49:09','2015-07-16 12:49:09',11,0,NULL),(264,101,481,465,'2015-02-05',1,'2015-07-16 12:50:01','2015-07-16 12:50:01',11,0,NULL),(265,101,481,466,'2015-02-05',1,'2015-07-16 12:50:01','2015-07-16 12:50:01',11,0,NULL),(266,125,478,479,'2014-11-04',1,'2015-07-16 12:51:08','2015-07-16 12:51:08',11,0,NULL),(267,126,470,474,'2015-05-23',1,'2015-07-16 12:52:41','2015-07-16 12:52:41',11,0,NULL),(268,129,480,476,'2015-07-04',1,'2015-07-16 12:53:21','2015-07-16 12:53:21',11,0,NULL),(269,110,468,469,'2015-02-05',1,'2015-07-16 12:53:44','2015-07-16 12:53:44',11,0,NULL);
/*!40000 ALTER TABLE `breeds` ENABLE KEYS */;
UNLOCK TABLES;

--
-- Table structure for table `breeds_infos`
--

DROP TABLE IF EXISTS `breeds_infos`;
/*!40101 SET @saved_cs_client     = @@character_set_client */;
/*!40101 SET character_set_client = utf8 */;
CREATE TABLE `breeds_infos` (
  `id` int(11) NOT NULL AUTO_INCREMENT,
  `breed_id` int(11) DEFAULT NULL,
  `batch_id` int(11) DEFAULT NULL,
  `operation_type` varchar(255) COLLATE utf8_unicode_ci DEFAULT NULL,
  `operation_by` int(11) DEFAULT NULL,
  `operation_at` date DEFAULT NULL,
  `quantity` int(11) DEFAULT NULL,
  `die_reason` text COLLATE utf8_unicode_ci,
  `remark` text COLLATE utf8_unicode_ci,
  `created_at` datetime NOT NULL,
  `updated_at` datetime NOT NULL,
  PRIMARY KEY (`id`)
) ENGINE=InnoDB DEFAULT CHARSET=utf8 COLLATE=utf8_unicode_ci;
/*!40101 SET character_set_client = @saved_cs_client */;

--
-- Dumping data for table `breeds_infos`
--

LOCK TABLES `breeds_infos` WRITE;
/*!40000 ALTER TABLE `breeds_infos` DISABLE KEYS */;
/*!40000 ALTER TABLE `breeds_infos` ENABLE KEYS */;
UNLOCK TABLES;

--
-- Table structure for table `frameworks`
--

DROP TABLE IF EXISTS `frameworks`;
/*!40101 SET @saved_cs_client     = @@character_set_client */;
/*!40101 SET character_set_client = utf8 */;
CREATE TABLE `frameworks` (
  `id` int(11) NOT NULL AUTO_INCREMENT,
  `code` varchar(255) COLLATE utf8_unicode_ci DEFAULT NULL,
  `axis_y` int(11) DEFAULT NULL,
  `axis_x` int(11) DEFAULT NULL,
  `created_at` datetime NOT NULL,
  `updated_at` datetime NOT NULL,
  PRIMARY KEY (`id`)
) ENGINE=InnoDB AUTO_INCREMENT=6 DEFAULT CHARSET=utf8 COLLATE=utf8_unicode_ci;
/*!40101 SET character_set_client = @saved_cs_client */;

--
-- Dumping data for table `frameworks`
--

LOCK TABLES `frameworks` WRITE;
/*!40000 ALTER TABLE `frameworks` DISABLE KEYS */;
INSERT INTO `frameworks` VALUES (1,NULL,10,10,'2015-06-16 06:17:55','2015-06-16 06:17:55'),(2,NULL,10,10,'2015-06-16 06:17:58','2015-06-16 06:17:58'),(3,NULL,10,10,'2015-06-16 06:18:01','2015-06-16 06:18:01'),(4,NULL,10,10,'2015-06-16 06:18:04','2015-06-16 06:18:04'),(5,NULL,10,10,'2015-06-16 06:18:06','2015-06-16 06:18:06');
/*!40000 ALTER TABLE `frameworks` ENABLE KEYS */;
UNLOCK TABLES;

--
-- Table structure for table `genes`
--

DROP TABLE IF EXISTS `genes`;
/*!40101 SET @saved_cs_client     = @@character_set_client */;
/*!40101 SET character_set_client = utf8 */;
CREATE TABLE `genes` (
  `id` int(11) NOT NULL AUTO_INCREMENT,
  `name` varchar(255) COLLATE utf8_unicode_ci DEFAULT NULL,
  `short_name` varchar(255) COLLATE utf8_unicode_ci DEFAULT NULL,
  `access_id` int(11) DEFAULT NULL,
  `location` varchar(255) COLLATE utf8_unicode_ci DEFAULT NULL,
  `created_at` datetime NOT NULL,
  `updated_at` datetime NOT NULL,
  PRIMARY KEY (`id`)
) ENGINE=InnoDB AUTO_INCREMENT=43 DEFAULT CHARSET=utf8 COLLATE=utf8_unicode_ci;
/*!40101 SET character_set_client = @saved_cs_client */;

--
-- Dumping data for table `genes`
--

LOCK TABLES `genes` WRITE;
/*!40000 ALTER TABLE `genes` DISABLE KEYS */;
INSERT INTO `genes` VALUES (1,'OT1(Tcra-V2-J26, Tcrb-V5-D2-J2.6)','OT1TCR',NULL,'unknown','2015-06-16 09:40:23','2015-06-17 13:48:29'),(2,'Tg(Itgax-cre)1-1Reiz','CD11c-Cre',NULL,'unknown','2015-06-17 01:38:22','2015-06-17 01:43:21'),(3,'Gt(ROSA)26Sortm1(FLP1)Dym','CAGGS-Flpe',NULL,'Rosa26','2015-06-17 01:53:12','2015-06-18 02:22:11'),(4,'Lyz2tm1(cre)Ifo','Lys-cre',NULL,'under the control of the endogenous Lyz2 promoter/enhancer elements','2015-06-17 01:56:23','2015-06-17 02:23:09'),(5,'Rab32','Rab32',67844,'Chr.10:10,545,039-10,558,207','2015-06-17 02:01:02','2015-06-17 02:01:02'),(6,'ErbB3','ErbB3',13867,'Chr.10:128,569,368-128,589,501','2015-06-17 02:17:48','2015-06-17 02:18:29'),(7,'Tg(Foxp3-GFP)90Pkraj','Foxp3GFP',NULL,'unknown','2015-06-17 09:47:48','2015-06-17 09:47:48'),(8,'Tg(ITGAM-DTR/EGFP)34Lan','CD11b-DTR',NULL,'unknown','2015-06-17 10:14:00','2015-06-17 10:14:00'),(9,'Beta 2 microglobulin','B2m',12010,'Chr2:122147686-122153083','2015-06-17 11:10:42','2015-06-17 11:17:25'),(10,'Interleukin6','IL6',3569,'Chr5:30013161-30019968','2015-06-17 13:08:42','2015-06-17 13:08:42'),(11,'Transporter 1','Tap1',6890,'Chr17:34187553-34197225','2015-06-17 13:14:35','2015-06-17 13:14:35'),(12,'PTPRC','CD45',5788,'Chr1:138062861-138175708','2015-06-17 13:28:48','2015-06-17 13:28:48'),(13,'Thymus cell antigen 1','CD90',7070,'Chr9:44043384-44048579','2015-06-17 13:38:14','2015-06-17 13:38:14'),(14,'Tg(TcraTcrb)425Cbn','OT2TCR',NULL,'unknown','2015-06-17 13:51:09','2015-06-17 13:51:09'),(15,'Tg(TcraTcrb)8Rest','Pmel1TCR',NULL,'unknown','2015-06-17 14:00:25','2015-06-17 14:04:21'),(16,'Gt(ROSA26)ACTB-tdTomato-EGFP','R26-mT/mG',NULL,'Rosa26','2015-06-17 23:16:30','2015-06-18 15:18:52'),(17,'nestin-Cre','NesCre',NULL,'Chromosome 12','2015-06-17 23:24:53','2015-06-17 23:24:53'),(18,'pCAG-LoxP-STOP-LoxP-DTR-2A-EGFP','LSL-DTR-EGFP',NULL,'Rosa26','2015-06-17 23:34:15','2015-06-18 00:06:31'),(19,'Loxp-stop-Loxp-Kras(G12D)','LSL-KrasG12D',NULL,'unknown','2015-06-18 00:02:25','2015-06-18 00:02:25'),(20,'IL17-IRES-EGFP-SV40-polyA','IL17A-GFP',NULL,'Chr1:20730905-20734496','2015-06-18 00:54:56','2015-06-18 00:54:56'),(21,'Gt(ROSA)26Sortm14(CAT-tdTomato)Hze','Rosa-lsl-tdTomato',NULL,'Rosa26','2015-06-18 02:29:25','2015-06-18 02:29:25'),(22,'Granzyme-B-Cre','GZMBCre',NULL,'unknown','2015-06-18 03:26:12','2015-06-18 03:26:12'),(23,'Tyrosinase','Tyr',7299,'Chr7:87427405-87493411','2015-06-18 03:35:43','2015-06-18 03:35:43'),(24,'EGFP-miR-146a','GFPmiR146a',NULL,'unknown','2015-06-18 04:13:29','2015-06-18 10:09:26'),(25,'EGFP-miR-191','GFPmiR191',NULL,'unknown','2015-06-18 10:05:58','2015-06-18 10:09:11'),(26,'EGFP-miR-191decoy','GFPmiR191decoy',NULL,'unknown','2015-06-18 10:07:57','2015-06-18 10:09:04'),(27,'EGFP-miR-223','GFPmiR223',NULL,'unknown','2015-06-18 10:08:56','2015-06-18 10:08:56'),(28,'EGFP-miR-27','GFPmiR27',NULL,'unknown','2015-06-18 10:10:09','2015-06-18 10:10:09'),(29,'EGFP-miR-124','GFPmiR124',NULL,'unknown','2015-06-18 10:13:57','2015-06-18 10:13:57'),(30,'EGFP-miR-26a','GFPmiR26a',NULL,'unknown','2015-06-18 10:15:17','2015-06-18 10:15:17'),(31,'EGFP-miR-770','GFPmiR770',NULL,'unknown','2015-06-18 10:16:01','2015-06-18 10:16:01'),(32,'EGFP-miR-140','GFPmiR140',NULL,'unknown','2015-06-18 10:16:45','2015-06-18 10:16:45'),(33,'EGFP-miR-30d','GFPmiR30d',NULL,'unknown','2015-06-18 10:17:26','2015-06-18 10:17:26'),(34,'EGFP-miR-196b','GFPmiR196b',NULL,'unknown','2015-06-18 10:18:07','2015-06-18 10:18:07'),(35,'Loxp-iRFP-Loxp-dsRedE5','LiRFPLE5',NULL,'unknown','2015-06-18 10:19:10','2015-06-18 10:19:10'),(36,'Loxp-stop-Loxp-dsRedE5','LSLE5',NULL,'unknown','2015-06-18 10:20:04','2015-06-18 10:20:04'),(37,'C1qR','C1qR',NULL,'unknwon','2015-06-18 10:20:48','2015-06-18 10:20:48'),(38,'mC1qR','mC1qR',NULL,'unknown','2015-06-18 10:21:14','2015-06-18 10:21:14'),(39,'EGFP-miR-21','GFPmiR21',NULL,'unknown','2015-06-18 14:36:25','2015-06-18 14:36:39'),(40,'UbiEGFP',' UbiEGFP',NULL,'unknown','2015-07-02 10:23:26','2015-07-02 10:24:44'),(41,'Loxp-stop-Loxp-Cas9','Rosa-lsl-Cas9',NULL,'Rosa26','2015-07-06 02:06:04','2015-07-06 02:16:48'),(42,'mItgae-Loxp-stop-Loxp-DTR-eGFP','CD103-lsl-DTR-GFP',8399,'mouse chromosome 11','2015-07-06 02:19:32','2015-07-06 02:19:59');
/*!40000 ALTER TABLE `genes` ENABLE KEYS */;
UNLOCK TABLES;

--
-- Table structure for table `genetic_types`
--

DROP TABLE IF EXISTS `genetic_types`;
/*!40101 SET @saved_cs_client     = @@character_set_client */;
/*!40101 SET character_set_client = utf8 */;
CREATE TABLE `genetic_types` (
  `id` int(11) NOT NULL AUTO_INCREMENT,
  `short_name` varchar(255) COLLATE utf8_unicode_ci DEFAULT NULL,
  `full_name` varchar(255) COLLATE utf8_unicode_ci DEFAULT NULL,
  `created_at` datetime NOT NULL,
  `updated_at` datetime NOT NULL,
  PRIMARY KEY (`id`)
) ENGINE=InnoDB AUTO_INCREMENT=10 DEFAULT CHARSET=utf8 COLLATE=utf8_unicode_ci;
/*!40101 SET character_set_client = @saved_cs_client */;

--
-- Dumping data for table `genetic_types`
--

LOCK TABLES `genetic_types` WRITE;
/*!40000 ALTER TABLE `genetic_types` DISABLE KEYS */;
INSERT INTO `genetic_types` VALUES (1,'CTK','Combonation transgene + KO','2015-06-15 10:49:14','2015-06-15 10:49:14'),(2,'E','endogenous','2015-06-15 10:49:14','2015-06-15 10:49:14'),(3,'Floxed','tissue specific knock out','2015-06-15 10:49:14','2015-06-15 10:49:14'),(4,'KI','knock in','2015-06-15 10:49:14','2015-06-15 10:49:14'),(5,'KO','knock out','2015-06-15 10:49:14','2015-06-15 10:49:14'),(6,'MK','multi allele knock out','2015-06-15 10:49:15','2015-06-15 10:49:15'),(7,'MTG','multi allele trans gene','2015-06-15 10:49:15','2015-06-15 10:49:15'),(8,'TG','trans gene','2015-06-15 10:49:15','2015-06-15 10:49:15'),(9,'SM','spontaneous mutation','2015-06-15 10:49:15','2015-06-15 10:49:15');
/*!40000 ALTER TABLE `genetic_types` ENABLE KEYS */;
UNLOCK TABLES;

--
-- Table structure for table `mice`
--

DROP TABLE IF EXISTS `mice`;
/*!40101 SET @saved_cs_client     = @@character_set_client */;
/*!40101 SET character_set_client = utf8 */;
CREATE TABLE `mice` (
  `id` int(11) NOT NULL AUTO_INCREMENT,
  `strain_id` int(11) DEFAULT NULL,
  `code` varchar(255) COLLATE utf8_unicode_ci DEFAULT NULL,
  `generation` varchar(255) COLLATE utf8_unicode_ci DEFAULT NULL,
  `birthday` date DEFAULT NULL,
  `wean_date` date DEFAULT NULL,
  `sex` varchar(255) COLLATE utf8_unicode_ci DEFAULT NULL,
  `father_id` int(11) DEFAULT NULL,
  `mother_id` int(11) DEFAULT NULL,
  `basket_id` int(11) DEFAULT NULL,
  `batch_id` int(11) DEFAULT NULL,
  `life_status` varchar(255) COLLATE utf8_unicode_ci DEFAULT 'A',
  `coat_color` varchar(255) COLLATE utf8_unicode_ci DEFAULT NULL,
  `dead_date` date DEFAULT NULL,
  `dead` date DEFAULT NULL,
  `onwer_id` int(11) DEFAULT NULL,
  `created_by` int(11) DEFAULT NULL,
  `is_dead` tinyint(1) DEFAULT '0',
  `description` text COLLATE utf8_unicode_ci,
  `created_at` datetime NOT NULL,
  `updated_at` datetime NOT NULL,
  `breed_id` int(11) DEFAULT NULL,
  PRIMARY KEY (`id`)
) ENGINE=InnoDB AUTO_INCREMENT=1258 DEFAULT CHARSET=utf8 COLLATE=utf8_unicode_ci;
/*!40101 SET character_set_client = @saved_cs_client */;

--
-- Dumping data for table `mice`
--

LOCK TABLES `mice` WRITE;
/*!40000 ALTER TABLE `mice` DISABLE KEYS */;
INSERT INTO `mice` VALUES (6,27,'5402','F7','2015-01-22','2015-03-02','M',NULL,NULL,221,NULL,'A','Black',NULL,NULL,4,4,0,NULL,'2015-06-23 08:32:48','2015-06-23 08:32:48',NULL),(7,27,'5405','F7','2015-01-22','2015-03-02','F',NULL,NULL,221,NULL,'A','Black',NULL,NULL,4,4,0,NULL,'2015-06-23 08:38:10','2015-06-23 08:38:10',NULL),(8,27,'6501','F8','2015-05-03','2015-06-18','M',6,7,248,NULL,'K','Black','2015-07-15',NULL,4,4,0,'','2015-06-23 08:39:38','2015-07-16 00:38:26',NULL),(9,27,'6502','F8','2015-05-03','2015-06-18','M',6,7,248,NULL,'K','Black','2015-07-15',NULL,4,4,0,'','2015-06-23 08:40:37','2015-07-16 00:38:33',NULL),(10,27,'6503','F8','2015-05-03','2015-06-18','M',6,7,248,NULL,'K','Black','2015-07-15',NULL,4,4,0,'','2015-06-23 08:41:18','2015-07-16 00:38:41',NULL),(11,27,'6504','F8','2015-05-03','2015-06-18','M',6,7,248,NULL,'K','Black','2015-07-15',NULL,4,4,0,'','2015-06-23 08:42:02','2015-07-16 00:38:47',NULL),(12,27,'6506','F8','2015-05-03','2015-06-18','F',6,7,219,NULL,'K','Black','2015-07-15',NULL,4,4,0,'','2015-06-23 08:43:36','2015-07-16 00:39:03',NULL),(13,27,'6507','F8','2015-05-03','2015-06-18','F',6,7,219,NULL,'K','Black','2015-07-15',NULL,4,4,0,'','2015-06-23 08:44:19','2015-07-16 00:39:10',NULL),(14,27,'6508','F8','2015-05-03','2015-06-18','F',6,7,219,NULL,'K','Black','2015-07-15',NULL,4,4,0,'','2015-06-23 08:45:05','2015-07-16 00:39:17',NULL),(15,27,'6509','F8','2015-05-03','2015-06-18','F',6,7,219,NULL,'K','Black','2015-07-15',NULL,4,4,0,'','2015-06-23 08:46:07','2015-07-16 00:39:24',NULL),(16,27,'5403','F7','2015-01-22','2015-03-02','M',NULL,NULL,231,NULL,'A','Black',NULL,NULL,4,4,0,NULL,'2015-06-23 08:47:49','2015-06-25 02:43:43',NULL),(17,34,'5166','F2','2015-01-16','2015-02-14','M',NULL,NULL,396,NULL,'K','Black',NULL,NULL,8,8,0,NULL,'2015-06-23 09:06:03','2015-07-09 07:46:37',NULL),(18,24,'5812','F0','2015-01-30',NULL,'F',NULL,NULL,396,NULL,'K','Black',NULL,NULL,8,8,0,NULL,'2015-06-24 02:54:56','2015-07-09 07:49:20',NULL),(19,34,'5168','F2','2015-01-16','2015-02-14','M',NULL,NULL,381,NULL,'A','Black',NULL,NULL,8,8,0,NULL,'2015-06-24 02:58:33','2015-06-24 02:58:33',NULL),(20,24,'5811','','2015-01-30',NULL,'F',NULL,NULL,381,NULL,'A','Black',NULL,NULL,8,8,0,NULL,'2015-06-24 02:59:45','2015-07-09 08:36:40',NULL),(21,34,'5817','F2','2015-02-19','2015-03-20','M',NULL,NULL,347,NULL,'K','Black',NULL,NULL,8,8,0,NULL,'2015-06-24 03:01:37','2015-07-09 07:46:45',NULL),(22,24,'5253','F0','2015-02-28',NULL,'F',NULL,NULL,347,NULL,'K','Black',NULL,NULL,8,8,0,NULL,'2015-06-24 03:02:35','2015-07-09 07:48:32',NULL),(23,34,'5820','F2','2015-02-19','2015-03-20','M',NULL,NULL,336,NULL,'K','Black',NULL,NULL,8,8,0,NULL,'2015-06-24 03:04:12','2015-07-09 07:34:38',NULL),(24,24,'5688','F0','2015-03-29',NULL,'F',NULL,NULL,336,NULL,'K','Black',NULL,NULL,8,8,0,NULL,'2015-06-24 03:05:26','2015-07-09 07:36:23',NULL),(25,34,'5076','F3','2015-03-20','2015-04-22','M',NULL,NULL,387,NULL,'A','Black',NULL,NULL,8,8,0,NULL,'2015-06-24 03:08:36','2015-06-24 03:08:36',NULL),(26,24,'5689','','2015-03-29',NULL,'F',NULL,NULL,387,NULL,'A','Black',NULL,NULL,8,8,0,NULL,'2015-06-24 03:10:15','2015-07-09 08:36:55',NULL),(27,34,'5077','F3','2015-03-20','2015-04-22','M',NULL,NULL,211,NULL,'A','Black',NULL,NULL,8,8,0,NULL,'2015-06-24 03:12:48','2015-06-24 03:12:48',NULL),(28,24,'5690','','2015-03-29',NULL,'F',NULL,NULL,211,NULL,'A','Black',NULL,NULL,8,8,0,NULL,'2015-06-24 03:13:40','2015-07-09 08:36:48',NULL),(29,34,'5618','F3','2015-04-05','2015-05-06','M',NULL,NULL,323,NULL,'K','Black',NULL,NULL,8,8,0,NULL,'2015-06-24 03:14:43','2015-07-09 07:37:07',NULL),(30,34,'6629','F3','2015-04-19','2015-05-19','F',NULL,NULL,323,NULL,'K','Black',NULL,NULL,8,8,0,NULL,'2015-06-24 03:16:51','2015-07-09 07:45:45',NULL),(31,34,'5620','F3','2015-04-05','2015-05-06','M',NULL,NULL,296,NULL,'A','Black',NULL,NULL,8,8,0,NULL,'2015-06-24 03:20:25','2015-06-24 03:20:25',NULL),(32,24,'6124','','2015-03-29',NULL,'F',NULL,NULL,296,NULL,'A','Black',NULL,NULL,8,8,0,NULL,'2015-06-24 03:21:38','2015-07-09 08:36:21',NULL),(33,24,'6125','','2015-03-29',NULL,'F',NULL,NULL,296,NULL,'A','Black',NULL,NULL,8,8,0,NULL,'2015-06-24 03:22:29','2015-07-09 08:36:05',NULL),(34,34,'6630','F3','2015-04-19','2015-05-19','F',NULL,NULL,398,NULL,'A','Black',NULL,NULL,8,8,0,NULL,'2015-06-24 03:23:55','2015-06-24 03:23:55',NULL),(35,24,'6148','','2015-04-12',NULL,'M',NULL,NULL,398,NULL,'A','Black',NULL,NULL,8,8,0,NULL,'2015-06-24 03:24:50','2015-07-09 08:35:48',NULL),(36,35,'5161','F1','2015-01-04','2015-01-30','F',NULL,NULL,348,NULL,'A','Black',NULL,NULL,8,8,0,NULL,'2015-06-24 07:23:22','2015-06-24 07:23:22',NULL),(37,24,'5483','','2014-11-16',NULL,'M',NULL,NULL,348,NULL,'A','Black',NULL,NULL,8,8,0,NULL,'2015-06-24 07:24:16','2015-07-09 08:36:13',NULL),(38,35,'5157','F1','2015-01-04','2015-01-30','M',NULL,NULL,218,NULL,'A','Black',NULL,NULL,8,8,0,NULL,'2015-06-24 07:25:53','2015-06-24 07:25:53',NULL),(39,24,'5808','','2015-01-30',NULL,'F',NULL,NULL,218,NULL,'A','Black',NULL,NULL,8,8,0,NULL,'2015-06-24 07:26:50','2015-07-09 08:36:31',NULL),(40,35,'5288','F1','2015-02-22','2015-03-27','M',NULL,NULL,311,NULL,'K','Black',NULL,NULL,8,8,0,NULL,'2015-06-24 07:28:13','2015-07-16 07:57:42',NULL),(41,24,'5254','','2015-02-28',NULL,'F',NULL,NULL,311,NULL,'K','Black',NULL,NULL,8,8,0,NULL,'2015-06-24 07:29:20','2015-07-16 07:58:04',NULL),(42,35,'5290','F1','2015-02-22','2015-03-27','M',NULL,NULL,302,NULL,'A','Black',NULL,NULL,8,8,0,NULL,'2015-06-24 07:30:50','2015-06-24 07:30:50',NULL),(43,24,'5255','','2015-02-28',NULL,'F',NULL,NULL,302,NULL,'A','Black',NULL,NULL,8,8,0,NULL,'2015-06-24 07:32:09','2015-07-09 08:39:54',NULL),(44,35,'6631','F2','2015-04-19','2015-05-19','M',NULL,NULL,366,NULL,'A','Black',NULL,NULL,8,8,0,NULL,'2015-06-24 07:34:00','2015-06-24 07:34:00',NULL),(45,35,'6632','F2','2015-04-19','2015-05-19','F',NULL,NULL,366,NULL,'A','Black',NULL,NULL,8,8,0,NULL,'2015-06-24 07:35:10','2015-06-24 07:35:10',NULL),(46,35,'5693','F2','2015-04-06','2015-05-06','F',NULL,NULL,386,NULL,'A','Black',NULL,NULL,8,8,0,NULL,'2015-06-24 07:36:50','2015-06-24 07:36:50',NULL),(47,24,'2071','','2014-11-03',NULL,'M',NULL,NULL,386,NULL,'A','Black',NULL,NULL,8,8,0,NULL,'2015-06-24 07:37:46','2015-07-09 08:38:39',NULL),(48,35,'5694','F2','2015-04-06','2015-05-06','M',NULL,NULL,228,NULL,'A','Black',NULL,NULL,8,8,0,NULL,'2015-06-24 07:39:11','2015-06-24 07:39:11',NULL),(49,24,'6149','','2015-04-10',NULL,'F',NULL,NULL,228,NULL,'A','Black',NULL,NULL,8,8,0,NULL,'2015-06-24 07:40:08','2015-07-09 08:35:38',NULL),(50,35,'5601','F2','2015-04-06','2015-05-06','F',38,39,311,NULL,'A','Black',NULL,NULL,8,8,0,NULL,'2015-06-24 07:48:04','2015-07-16 08:02:23',NULL),(51,35,'5624','F2','2015-04-06','2015-05-06','F',38,39,424,NULL,'K','Black',NULL,NULL,8,8,0,NULL,'2015-06-24 07:49:37','2015-07-14 03:30:02',NULL),(52,35,'5625','F2','2015-04-06','2015-05-06','F',38,39,424,NULL,'K','Black',NULL,NULL,8,8,0,NULL,'2015-06-24 07:51:06','2015-07-14 03:30:16',NULL),(53,35,'5691','F2','2015-04-06','2015-05-06','F',38,39,424,NULL,'K','Black',NULL,NULL,8,8,0,NULL,'2015-06-24 07:52:20','2015-07-10 03:01:54',NULL),(54,35,'5692','F2','2015-04-06','2015-05-06','F',38,39,424,NULL,'K','Black',NULL,NULL,8,8,0,NULL,'2015-06-24 07:53:21','2015-07-10 03:01:42',NULL),(55,35,'8276','F2','2015-05-14','2015-06-12','M',38,39,403,NULL,'K','Black',NULL,NULL,8,8,0,NULL,'2015-06-24 07:55:14','2015-07-14 03:30:40',NULL),(56,35,'8277','F2','2015-05-14','2015-06-12','M',38,39,311,NULL,'A','Black',NULL,NULL,8,8,0,NULL,'2015-06-24 07:56:17','2015-07-16 08:04:30',NULL),(57,35,'8278','F2','2015-05-14','2015-06-12','M',38,39,320,NULL,'A','Black',NULL,NULL,8,8,0,NULL,'2015-06-24 07:57:05','2015-07-09 09:19:41',NULL),(58,21,'2551','F1','2014-10-04','2014-10-27','M',NULL,NULL,359,NULL,'K','White',NULL,NULL,8,8,0,NULL,'2015-06-24 08:11:26','2015-07-09 07:53:49',NULL),(59,21,'2554','F1','2014-10-04','2014-10-27','F',NULL,NULL,359,NULL,'K','White',NULL,NULL,8,8,0,NULL,'2015-06-24 08:12:47','2015-07-09 07:53:38',NULL),(60,21,'3052','F1','2014-11-14','2014-12-18','M',NULL,NULL,350,NULL,'K','White',NULL,NULL,8,8,0,NULL,'2015-06-24 08:14:40','2015-07-09 07:54:23',NULL),(61,21,'3066','F1','2014-11-18','2014-12-18','F',NULL,NULL,350,NULL,'K','White',NULL,NULL,8,8,0,NULL,'2015-06-24 08:15:55','2015-07-09 07:54:04',NULL),(62,21,'5256','F1','2015-01-08','2015-01-30','M',NULL,NULL,385,NULL,'A','White',NULL,NULL,8,8,0,NULL,'2015-06-24 08:17:11','2015-06-24 08:17:11',NULL),(63,21,'5863','F1','2015-01-16','2015-02-14','F',NULL,NULL,385,NULL,'A','White',NULL,NULL,8,8,0,NULL,'2015-06-24 08:18:46','2015-06-24 08:18:46',NULL),(64,21,'5854','F1','2015-01-08','2015-01-30','M',NULL,NULL,319,NULL,'A','White',NULL,NULL,8,8,0,NULL,'2015-06-24 08:20:10','2015-06-24 08:20:10',NULL),(65,21,'5847','F1','2015-01-08','2015-01-30','F',NULL,NULL,319,NULL,'A','White',NULL,NULL,8,8,0,NULL,'2015-06-24 08:21:33','2015-06-24 08:21:33',NULL),(66,21,'5845','F1','2014-12-29','2015-01-30','M',NULL,NULL,425,NULL,'A','White',NULL,NULL,8,8,0,NULL,'2015-06-24 08:23:16','2015-06-24 08:23:16',NULL),(67,24,'5063','','2015-02-28',NULL,'F',NULL,NULL,425,NULL,'A','Black',NULL,NULL,8,8,0,NULL,'2015-06-24 08:24:02','2015-07-09 08:38:03',NULL),(68,21,'5844','F1','2014-12-29','2015-01-30','M',NULL,NULL,429,NULL,'A','White',NULL,NULL,8,8,0,NULL,'2015-06-24 08:25:15','2015-06-24 08:25:15',NULL),(69,24,'5064','','2015-02-28',NULL,'F',NULL,NULL,429,NULL,'A','Black',NULL,NULL,8,8,0,NULL,'2015-06-24 08:26:12','2015-07-09 08:37:53',NULL),(70,21,'5843','F1','2014-12-29','2015-01-30','M',NULL,NULL,305,NULL,'A','White',NULL,NULL,8,8,0,NULL,'2015-06-24 08:33:38','2015-06-24 08:33:38',NULL),(71,21,'5556','F2','2015-02-16','2015-03-13','F',NULL,NULL,305,NULL,'A','White',NULL,NULL,8,8,0,NULL,'2015-06-24 08:34:57','2015-06-24 08:34:57',NULL),(72,21,'5551','F2','2015-02-16','2015-03-13','M',NULL,NULL,335,NULL,'A','White',NULL,NULL,8,8,0,NULL,'2015-06-24 08:36:02','2015-06-24 08:36:02',NULL),(73,21,'5557','F2','2015-02-16','2015-03-13','F',NULL,NULL,335,NULL,'A','White',NULL,NULL,8,8,0,NULL,'2015-06-24 08:37:34','2015-06-24 08:37:34',NULL),(74,21,'5569','F2','2015-03-06','2015-04-10','M',NULL,NULL,395,NULL,'A','White',NULL,NULL,8,8,0,NULL,'2015-06-24 08:39:18','2015-06-24 08:39:18',NULL),(75,21,'5630','F2','2015-03-16','2015-04-22','F',NULL,NULL,395,NULL,'A','White',NULL,NULL,8,8,0,NULL,'2015-06-24 08:40:25','2015-06-24 08:40:25',NULL),(76,21,'5687','F2','2015-03-14','2015-04-22','M',NULL,NULL,250,NULL,'A','White',NULL,NULL,8,8,0,NULL,'2015-06-24 08:42:09','2015-06-24 08:42:09',NULL),(77,21,'5629','F2','2015-03-16','2015-04-22','F',NULL,NULL,250,NULL,'A','White',NULL,NULL,8,8,0,NULL,'2015-06-24 08:43:28','2015-06-24 08:43:28',NULL),(78,21,'5641','F2','2015-03-23','2015-04-25','M',NULL,NULL,318,NULL,'A','White',NULL,NULL,8,8,0,NULL,'2015-06-24 08:45:04','2015-06-24 08:45:04',NULL),(79,21,'5643','F2','2015-03-23','2015-04-25','F',NULL,NULL,318,NULL,'A','White',NULL,NULL,8,8,0,NULL,'2015-06-24 08:47:42','2015-07-10 03:12:17',NULL),(80,21,'6177','F2','2015-04-04','2015-05-06','M',NULL,NULL,358,NULL,'A','White',NULL,NULL,8,8,0,NULL,'2015-06-24 08:50:35','2015-06-24 08:50:35',NULL),(81,21,'6182','F2','2015-04-04','2015-05-06','F',NULL,NULL,358,NULL,'A','White',NULL,NULL,8,8,0,NULL,'2015-06-24 08:52:25','2015-06-24 08:52:25',NULL),(82,21,'6183','F2','2015-04-08','2015-05-06','M',NULL,NULL,263,NULL,'A','White',NULL,NULL,8,8,0,NULL,'2015-06-24 08:53:49','2015-06-24 08:53:49',NULL),(83,21,'6185','F2','2015-04-08','2015-05-06','F',NULL,NULL,263,NULL,'A','White',NULL,NULL,8,8,0,NULL,'2015-06-24 08:55:10','2015-06-24 08:55:10',NULL),(84,21,'8126','F2','2015-05-14','2015-06-19','M',62,63,201,NULL,'A','White',NULL,NULL,8,8,0,NULL,'2015-06-24 08:56:55','2015-07-03 02:37:12',NULL),(85,21,'8127','F2','2015-05-14','2015-06-19','M',62,63,201,NULL,'A','White',NULL,NULL,8,8,0,NULL,'2015-06-24 08:58:20','2015-07-03 02:37:36',NULL),(86,21,'8128','F2','2015-05-14','2015-06-19','F',62,63,401,NULL,'A','White',NULL,NULL,8,8,0,NULL,'2015-06-24 08:59:45','2015-07-03 02:38:05',NULL),(87,36,'2048','F1','2014-12-07','2015-01-09','F',NULL,NULL,320,NULL,'K','Black',NULL,NULL,8,8,0,NULL,'2015-06-24 09:01:59','2015-07-09 07:57:59',NULL),(88,24,'2055','F0','2014-11-03',NULL,'M',NULL,NULL,320,NULL,'K','Black',NULL,NULL,8,8,0,NULL,'2015-06-24 09:02:45','2015-07-09 07:59:51',NULL),(89,36,'2054','F1','2014-12-07','2015-01-09','M',NULL,NULL,370,NULL,'K','Black',NULL,NULL,8,8,0,NULL,'2015-06-24 09:04:16','2015-07-09 07:57:52',NULL),(90,24,'2056','F0','2014-11-20',NULL,'F',NULL,NULL,370,NULL,'K','Black',NULL,NULL,8,8,0,NULL,'2015-06-24 09:05:09','2015-07-09 07:59:34',NULL),(91,36,'5155','F1','2015-01-14','2015-02-14','M',NULL,NULL,321,NULL,'K','Black',NULL,NULL,8,8,0,NULL,'2015-06-24 09:06:21','2015-07-09 07:58:08',NULL),(92,24,'5480','F0','2015-01-13',NULL,'F',NULL,NULL,321,NULL,'K','Black',NULL,NULL,8,8,0,NULL,'2015-06-24 09:07:14','2015-07-09 07:59:11',NULL),(93,36,'5081','F2','2015-03-16','2015-04-22','F',NULL,NULL,337,NULL,'A','Black',NULL,NULL,8,8,0,NULL,'2015-06-24 09:08:43','2015-06-24 09:08:43',NULL),(94,24,'5651','',NULL,NULL,'M',NULL,NULL,337,NULL,'A','Black',NULL,NULL,8,8,0,NULL,'2015-06-24 09:09:31','2015-07-09 08:37:12',NULL),(95,36,'6537','F2','2015-05-10','2015-06-12','M',89,90,342,NULL,'K','Black',NULL,NULL,8,8,0,NULL,'2015-06-24 09:10:54','2015-06-30 03:08:53',NULL),(96,36,'6538','F2','2015-05-10','2015-06-12','M',89,90,393,NULL,'A','Black',NULL,NULL,8,8,0,NULL,'2015-06-24 09:12:01','2015-07-09 09:33:13',NULL),(97,36,'6542','F2','2015-05-10','2015-06-12','M',89,90,378,NULL,'A','Black',NULL,NULL,8,8,0,NULL,'2015-06-24 09:16:57','2015-07-09 09:33:47',NULL),(99,36,'8280','F2','2015-05-17','2015-06-19','F',88,87,232,NULL,'K','Black',NULL,NULL,8,8,0,NULL,'2015-06-24 09:19:06','2015-07-09 07:57:06',NULL),(100,36,'8279','F2','2015-05-17','2015-06-19','F',88,87,232,NULL,'K','Black',NULL,NULL,8,8,0,NULL,'2015-06-24 09:21:17','2015-07-09 09:10:21',NULL),(101,36,'8281','F2','2015-05-17','2015-06-19','F',88,87,232,NULL,'K','Black',NULL,NULL,8,8,0,NULL,'2015-06-24 09:22:13','2015-07-09 07:56:42',NULL),(102,37,'3575','F0','2014-11-05','2014-12-02','F',NULL,NULL,379,NULL,'A','Black',NULL,NULL,8,8,0,NULL,'2015-06-24 09:24:06','2015-06-24 09:24:06',NULL),(103,24,'2091','','2014-11-03',NULL,'M',NULL,NULL,379,NULL,'A','Black',NULL,NULL,8,8,0,NULL,'2015-06-24 09:24:57','2015-07-09 08:38:33',NULL),(104,37,'3573','F0','2014-11-05','2014-12-02','F',NULL,NULL,389,NULL,'A','Black',NULL,NULL,8,8,0,NULL,'2015-06-24 09:27:06','2015-06-24 09:27:06',NULL),(105,24,'2092','','2014-11-03',NULL,'M',NULL,NULL,389,NULL,'A','Black',NULL,NULL,8,8,0,NULL,'2015-06-24 09:28:02','2015-07-09 08:38:23',NULL),(106,37,'5280','F1','2015-02-22','2015-03-20','M',NULL,NULL,393,NULL,'K','Black',NULL,NULL,8,8,0,NULL,'2015-06-24 09:29:47','2015-07-09 08:00:40',NULL),(107,24,'5257','F0','2015-02-28',NULL,'F',NULL,NULL,393,NULL,'K','Black',NULL,NULL,8,8,0,NULL,'2015-06-24 09:30:41','2015-07-09 08:01:21',NULL),(108,37,'5573','F1','2015-03-06','2015-04-10','M',NULL,NULL,391,NULL,'A','Black',NULL,NULL,8,8,0,NULL,'2015-06-24 09:31:59','2015-06-24 09:31:59',NULL),(109,24,'5654','','2015-03-16',NULL,'F',NULL,NULL,391,NULL,'A','Black',NULL,NULL,8,8,0,NULL,'2015-06-24 09:32:52','2015-07-09 08:37:33',NULL),(110,37,'5574','F1','2015-03-06','2015-04-10','M',NULL,NULL,353,NULL,'A','Black',NULL,NULL,8,8,0,NULL,'2015-06-24 09:34:43','2015-06-24 09:34:43',NULL),(111,24,'5655','','2015-03-16',NULL,'F',NULL,NULL,353,NULL,'A','Black',NULL,NULL,8,8,0,NULL,'2015-06-24 09:35:35','2015-07-09 08:37:42',NULL),(112,37,'5575','F1','2015-03-06','2015-04-10','M',NULL,NULL,225,NULL,'A','Black',NULL,NULL,8,8,0,NULL,'2015-06-24 09:38:10','2015-06-24 09:38:10',NULL),(113,24,'5656','','2015-03-16',NULL,'F',NULL,NULL,225,NULL,'A','Black',NULL,NULL,8,8,0,NULL,'2015-06-24 09:49:32','2015-07-09 08:37:04',NULL),(114,37,'6640','F1','2015-04-19','2015-05-19','F',NULL,NULL,377,NULL,'A','Black',NULL,NULL,8,8,0,NULL,'2015-06-24 09:51:33','2015-06-24 09:51:33',NULL),(115,24,'6150','','2015-04-12',NULL,'M',NULL,NULL,377,NULL,'A','Black',NULL,NULL,8,8,0,NULL,'2015-06-24 09:52:40','2015-07-09 08:35:30',NULL),(116,37,'6643','F1','2015-05-01','2015-05-28','M',NULL,NULL,345,NULL,'A','Black',NULL,NULL,8,8,0,NULL,'2015-06-24 09:54:08','2015-06-24 09:54:08',NULL),(117,24,'6147','','2015-04-10',NULL,'F',NULL,NULL,345,NULL,'A','Black',NULL,NULL,8,8,0,NULL,'2015-06-24 09:54:54','2015-07-09 08:35:56',NULL),(118,37,'6535','F1','2015-05-03','2015-06-12','M',103,102,331,NULL,'K','Black',NULL,NULL,8,8,0,NULL,'2015-06-24 09:56:29','2015-06-30 03:09:26',NULL),(119,37,'6532','F1','2015-05-03','2015-06-12','F',103,102,351,NULL,'K','Black',NULL,NULL,8,8,0,NULL,'2015-06-24 09:57:55','2015-06-30 03:10:29',NULL),(120,37,'6533','F1','2015-05-03','2015-06-12','F',103,102,351,NULL,'K','Black',NULL,NULL,8,8,0,NULL,'2015-06-24 09:59:12','2015-06-30 03:09:49',NULL),(121,37,'6534','F1','2015-05-03','2015-06-12','F',103,102,351,NULL,'A','Black',NULL,NULL,8,8,0,NULL,'2015-06-24 10:00:22','2015-06-24 10:00:22',NULL),(122,38,'3974','F0','2014-11-12','2014-12-12','M',NULL,NULL,357,NULL,'K','Black',NULL,NULL,8,8,0,NULL,'2015-06-25 02:08:19','2015-07-09 08:02:00',NULL),(123,24,'2086','F0','2014-11-03',NULL,'F',NULL,NULL,357,NULL,'K','Black',NULL,NULL,8,8,0,NULL,'2015-06-25 02:09:35','2015-07-09 08:04:20',NULL),(124,38,'3019','F0','2014-11-12','2014-12-12','M',NULL,NULL,378,NULL,'K','Black',NULL,NULL,8,8,0,NULL,'2015-06-25 02:10:59','2015-07-09 08:02:07',NULL),(125,24,'2088','F0','2014-11-03',NULL,'F',NULL,NULL,378,NULL,'K','Black',NULL,NULL,8,8,0,NULL,'2015-06-25 02:12:30','2015-07-09 08:04:08',NULL),(126,38,'5276','F1','2015-02-19','2015-03-27','M',NULL,NULL,400,NULL,'A','Black',NULL,NULL,8,8,0,NULL,'2015-06-25 02:14:18','2015-06-25 02:14:18',NULL),(127,24,'5260','','2015-02-28',NULL,'F',NULL,NULL,400,NULL,'A','Black',NULL,NULL,8,8,0,NULL,'2015-06-25 02:15:01','2015-07-09 08:39:29',NULL),(128,38,'5278','F1','2015-02-19','2015-03-27','M',NULL,NULL,360,NULL,'A','Black',NULL,NULL,8,8,0,NULL,'2015-06-25 02:16:14','2015-06-25 02:16:14',NULL),(129,24,'5259','','2015-02-28',NULL,'F',NULL,NULL,360,NULL,'A','Black',NULL,NULL,8,8,0,NULL,'2015-06-25 02:17:02','2015-07-09 08:39:39',NULL),(130,38,'5088','F1','2015-03-22','2015-04-22','F',NULL,NULL,303,NULL,'A','Black',NULL,NULL,8,8,0,NULL,'2015-06-25 02:25:27','2015-06-25 02:25:27',NULL),(131,24,'5653','',NULL,NULL,'M',NULL,NULL,303,NULL,'A','Black',NULL,NULL,8,8,0,NULL,'2015-06-25 02:26:04','2015-07-09 08:37:22',NULL),(132,38,'8282','F1','2015-05-13','2015-06-12','M',124,125,408,NULL,'K','Black',NULL,NULL,8,8,0,NULL,'2015-06-25 02:38:56','2015-07-09 08:03:22',NULL),(133,38,'8283','F1','2015-05-13','2015-06-12','M',124,125,408,NULL,'K','Black',NULL,NULL,8,8,0,NULL,'2015-06-25 02:39:07','2015-07-09 08:03:30',NULL),(135,38,'8284','F1','2015-05-13','2015-06-12','M',124,125,408,NULL,'K','Black',NULL,NULL,8,8,0,NULL,'2015-06-25 02:43:13','2015-07-09 08:03:12',NULL),(136,38,'8285','F1','2015-05-13','2015-06-12','M',124,125,370,NULL,'A','Black',NULL,NULL,8,8,0,NULL,'2015-06-25 02:44:33','2015-07-09 09:21:04',NULL),(137,24,'6553','','2015-02-26',NULL,'F',NULL,NULL,231,NULL,'A','Black',NULL,NULL,4,4,0,NULL,'2015-06-25 02:45:10','2015-06-25 02:45:10',NULL),(138,38,'8286','F1','2015-05-13','2015-06-12','F',124,125,161,NULL,'K','Black',NULL,NULL,8,8,0,NULL,'2015-06-25 02:45:46','2015-07-09 08:02:21',NULL),(139,38,'8287','F2','2015-05-13','2015-06-12','M',128,129,321,NULL,'A','Black',NULL,NULL,8,8,0,NULL,'2015-06-25 02:46:55','2015-07-09 09:28:22',NULL),(140,38,'8288','F2','2015-05-13','2015-06-12','M',128,129,105,NULL,'K','Black',NULL,NULL,8,8,0,NULL,'2015-06-25 02:48:00','2015-07-09 08:02:40',NULL),(141,27,'6601','F8','2015-04-17','2015-05-29','M',NULL,NULL,286,NULL,'A','Black',NULL,NULL,4,4,0,NULL,'2015-06-25 02:48:04','2015-06-25 02:48:04',NULL),(142,24,'6554','','2015-03-16',NULL,'F',NULL,NULL,286,NULL,'A','Black',NULL,NULL,4,4,0,NULL,'2015-06-25 02:49:02','2015-06-25 02:49:34',NULL),(143,24,'','','2015-04-12',NULL,'M',NULL,NULL,215,NULL,'A','Black',NULL,NULL,8,8,0,NULL,'2015-06-25 02:49:06','2015-07-09 08:38:48',NULL),(144,24,'','','2015-04-12',NULL,'M',NULL,NULL,215,NULL,'A','Black',NULL,NULL,8,8,0,NULL,'2015-06-25 02:49:41','2015-07-09 08:38:56',NULL),(145,24,'8234','','2015-04-12',NULL,'M',NULL,NULL,351,NULL,'A','Black',NULL,NULL,8,8,0,NULL,'2015-06-25 02:50:13','2015-07-09 08:23:39',NULL),(146,24,'8150','','2015-05-10',NULL,'F',NULL,NULL,320,NULL,'A','Black',NULL,NULL,8,8,0,NULL,'2015-06-25 02:50:54','2015-07-09 08:35:03',NULL),(147,24,'6555','','2015-02-01',NULL,'M',NULL,NULL,210,NULL,'A','Black',NULL,NULL,4,4,0,NULL,'2015-06-25 02:50:58','2015-06-25 02:50:58',NULL),(148,24,'8106','','2015-05-10',NULL,'F',NULL,NULL,370,NULL,'A','Black',NULL,NULL,8,8,0,NULL,'2015-06-25 02:51:39','2015-07-09 08:23:13',NULL),(149,24,'8110','','2015-05-10',NULL,'F',NULL,NULL,342,NULL,'A','Black',NULL,NULL,8,8,0,NULL,'2015-06-25 02:52:17','2015-07-09 08:34:34',NULL),(150,27,'6605','F8','2015-04-17','2015-05-29','F',NULL,NULL,210,NULL,'A','Black',NULL,NULL,4,4,0,NULL,'2015-06-25 02:52:29','2015-06-25 02:52:29',NULL),(151,24,'8109','','2015-05-10',NULL,'F',NULL,NULL,378,NULL,'A','Black',NULL,NULL,8,8,0,NULL,'2015-06-25 02:52:46','2015-07-09 08:32:51',NULL),(152,24,'8107','','2015-05-10',NULL,'F',NULL,NULL,321,NULL,'A','Black',NULL,NULL,8,8,0,NULL,'2015-06-25 02:53:11','2015-07-09 08:26:27',NULL),(153,29,'5872','F7','2015-01-14','2015-03-06','M',NULL,NULL,233,NULL,'A','Black',NULL,NULL,4,4,0,NULL,'2015-06-25 03:02:17','2015-06-25 03:02:17',NULL),(154,29,'5873','F7','2015-01-14','2015-03-06','F',NULL,NULL,233,NULL,'A','Black',NULL,NULL,4,4,0,NULL,'2015-06-25 03:03:01','2015-06-25 03:03:01',NULL),(155,29,'5876','F8','2015-01-20','2015-03-06','M',NULL,NULL,409,NULL,'A','Black',NULL,NULL,4,4,0,NULL,'2015-06-25 03:04:23','2015-06-25 03:04:23',NULL),(156,24,'6556','','2015-01-16',NULL,'F',NULL,NULL,409,NULL,'A','Black',NULL,NULL,4,4,0,NULL,'2015-06-25 03:05:03','2015-06-25 03:05:03',NULL),(157,29,'5206','F8','2015-02-11','2015-03-11','M',NULL,NULL,411,NULL,'A','Black',NULL,NULL,4,4,0,NULL,'2015-06-25 03:06:34','2015-06-25 03:06:34',NULL),(158,24,'6557','','2015-02-01',NULL,'F',NULL,NULL,411,NULL,'A','Black',NULL,NULL,4,4,0,NULL,'2015-06-25 03:07:24','2015-06-25 03:07:24',NULL),(159,29,'5346','F7','2015-02-28','2015-04-16','M',NULL,NULL,241,NULL,'A','Black',NULL,NULL,4,4,0,NULL,'2015-06-25 03:08:35','2015-06-25 03:08:35',NULL),(160,29,'5348','F7','2015-02-28','2015-04-16','F',NULL,NULL,241,NULL,'A','Black',NULL,NULL,4,4,0,NULL,'2015-06-25 03:09:24','2015-06-25 03:09:24',NULL),(161,29,'5344','F7','2015-02-28','2015-04-16','M',NULL,NULL,261,NULL,'A','Black',NULL,NULL,4,4,0,NULL,'2015-06-25 03:10:28','2015-06-25 03:10:28',NULL),(162,29,'5349','F7','2015-02-28','2015-04-16','F',NULL,NULL,261,NULL,'A','Black',NULL,NULL,4,4,0,NULL,'2015-06-25 03:11:18','2015-06-25 03:11:18',NULL),(163,24,'6558','','2015-02-11',NULL,'M',NULL,NULL,236,NULL,'A','Black',NULL,NULL,4,4,0,NULL,'2015-06-25 03:12:08','2015-06-25 03:12:08',NULL),(164,29,'5722','F8','2015-03-26','2015-04-26','F',NULL,NULL,236,NULL,'A','Black',NULL,NULL,4,4,0,NULL,'2015-06-25 03:12:57','2015-06-25 03:12:57',NULL),(165,29,'5711','F7','2015-03-18','2015-04-26','M',NULL,NULL,244,NULL,'A','Black',NULL,NULL,4,4,0,NULL,'2015-06-25 03:14:01','2015-06-25 03:14:01',NULL),(166,29,'5713','F7','2015-03-18','2015-04-26','F',NULL,NULL,244,NULL,'A','Black',NULL,NULL,4,4,0,NULL,'2015-06-25 03:14:54','2015-06-25 03:14:54',NULL),(168,6,'6351','F5','2015-02-25','2015-03-25','M',NULL,NULL,362,NULL,'A','Black',NULL,NULL,2,2,0,NULL,'2015-06-26 07:04:19','2015-07-16 02:14:01',NULL),(169,6,'6352','F5','2015-02-25','2015-03-25','F',NULL,NULL,362,NULL,'A','Black',NULL,NULL,2,2,0,NULL,'2015-06-26 07:04:21','2015-07-16 02:14:21',NULL),(173,6,'6354','F6','2015-05-14','2015-06-24','F',168,169,415,NULL,'A','Black',NULL,NULL,2,2,0,NULL,'2015-06-26 07:08:27','2015-07-16 02:19:12',NULL),(174,6,'6356','F6','2015-05-14','2015-06-24','F',168,169,415,NULL,'A','Black',NULL,NULL,2,2,0,NULL,'2015-06-26 07:08:33','2015-07-16 02:19:38',NULL),(175,6,'6353','F6','2015-05-14','2015-06-24','M',168,169,415,NULL,'A','Black',NULL,NULL,2,2,0,NULL,'2015-06-26 07:08:40','2015-07-16 02:20:00',NULL),(177,24,'6357','F4','2014-10-30','2014-11-30','F',NULL,NULL,367,NULL,'A','Black',NULL,NULL,2,2,0,NULL,'2015-06-26 07:53:16','2015-07-16 02:21:45',NULL),(178,7,'642','F4','2015-07-09','2014-08-09','M',NULL,NULL,367,NULL,'A','Black',NULL,NULL,2,2,0,NULL,'2015-06-26 07:53:19','2015-06-26 07:53:19',NULL),(179,24,'6358','F4','2014-10-30','2014-11-30','F',NULL,NULL,356,NULL,'A','Black',NULL,NULL,2,2,0,NULL,'2015-06-26 07:54:46','2015-07-16 02:22:17',NULL),(180,7,'643','F4','2015-07-09','2015-08-09','M',NULL,NULL,356,NULL,'A','Black',NULL,NULL,2,2,0,NULL,'2015-06-26 07:54:49','2015-06-26 07:54:49',NULL),(181,7,'6360','F5','2015-06-08','2015-07-08','M',178,177,344,NULL,'A','Black',NULL,NULL,2,2,0,NULL,'2015-06-26 07:59:26','2015-07-16 02:32:46',NULL),(182,7,'6361','F5','2015-06-08','2015-07-08','M',178,177,344,NULL,'A','Black',NULL,NULL,2,2,0,NULL,'2015-06-26 07:59:28','2015-07-16 02:32:26',NULL),(183,7,'6362','F5','2015-06-08','2015-07-08','M',178,177,344,NULL,'A','Black',NULL,NULL,2,2,0,NULL,'2015-06-26 07:59:30','2015-07-16 02:32:33',NULL),(184,7,'6363','F5','2015-06-08','0201-07-08','M',178,177,344,NULL,'A','Black',NULL,NULL,2,2,0,NULL,'2015-06-26 07:59:34','2015-07-16 02:32:07',NULL),(185,7,'5780','F5','2015-03-07','2015-04-07','M',178,177,346,NULL,'A','Black',NULL,NULL,2,2,0,NULL,'2015-06-26 08:02:29','2015-07-16 02:23:15',NULL),(186,7,'5779','F5','2015-03-07','2015-04-07','M',178,177,346,NULL,'A','Black',NULL,NULL,2,2,0,NULL,'2015-06-26 08:02:31','2015-07-16 02:23:28',NULL),(187,7,'5778','F5','2015-03-07','2015-04-07','M',178,177,346,NULL,'A','Black',NULL,NULL,2,2,0,NULL,'2015-06-26 08:02:33','2015-07-16 02:23:38',NULL),(192,8,'6367','F6','2014-10-13','2014-11-13','F',NULL,NULL,388,NULL,'A','Black',NULL,NULL,2,2,0,NULL,'2015-06-26 08:11:04','2015-07-16 02:35:56',NULL),(193,8,'6366','F6','2014-10-13','2014-11-13','M',NULL,NULL,388,NULL,'A','Black',NULL,NULL,2,2,0,NULL,'2015-06-26 08:11:06','2015-07-16 02:36:10',NULL),(195,8,'6369','F7','2015-01-05','2015-02-05','F',193,192,304,NULL,'A','Black',NULL,NULL,2,2,0,NULL,'2015-06-29 03:17:22','2015-07-16 02:39:05',NULL),(196,8,'6368','F7','2015-01-05','2015-02-05','M',193,192,304,NULL,'A','Black',NULL,NULL,2,2,0,NULL,'2015-06-29 03:17:25','2015-07-16 02:39:39',NULL),(204,8,'6371','F7','2015-04-16','2015-05-16','M',193,192,334,NULL,'A','Black',NULL,NULL,2,2,0,NULL,'2015-06-29 03:30:13','2015-07-16 02:40:28',NULL),(205,8,'6370','F7','2015-04-16','2015-05-16','F',193,192,334,NULL,'A','Black',NULL,NULL,2,2,0,NULL,'2015-06-29 03:30:17','2015-07-16 02:40:50',NULL),(206,9,'6373','F4','2015-01-08','2015-02-08','M',NULL,NULL,316,NULL,'A','Black',NULL,NULL,2,2,0,NULL,'2015-06-29 07:42:32','2015-07-16 02:42:38',NULL),(207,9,'6372','F4','2015-01-08','2015-02-08','F',NULL,NULL,316,NULL,'A','Black',NULL,NULL,2,2,0,NULL,'2015-06-29 07:42:35','2015-07-16 02:43:22',NULL),(209,9,'6374','F5','2015-06-11','2015-07-11','M',206,207,328,NULL,'A','Black',NULL,NULL,2,2,0,NULL,'2015-06-29 07:45:55','2015-07-16 02:44:45',NULL),(210,9,'6375','F5','2015-02-11','2015-03-11','F',206,207,328,NULL,'A','Black',NULL,NULL,2,2,0,NULL,'2015-06-29 07:45:56','2015-07-16 02:45:13',NULL),(215,24,'6302','F2','2015-02-01','2015-03-01','F',NULL,NULL,368,NULL,'K','Black','2015-07-15',NULL,2,2,0,'','2015-06-29 08:02:27','2015-07-16 02:52:25',NULL),(216,24,'6301','F3','2015-04-26','2015-06-25','F',NULL,NULL,419,NULL,'A','Black',NULL,NULL,2,2,0,NULL,'2015-06-29 09:23:06','2015-07-16 03:13:35',NULL),(218,10,'4400','F2','2014-05-30','2014-06-30','M',NULL,NULL,368,NULL,'K','Black','2015-07-15',NULL,2,2,0,'','2015-06-29 09:25:00','2015-07-16 02:52:31',NULL),(219,10,'5453','F3','2015-01-03','2015-02-03','M',218,NULL,354,NULL,'K','Black','2015-07-15',NULL,2,2,0,'','2015-06-29 09:26:42','2015-07-16 03:10:26',NULL),(220,10,'5461','F3','2014-11-21','2014-12-21','M',218,NULL,354,NULL,'K','Black','2015-07-15',NULL,2,2,0,'','2015-06-29 09:26:43','2015-07-16 03:10:32',NULL),(221,10,'5460','F3','2014-11-21','2014-12-21','M',218,NULL,354,NULL,'K','Black','2015-07-15',NULL,2,2,0,'','2015-06-29 09:26:45','2015-07-16 03:10:40',NULL),(222,10,'8115','F3','2015-02-21','2015-03-21','M',218,215,419,NULL,'A','Black',NULL,NULL,2,2,0,NULL,'2015-06-29 09:32:22','2015-07-16 03:05:03',NULL),(223,10,'8116','F3','2015-02-21','2015-03-21','M',218,215,419,NULL,'K','Black','2015-07-15',NULL,2,2,0,'','2015-06-29 09:32:25','2015-07-16 03:11:50',NULL),(224,10,'8117','F3','2015-02-21','2015-03-21','M',218,215,419,NULL,'K','Black','2015-07-15',NULL,2,2,0,'','2015-06-29 09:32:28','2015-07-16 03:11:57',NULL),(225,10,'8118','F3','2015-02-21','2015-03-21','M',218,215,368,NULL,'A','Black',NULL,NULL,2,2,0,NULL,'2015-06-29 09:32:30','2015-07-16 03:12:37',NULL),(226,10,'8119','F3','2015-02-21','2015-03-21','M',218,215,419,NULL,'K','Black','2015-07-15',NULL,2,2,0,'','2015-06-29 09:32:32','2015-07-16 03:12:08',NULL),(227,27,'5409','F7','2015-01-22','2015-03-02','F',NULL,NULL,212,NULL,'A','Black',NULL,NULL,4,4,0,NULL,'2015-06-30 03:06:31','2015-06-30 03:06:31',NULL),(228,24,'8260','','2014-11-16',NULL,'M',NULL,NULL,212,NULL,'A','Black',NULL,NULL,4,4,0,NULL,'2015-06-30 03:07:09','2015-06-30 03:07:09',NULL),(229,28,'5761','F10','2015-04-19','2015-06-08','M',NULL,NULL,113,NULL,'A','Black',NULL,NULL,4,4,0,NULL,'2015-06-30 03:13:19','2015-06-30 03:13:19',NULL),(230,28,'5763','F10','2015-04-19','2015-06-08','F',NULL,NULL,113,NULL,'A','Black',NULL,NULL,4,4,0,NULL,'2015-06-30 03:14:05','2015-06-30 03:14:05',NULL),(231,30,'748','F8','2014-12-02','2015-01-08','M',NULL,NULL,205,NULL,'A','Black',NULL,NULL,4,4,0,NULL,'2015-06-30 03:16:25','2015-06-30 03:16:25',NULL),(232,30,'682','F8','2014-12-02','2015-01-08','F',NULL,NULL,205,NULL,'A','Black',NULL,NULL,4,4,0,NULL,'2015-06-30 03:17:18','2015-06-30 03:17:18',NULL),(233,21,'8129','F2','2015-05-24','2015-06-26','M',68,69,331,NULL,'A','White',NULL,NULL,8,8,0,NULL,'2015-06-30 03:21:12','2015-07-03 02:38:38',NULL),(234,30,'749','F8','2014-12-02','2015-01-08','M',NULL,NULL,207,NULL,'A','Black',NULL,NULL,4,4,0,NULL,'2015-06-30 03:23:08','2015-06-30 03:23:08',NULL),(235,30,'683','F8','2014-12-02','2015-01-08','F',NULL,NULL,207,NULL,'A','Black',NULL,NULL,4,4,0,NULL,'2015-06-30 03:24:08','2015-06-30 03:24:08',NULL),(236,21,'8130','F2','2015-05-24','2015-06-26','F',68,69,402,NULL,'A','White',NULL,NULL,8,8,0,NULL,'2015-06-30 03:24:28','2015-07-03 02:39:22',NULL),(237,23,'713','F4','2014-11-22','2014-12-29','M',NULL,NULL,142,NULL,'A','White',NULL,NULL,3,3,0,NULL,'2015-06-30 03:25:36','2015-06-30 03:25:36',NULL),(238,23,'715','F4','2014-11-22','2014-12-29','F',NULL,NULL,142,NULL,'A','White',NULL,NULL,3,3,0,NULL,'2015-06-30 03:26:14','2015-06-30 03:26:14',NULL),(239,21,'8131','F2','2015-05-24','2015-06-26','F',68,69,402,NULL,'A','White',NULL,NULL,8,8,0,NULL,'2015-06-30 03:27:02','2015-07-03 02:39:40',NULL),(240,23,'2527','F4','2014-09-04','2014-10-10','M',NULL,NULL,144,NULL,'A','White',NULL,NULL,3,3,0,NULL,'2015-06-30 03:27:27','2015-06-30 03:27:27',NULL),(241,23,'2529','F4','2014-09-04','2014-10-10','F',NULL,NULL,144,NULL,'A','White',NULL,NULL,3,3,0,NULL,'2015-06-30 03:28:02','2015-06-30 03:28:02',NULL),(242,23,'5144','F5','2014-12-10','2015-01-20','M',240,241,145,NULL,'A','White',NULL,NULL,3,3,0,NULL,'2015-06-30 03:29:05','2015-06-30 03:29:05',NULL),(243,23,'5146','F5','2014-12-10','2015-01-20','F',240,241,145,NULL,'A','White',NULL,NULL,3,3,0,NULL,'2015-06-30 03:29:47','2015-06-30 03:30:26',NULL),(244,23,'1133','F3','2014-09-05','2014-10-14','M',NULL,NULL,147,NULL,'A','White',NULL,NULL,3,3,0,NULL,'2015-06-30 03:31:34','2015-06-30 03:31:34',NULL),(245,23,'1135','F3','2014-09-15','2014-10-14','F',NULL,NULL,147,NULL,'A','White',NULL,NULL,3,3,0,NULL,'2015-06-30 03:32:05','2015-06-30 03:32:05',NULL),(246,23,'1134','F3','2014-09-15','2014-10-14','M',NULL,NULL,148,NULL,'A','White',NULL,NULL,3,3,0,NULL,'2015-06-30 03:32:55','2015-06-30 03:32:55',NULL),(247,23,'1136','F3','2014-09-15','2014-10-14','F',NULL,NULL,148,NULL,'A','White',NULL,NULL,3,3,0,NULL,'2015-06-30 03:33:35','2015-06-30 03:33:35',NULL),(248,23,'1142','F4','2014-09-04','2014-10-10','M',NULL,NULL,150,NULL,'A','White',NULL,NULL,3,3,0,NULL,'2015-06-30 03:34:24','2015-06-30 03:34:24',NULL),(249,23,'1143','F4','2014-09-04','2014-10-10','F',NULL,NULL,150,NULL,'A','White',NULL,NULL,3,3,0,NULL,'2015-06-30 03:34:54','2015-06-30 03:34:54',NULL),(250,24,'','F5','2015-03-22','2015-04-22','M',NULL,NULL,380,NULL,'K','Black','2015-07-15',NULL,2,2,0,'','2015-06-30 08:46:32','2015-07-16 03:26:03',NULL),(251,11,'702','F5','2014-11-07','2014-12-07','F',NULL,NULL,380,NULL,'UD','Black','2015-07-15',NULL,2,2,0,'','2015-06-30 08:46:33','2015-07-16 03:26:19',NULL),(252,11,'706','F5','2014-11-07','2014-12-07','F',NULL,NULL,380,NULL,'UD','Black','2015-07-15',NULL,2,2,0,'','2015-06-30 08:46:35','2015-07-16 03:26:11',NULL),(253,24,'6404','F5','2015-03-22','2015-04-22','F',NULL,NULL,309,NULL,'A','Black',NULL,NULL,2,2,0,NULL,'2015-06-30 08:49:47','2015-07-16 03:28:47',NULL),(255,11,'704','F5','2014-11-07','2014-12-07','M',NULL,NULL,309,NULL,'K','Black','2015-07-15',NULL,2,2,0,'','2015-06-30 08:50:37','2015-07-16 03:27:10',NULL),(262,24,'6306','F4','2015-01-20','2015-02-20','F',NULL,NULL,365,NULL,'A','Black',NULL,NULL,2,2,0,NULL,'2015-06-30 09:06:40','2015-07-16 07:29:06',NULL),(264,12,'2629','F4','2014-02-25','2014-03-25','M',NULL,NULL,365,NULL,'A','Black',NULL,NULL,2,2,0,NULL,'2015-06-30 09:06:53','2015-07-01 10:10:48',NULL),(269,30,'5889','F8','2015-02-02','2015-03-06','M',NULL,NULL,428,NULL,'A','Black',NULL,NULL,4,4,0,NULL,'2015-07-01 03:09:18','2015-07-01 03:09:18',NULL),(283,12,'5468','F5','2015-02-05','2015-03-05','M',264,262,349,NULL,'A','Black',NULL,NULL,2,2,0,NULL,'2015-07-01 10:27:17','2015-07-16 08:03:54',NULL),(287,24,'6307','F5','2015-03-03','2015-04-03','F',NULL,NULL,349,NULL,'A','Black',NULL,NULL,2,2,0,NULL,'2015-07-01 10:30:30','2015-07-16 08:02:04',NULL),(288,13,'8133','F1','2014-06-18','2014-07-18','M',NULL,NULL,329,NULL,'A','Black',NULL,NULL,2,2,0,NULL,'2015-07-01 11:16:32','2015-07-16 08:36:36',NULL),(289,13,'8134','F1','2014-07-02','2014-08-02','F',NULL,NULL,329,NULL,'A','Black',NULL,NULL,2,2,0,NULL,'2015-07-01 11:16:34','2015-07-16 08:36:46',NULL),(290,13,'6309','F2','2014-08-20','2014-09-20','F',288,289,327,NULL,'A','Black',NULL,NULL,2,2,0,NULL,'2015-07-01 11:19:55','2015-07-16 08:38:26',NULL),(292,13,'6308','F2','2014-08-20','2014-09-20','M',288,289,327,NULL,'A','Black',NULL,NULL,2,2,0,NULL,'2015-07-01 11:19:59','2015-07-16 08:40:11',NULL),(295,13,'8137','F3','2015-04-15','2015-05-15','M',292,290,340,NULL,'A','Black',NULL,NULL,2,2,0,NULL,'2015-07-01 11:21:58','2015-07-16 08:41:19',NULL),(296,13,'8135','F3','2015-04-15','2015-05-15','F',292,290,340,NULL,'A','Black',NULL,NULL,2,2,0,NULL,'2015-07-01 11:22:00','2015-07-16 08:44:19',NULL),(297,13,'8136','F3','2015-04-15','2015-05-15','F',292,290,340,NULL,'A','Black',NULL,NULL,2,2,0,NULL,'2015-07-01 11:22:03','2015-07-16 08:41:31',NULL),(298,13,'8138','F3','2015-04-15','2015-05-15','F',292,290,340,NULL,'A','Black',NULL,NULL,2,2,0,NULL,'2015-07-01 11:22:05','2015-07-16 08:40:38',NULL),(299,17,'','F2','2014-11-30','2014-12-30','M',NULL,NULL,418,NULL,'A','+/+',NULL,NULL,2,2,0,NULL,'2015-07-01 11:28:27','2015-07-01 11:28:27',NULL),(300,17,'','F2','2014-11-30','2014-12-30','M',NULL,NULL,418,NULL,'A','+/+',NULL,NULL,2,2,0,NULL,'2015-07-01 11:28:32','2015-07-01 11:28:32',NULL),(301,17,'','F2','2014-11-30','2014-12-30','M',NULL,NULL,418,NULL,'A','+/+',NULL,NULL,2,2,0,NULL,'2015-07-01 11:28:37','2015-07-01 11:28:37',NULL),(302,17,'','F2','2014-11-30','2014-12-30','F',NULL,NULL,418,NULL,'A','+/+',NULL,NULL,2,2,0,NULL,'2015-07-01 11:28:39','2015-07-01 11:28:39',NULL),(303,17,'','F2','2014-11-30','2014-12-30','F',NULL,NULL,418,NULL,'A','+/+',NULL,NULL,2,2,0,NULL,'2015-07-01 11:28:41','2015-07-01 11:28:41',NULL),(304,17,'','F2','2014-11-30','2014-12-30','F',NULL,NULL,418,NULL,'A','+/+',NULL,NULL,2,2,0,NULL,'2015-07-01 11:28:44','2015-07-01 11:28:44',NULL),(305,17,'','F3','2015-02-11','2015-03-11','F',NULL,NULL,416,NULL,'A','+/+',NULL,NULL,2,2,0,NULL,'2015-07-01 11:31:47','2015-07-01 11:31:47',NULL),(306,17,'','F3','2015-02-11','2015-03-11','F',NULL,NULL,416,NULL,'A','+/+',NULL,NULL,2,2,0,NULL,'2015-07-01 11:31:48','2015-07-01 11:31:48',NULL),(307,17,'','F3','2015-02-11','2015-03-11','F',NULL,NULL,416,NULL,'A','+/+',NULL,NULL,2,2,0,NULL,'2015-07-01 11:31:50','2015-07-01 11:31:50',NULL),(308,17,'','F3','2015-02-11','2015-03-11','M',NULL,NULL,416,NULL,'A','+/+',NULL,NULL,2,2,0,NULL,'2015-07-01 11:31:51','2015-07-01 11:31:51',NULL),(309,17,'','F3','2015-02-11','2015-03-11','M',NULL,NULL,416,NULL,'A','+/+',NULL,NULL,2,2,0,NULL,'2015-07-01 11:31:53','2015-07-01 11:31:53',NULL),(310,17,'','F3','2015-02-11','2015-03-11','M',NULL,NULL,416,NULL,'A','+/+',NULL,NULL,2,2,0,NULL,'2015-07-01 11:31:55','2015-07-01 11:31:55',NULL),(311,24,'6559','','2015-01-06',NULL,'F',NULL,NULL,428,NULL,'A','Black',NULL,NULL,4,4,0,NULL,'2015-07-02 01:31:58','2015-07-02 01:31:58',NULL),(312,30,'5072','F9','2015-03-25','2015-04-26','M',234,235,226,NULL,'A','Black',NULL,NULL,4,4,0,NULL,'2015-07-02 01:33:27','2015-07-02 01:33:27',NULL),(313,30,'5091','F9','2015-03-25','2015-04-26','F',234,235,226,NULL,'A','Black',NULL,NULL,4,4,0,NULL,'2015-07-02 01:34:30','2015-07-02 01:34:30',NULL),(314,30,'5700','F9','2015-04-07','2015-05-06','M',NULL,NULL,229,NULL,'A','Black',NULL,NULL,4,4,0,NULL,'2015-07-02 01:35:33','2015-07-02 01:35:33',NULL),(315,24,'6560','','2015-04-10',NULL,'F',NULL,NULL,229,NULL,'A','Black',NULL,NULL,4,4,0,NULL,'2015-07-02 01:36:27','2015-07-02 01:36:27',NULL),(316,30,'5674','F9','2015-04-07','2015-05-06','M',NULL,NULL,254,NULL,'A','Black',NULL,NULL,4,4,0,NULL,'2015-07-02 01:37:31','2015-07-02 01:37:31',NULL),(317,24,'6561','','2015-04-10',NULL,'F',NULL,NULL,254,NULL,'A','Black',NULL,NULL,4,4,0,NULL,'2015-07-02 01:38:11','2015-07-02 01:38:11',NULL),(318,31,'6624','F8','2015-04-27','2015-06-18','F',NULL,NULL,414,NULL,'A','Black',NULL,NULL,4,4,0,NULL,'2015-07-02 01:45:56','2015-07-02 01:47:03',NULL),(319,31,'6625','F8','2015-04-27','2015-06-18','F',NULL,NULL,253,NULL,'A','Black',NULL,NULL,4,4,0,NULL,'2015-07-02 01:46:48','2015-07-09 01:41:28',NULL),(320,31,'6680','F7','2015-05-09','2015-06-18','M',NULL,NULL,266,NULL,'K','Black','2015-07-15',NULL,4,4,0,'','2015-07-02 01:48:49','2015-07-16 00:39:38',NULL),(321,31,'6681','F7','2015-05-09','2015-06-18','M',NULL,NULL,266,NULL,'K','Black','2015-07-15',NULL,4,4,0,'','2015-07-02 01:49:41','2015-07-16 00:39:45',NULL),(322,31,'6682','F7','2015-05-09','2015-06-18','F',NULL,NULL,267,NULL,'K','Black','2015-07-15',NULL,4,4,0,'','2015-07-02 01:50:30','2015-07-16 00:39:57',NULL),(323,31,'6683','F7','2015-05-09','2015-06-18','F',NULL,NULL,267,NULL,'K','Black','2015-07-15',NULL,4,4,0,'','2015-07-02 01:51:20','2015-07-16 00:40:04',NULL),(324,31,'686','F6','2014-11-25','2014-12-29','M',NULL,NULL,352,NULL,'A','Black',NULL,NULL,4,4,0,NULL,'2015-07-02 01:52:09','2015-07-02 02:11:48',NULL),(325,31,'691','F6','2014-11-25','2014-12-29','F',NULL,NULL,352,NULL,'A','Black',NULL,NULL,4,4,0,NULL,'2015-07-02 01:54:50','2015-07-02 01:54:50',NULL),(326,31,'5896','F6','2015-02-05','2015-03-06','M',NULL,NULL,265,NULL,'A','Black',NULL,NULL,4,4,0,NULL,'2015-07-02 01:56:08','2015-07-02 01:56:08',NULL),(327,31,'5897','F6','2015-02-05','2015-03-06','F',NULL,NULL,265,NULL,'A','Black',NULL,NULL,4,4,0,NULL,'2015-07-02 01:56:51','2015-07-02 01:56:51',NULL),(328,31,'5236','F6','2015-03-05','2015-04-21','M',NULL,NULL,247,NULL,'A','Black',NULL,NULL,4,4,0,NULL,'2015-07-02 01:58:26','2015-07-02 01:58:26',NULL),(329,31,'5237','F6','2015-03-05','2015-04-21','F',NULL,NULL,247,NULL,'A','Black',NULL,NULL,4,4,0,NULL,'2015-07-02 01:59:07','2015-07-02 01:59:07',NULL),(330,31,'5235','F6','2015-03-05','2015-04-21','M',NULL,NULL,217,NULL,'A','Black',NULL,NULL,4,4,0,NULL,'2015-07-02 02:00:08','2015-07-02 02:00:08',NULL),(331,31,'5238','F6','2015-03-05','2015-04-21','F',NULL,NULL,217,NULL,'A','Black',NULL,NULL,4,4,0,NULL,'2015-07-02 02:00:50','2015-07-02 02:00:50',NULL),(332,31,'5092','F8','2015-03-27','2015-04-26','M',NULL,NULL,268,NULL,'A','Black',NULL,NULL,4,4,0,NULL,'2015-07-02 02:02:05','2015-07-02 02:02:05',NULL),(333,24,'6562','','2015-02-26',NULL,'F',NULL,NULL,268,NULL,'A','Black',NULL,NULL,4,4,0,NULL,'2015-07-02 02:02:46','2015-07-02 02:02:46',NULL),(334,24,'5334','','2015-02-11',NULL,'M',NULL,NULL,230,NULL,'A','Black',NULL,NULL,4,4,0,NULL,'2015-07-02 02:03:51','2015-07-02 02:03:51',NULL),(335,31,'5094','F8','2015-03-27','2015-04-26','F',NULL,NULL,230,NULL,'A','Black',NULL,NULL,4,4,0,NULL,'2015-07-02 02:04:51','2015-07-02 02:04:51',NULL),(336,4,'5043','2','2015-01-27','2015-02-27','M',NULL,NULL,NULL,NULL,'A','Black',NULL,NULL,6,6,0,NULL,'2015-07-02 02:05:43','2015-07-02 02:05:43',NULL),(337,31,'5590','F8','2015-04-09','2015-05-20','M',NULL,NULL,259,NULL,'A','Black',NULL,NULL,4,4,0,NULL,'2015-07-02 02:06:54','2015-07-02 02:06:54',NULL),(338,24,'6564','','2015-04-10',NULL,'F',NULL,NULL,259,NULL,'A','Black',NULL,NULL,4,4,0,NULL,'2015-07-02 02:07:31','2015-07-02 02:07:31',NULL),(339,24,'6565','','2015-04-10',NULL,'M',NULL,NULL,410,NULL,'A','Black',NULL,NULL,4,4,0,NULL,'2015-07-02 02:08:23','2015-07-02 02:08:23',NULL),(340,31,'5591','F8','2015-04-09','2015-05-20','F',NULL,NULL,410,NULL,'A','Black',NULL,NULL,4,4,0,NULL,'2015-07-02 02:09:06','2015-07-02 02:09:06',NULL),(341,24,'6567','','2015-02-01',NULL,'M',NULL,NULL,252,NULL,'A','Black',NULL,NULL,4,4,0,NULL,'2015-07-02 02:10:09','2015-07-02 02:10:09',NULL),(342,31,'6566','F8','2015-04-09','2015-05-20','F',NULL,NULL,252,NULL,'A','Black',NULL,NULL,4,4,0,NULL,'2015-07-02 02:11:03','2015-07-02 02:11:03',NULL),(343,31,'6608','F7','2015-04-15','2015-05-29','M',324,325,314,NULL,'A','Black',NULL,NULL,4,4,0,NULL,'2015-07-02 02:13:20','2015-07-02 02:13:20',NULL),(344,31,'6611','F7','2015-04-15','2015-05-29','F',324,325,314,NULL,'A','Black',NULL,NULL,4,4,0,NULL,'2015-07-02 02:14:19','2015-07-02 02:14:19',NULL),(345,24,'6568','','2014-11-16',NULL,'M',NULL,NULL,235,NULL,'A','Black',NULL,NULL,4,4,0,NULL,'2015-07-02 02:18:05','2015-07-02 02:18:05',NULL),(346,32,'5395','F8','2015-01-28','2015-03-06','F',NULL,NULL,235,NULL,'A','Black',NULL,NULL,4,4,0,NULL,'2015-07-02 02:19:11','2015-07-02 02:19:11',NULL),(347,32,'5803','F8','2015-01-28','2015-03-06','M',NULL,NULL,280,NULL,'A','Black',NULL,NULL,4,4,0,NULL,'2015-07-02 02:20:11','2015-07-02 02:20:11',NULL),(348,24,'6569','','2015-02-01',NULL,'F',NULL,NULL,280,NULL,'A','Black',NULL,NULL,4,4,0,NULL,'2015-07-02 02:20:59','2015-07-02 02:20:59',NULL),(349,32,'5912','F7','2015-02-18','2015-03-06','M',NULL,NULL,204,NULL,'A','Black',NULL,NULL,4,4,0,NULL,'2015-07-02 02:22:06','2015-07-02 02:22:06',NULL),(350,32,'5916','F7','2015-02-18','2015-03-06','F',NULL,NULL,204,NULL,'A','Black',NULL,NULL,4,4,0,NULL,'2015-07-02 02:22:48','2015-07-02 02:22:48',NULL),(351,32,'5914','F7','2015-02-18','2015-03-06','M',NULL,NULL,224,NULL,'A','Black',NULL,NULL,4,4,0,NULL,'2015-07-02 02:23:36','2015-07-02 02:23:36',NULL),(352,32,'5917','F7','2015-02-18','2015-03-06','F',NULL,NULL,224,NULL,'A','Black',NULL,NULL,4,4,0,NULL,'2015-07-02 02:24:13','2015-07-02 02:24:13',NULL),(353,32,'5781','F7','2015-03-01','2015-04-16','M',NULL,NULL,258,NULL,'A','Black',NULL,NULL,4,4,0,NULL,'2015-07-02 02:25:42','2015-07-02 02:25:42',NULL),(354,32,'5782','F7','2015-03-01','2015-04-16','F',NULL,NULL,258,NULL,'A','Black',NULL,NULL,4,4,0,NULL,'2015-07-02 02:26:25','2015-07-02 02:26:25',NULL),(355,32,'5783','F8','2015-03-13','2015-04-21','M',NULL,NULL,292,NULL,'A','Black',NULL,NULL,4,4,0,NULL,'2015-07-02 02:27:14','2015-07-02 02:27:14',NULL),(356,24,'6570','','2015-02-26',NULL,'F',NULL,NULL,292,NULL,'A','Black',NULL,NULL,4,4,0,NULL,'2015-07-02 02:27:50','2015-07-02 02:27:50',NULL),(357,24,'6571','','2015-03-10',NULL,'M',NULL,NULL,203,NULL,'A','Black',NULL,NULL,4,4,0,NULL,'2015-07-02 02:28:31','2015-07-02 02:28:31',NULL),(358,32,'5789','F8','2015-03-13','2015-04-21','F',NULL,NULL,203,NULL,'A','Black',NULL,NULL,4,4,0,NULL,'2015-07-02 02:29:13','2015-07-02 02:29:13',NULL),(359,32,'6687','F9','2015-04-27',NULL,'F',345,346,222,NULL,'A','Black',NULL,NULL,4,4,0,NULL,'2015-07-02 02:33:52','2015-07-02 02:33:52',NULL),(360,32,'6688','F9','2015-04-27',NULL,'F',345,346,222,NULL,'A','Black',NULL,NULL,4,4,0,NULL,'2015-07-02 02:34:45','2015-07-02 02:34:45',NULL),(361,32,'6692','F8','2015-05-03',NULL,'M',353,354,NULL,NULL,'A','Black',NULL,NULL,4,4,0,NULL,'2015-07-02 02:36:42','2015-07-13 08:42:01',NULL),(362,32,'6693','F8','2015-05-03',NULL,'M',353,354,NULL,NULL,'A','Black',NULL,NULL,4,4,0,NULL,'2015-07-02 02:37:51','2015-07-13 08:42:06',NULL),(363,4,'6171','3','2015-04-02','2015-05-02','M',NULL,NULL,3,NULL,'A','Black',NULL,NULL,6,6,0,NULL,'2015-07-02 03:12:26','2015-07-02 03:12:26',NULL),(364,4,'no','2','2015-03-30','2015-03-30','M',NULL,NULL,4,NULL,'A','Black',NULL,NULL,6,6,0,NULL,'2015-07-02 03:13:49','2015-07-02 03:13:49',NULL),(365,4,'6170','3','2015-04-02','2015-05-02','M',NULL,NULL,11,NULL,'A','Black',NULL,NULL,6,6,0,NULL,'2015-07-02 03:16:59','2015-07-02 03:16:59',NULL),(366,2,'2402','5','2014-10-04','2014-11-04','M',NULL,NULL,12,NULL,'A','Black',NULL,NULL,6,6,0,NULL,'2015-07-02 03:19:03','2015-07-02 03:19:03',NULL),(367,2,'2402','5','2015-02-05','2015-03-05','M',NULL,NULL,13,NULL,'A','Black',NULL,NULL,6,6,0,NULL,'2015-07-02 03:20:25','2015-07-02 03:20:25',NULL),(368,2,'645','4','2015-01-03','2015-02-03','M',NULL,NULL,14,NULL,'A','Black',NULL,NULL,6,6,0,NULL,'2015-07-02 03:21:35','2015-07-02 03:21:35',NULL),(369,2,'5033','4','2015-01-09','2015-02-09','M',NULL,NULL,15,NULL,'A','Black',NULL,NULL,6,6,0,NULL,'2015-07-02 03:23:10','2015-07-02 03:23:10',NULL),(370,2,'6158','6','2015-04-23','2015-05-23','M',NULL,NULL,66,NULL,'A','Black',NULL,NULL,6,6,0,NULL,'2015-07-02 03:25:28','2015-07-02 03:25:28',NULL),(371,2,'6160','6','2015-04-23','2015-05-23','M',NULL,NULL,66,NULL,'A','Black',NULL,NULL,6,6,0,NULL,'2015-07-02 03:27:10','2015-07-02 03:27:10',NULL),(372,2,'6161','6','2015-04-23','2015-05-23','M',NULL,NULL,66,NULL,'A','Black',NULL,NULL,6,6,0,NULL,'2015-07-02 03:27:56','2015-07-02 03:27:56',NULL),(373,2,'6162','6','2015-04-23','2015-05-23','M',NULL,NULL,66,NULL,'A','Black',NULL,NULL,6,6,0,NULL,'2015-07-02 03:28:56','2015-07-02 03:28:56',NULL),(374,2,'6163','6','2015-04-23','2015-05-23','M',NULL,NULL,66,NULL,'A','Black',NULL,NULL,6,6,0,NULL,'2015-07-02 03:29:38','2015-07-02 03:29:38',NULL),(375,33,'3038','F5','2014-11-15','2014-12-16','M',NULL,NULL,299,NULL,'A','Black',NULL,NULL,4,4,0,NULL,'2015-07-02 06:11:55','2015-07-02 06:11:55',NULL),(376,33,'3040','F5','2014-11-15','2014-12-16','F',NULL,NULL,299,NULL,'A','Black',NULL,NULL,4,4,0,NULL,'2015-07-02 06:12:46','2015-07-02 06:20:48',NULL),(377,33,'5247','F5','2015-03-04','2015-04-21','M',NULL,NULL,283,NULL,'A','Black',NULL,NULL,4,4,0,NULL,'2015-07-02 06:13:59','2015-07-02 06:13:59',NULL),(378,33,'5248','F5','2015-03-04','2015-04-21','F',NULL,NULL,283,NULL,'A','Black',NULL,NULL,4,4,0,NULL,'2015-07-02 06:14:48','2015-07-02 06:14:48',NULL),(379,33,'5245','F5','2015-03-04','2015-04-21','M',NULL,NULL,223,NULL,'A','Black',NULL,NULL,4,4,0,NULL,'2015-07-02 06:15:52','2015-07-02 06:15:52',NULL),(380,24,'6573','','2015-02-26',NULL,'F',NULL,NULL,223,NULL,'A','Black',NULL,NULL,4,4,0,NULL,'2015-07-02 06:16:44','2015-07-02 06:16:44',NULL),(381,24,'6574','','2015-03-10',NULL,'M',NULL,NULL,234,NULL,'A','Black',NULL,NULL,4,4,0,NULL,'2015-07-02 06:17:31','2015-07-02 06:17:31',NULL),(382,33,'5250','F5','2015-03-04','2015-04-21','F',NULL,NULL,234,NULL,'UD','Black','2015-06-24',NULL,4,4,0,'','2015-07-02 06:18:47','2015-07-13 08:20:38',NULL),(383,33,'6172','F6','2015-02-27','2015-04-10','M',375,376,240,NULL,'A','Black',NULL,NULL,4,4,0,NULL,'2015-07-02 06:20:31','2015-07-02 06:22:54',NULL),(384,33,'6173','F6','2015-02-27','2015-04-10','F',375,376,240,NULL,'A','Black',NULL,NULL,4,4,0,NULL,'2015-07-02 06:23:51','2015-07-02 06:23:51',NULL),(385,33,'5096','F6','2015-03-29','2015-04-26','M',NULL,NULL,242,NULL,'A','Black',NULL,NULL,4,4,0,NULL,'2015-07-02 06:25:29','2015-07-02 06:25:29',NULL),(386,33,'5099','F6','2015-03-29','2015-04-26','F',NULL,NULL,242,NULL,'A','Black',NULL,NULL,4,4,0,NULL,'2015-07-02 06:26:16','2015-07-02 06:26:16',NULL),(387,33,'5097','F6','2015-03-29','2015-04-26','M',NULL,NULL,245,NULL,'A','Black',NULL,NULL,4,4,0,NULL,'2015-07-02 06:27:01','2015-07-13 08:28:23',NULL),(388,33,'5098','F6','2015-03-29','2015-04-26','F',NULL,NULL,245,NULL,'A','Black',NULL,NULL,4,4,0,NULL,'2015-07-02 06:27:37','2015-07-02 06:27:37',NULL),(389,24,'6575','','2015-04-10',NULL,'M',NULL,NULL,239,NULL,'A','Black',NULL,NULL,4,4,0,NULL,'2015-07-02 06:28:19','2015-07-02 06:28:19',NULL),(390,33,'5543','F6','2015-04-06','2015-05-06','F',NULL,NULL,239,NULL,'A','Black',NULL,NULL,4,4,0,NULL,'2015-07-02 06:29:39','2015-07-02 06:29:39',NULL),(391,33,'6698','F6','2015-05-06','2015-06-24','M',NULL,NULL,227,NULL,'A','Black',NULL,NULL,4,4,0,NULL,'2015-07-02 06:32:01','2015-07-02 06:32:01',NULL),(392,33,'8222','F6','2015-05-11',NULL,'M',375,376,251,NULL,'A','Black',NULL,NULL,4,4,0,NULL,'2015-07-02 06:34:18','2015-07-08 09:35:22',NULL),(393,33,'8223','F6','2015-05-11',NULL,'M',375,376,251,NULL,'A','Black',NULL,NULL,4,4,0,NULL,'2015-07-02 06:35:23','2015-07-08 09:35:35',NULL),(394,33,'8224','F6','2015-05-11',NULL,'M',375,NULL,251,NULL,'A','Black',NULL,NULL,4,4,0,NULL,'2015-07-02 06:36:06','2015-07-08 09:35:49',NULL),(395,33,'8225','F6','2015-05-11',NULL,'F',375,376,202,NULL,'A','Black',NULL,NULL,4,4,0,NULL,'2015-07-02 06:37:07','2015-07-16 02:39:35',NULL),(396,33,'8226','F6','2015-05-11',NULL,'F',375,376,202,NULL,'A','Black',NULL,NULL,4,4,0,NULL,'2015-07-02 06:37:50','2015-07-16 02:39:50',NULL),(397,33,'8228','F6','2015-05-17','2015-06-24','F',NULL,NULL,256,NULL,'A','Black',NULL,NULL,4,4,0,NULL,'2015-07-02 06:39:10','2015-07-02 06:39:10',NULL),(398,33,'8229','F6','2015-05-17','2015-06-24','F',NULL,NULL,256,NULL,'A','Black',NULL,NULL,4,4,0,NULL,'2015-07-02 06:39:54','2015-07-02 06:39:54',NULL),(399,10,'5365','','2014-12-14',NULL,'M',NULL,NULL,290,NULL,'A','Black',NULL,NULL,4,4,0,NULL,'2015-07-02 06:43:15','2015-07-02 06:43:15',NULL),(400,32,'5886','F7','2015-01-21','2015-03-06','F',NULL,NULL,290,NULL,'A','Black',NULL,NULL,4,4,0,NULL,'2015-07-02 06:44:59','2015-07-02 06:44:59',NULL),(401,39,'5598','','2015-04-10','2015-05-20','M',399,400,206,NULL,'A','Black',NULL,NULL,4,4,0,NULL,'2015-07-02 06:46:41','2015-07-02 06:46:41',NULL),(402,39,'6101','','2015-04-10','2015-05-20','F',399,400,206,NULL,'A','Black',NULL,NULL,4,4,0,NULL,'2015-07-02 06:47:53','2015-07-02 06:47:53',NULL),(403,10,'6512','','2015-04-19',NULL,'M',NULL,NULL,NULL,NULL,'A','Black',NULL,NULL,4,4,0,NULL,'2015-07-02 06:52:09','2015-07-14 07:33:36',NULL),(404,10,'6513','','2015-04-19',NULL,'M',NULL,NULL,NULL,NULL,'A','Black',NULL,NULL,4,4,0,NULL,'2015-07-02 06:52:48','2015-07-14 07:33:41',NULL),(405,10,'6514','','2015-04-19',NULL,'F',NULL,NULL,372,NULL,'A','Black',NULL,NULL,4,4,0,NULL,'2015-07-02 06:53:45','2015-07-14 07:34:11',NULL),(406,10,'6515','','2015-04-19',NULL,'F',NULL,NULL,372,NULL,'A','Black',NULL,NULL,4,4,0,NULL,'2015-07-02 06:54:29','2015-07-02 06:54:29',NULL),(407,10,'6510','','2015-05-06',NULL,'M',NULL,NULL,375,NULL,'A','Black',NULL,NULL,4,4,0,NULL,'2015-07-02 06:55:11','2015-07-02 06:55:11',NULL),(408,10,'6511','','2015-05-06',NULL,'F',NULL,NULL,375,NULL,'A','Black',NULL,NULL,4,4,0,NULL,'2015-07-02 06:55:49','2015-07-02 06:55:49',NULL),(409,24,'6576','',NULL,NULL,'F',NULL,NULL,375,NULL,'A','Black',NULL,NULL,4,4,0,NULL,'2015-07-02 06:56:32','2015-07-02 06:56:32',NULL),(410,10,'1481','','2014-08-02',NULL,'M',NULL,NULL,371,NULL,'A','Black',NULL,NULL,4,4,0,NULL,'2015-07-02 06:57:41','2015-07-02 06:57:41',NULL),(411,24,'6577','',NULL,NULL,'F',NULL,NULL,371,NULL,'A','Black',NULL,NULL,4,4,0,NULL,'2015-07-02 06:58:32','2015-07-02 06:58:32',NULL),(412,24,'6579','',NULL,NULL,'F',NULL,NULL,371,NULL,'A','Black',NULL,NULL,4,4,0,NULL,'2015-07-02 06:58:59','2015-07-02 06:58:59',NULL),(413,24,'5061','',NULL,NULL,'F',NULL,NULL,372,NULL,'A','Black',NULL,NULL,4,4,0,NULL,'2015-07-02 06:59:42','2015-07-02 06:59:42',NULL),(414,24,'5062','',NULL,NULL,'F',NULL,NULL,372,NULL,'A','Black',NULL,NULL,4,4,0,NULL,'2015-07-02 07:00:05','2015-07-02 07:00:05',NULL),(415,10,'5055','','2015-01-26','2015-04-13','M',410,NULL,269,NULL,'A','Black',NULL,NULL,4,4,0,NULL,'2015-07-02 07:01:51','2015-07-02 07:01:51',NULL),(416,10,'5299','','2015-03-09','2015-04-21','F',410,NULL,269,NULL,'A','Black',NULL,NULL,4,4,0,NULL,'2015-07-02 07:02:58','2015-07-02 07:02:58',NULL),(417,10,'797','','2015-02-23','2015-04-13','M',NULL,NULL,243,NULL,'A','Black',NULL,NULL,4,4,0,NULL,'2015-07-02 07:04:35','2015-07-08 08:32:40',NULL),(418,10,'5060','','2015-02-23','2015-04-13','F',NULL,NULL,243,NULL,'A','Black',NULL,NULL,4,4,0,NULL,'2015-07-02 07:05:32','2015-07-02 07:05:32',NULL),(419,10,'5298','','2015-03-09','2015-04-21','F',410,NULL,243,NULL,'A','Black',NULL,NULL,4,4,0,NULL,'2015-07-02 07:06:27','2015-07-02 07:06:27',NULL),(420,10,'6612','','2015-04-14','2015-05-26','M',410,NULL,343,NULL,'A','Black',NULL,NULL,4,4,0,NULL,'2015-07-02 07:07:23','2015-07-02 07:07:23',NULL),(421,10,'6615','','2015-04-14','2015-05-26','F',410,NULL,343,NULL,'UD','Black','2015-06-15',NULL,4,4,0,'','2015-07-02 07:08:11','2015-07-14 07:37:13',NULL),(422,11,'5357','','2014-11-07',NULL,'M',NULL,NULL,341,NULL,'A','Black',NULL,NULL,4,4,0,NULL,'2015-07-02 09:16:53','2015-07-02 09:16:53',NULL),(423,11,'2080','','2014-11-30','2015-01-02','F',NULL,NULL,341,NULL,'A','Black',NULL,NULL,4,4,0,NULL,'2015-07-02 09:18:13','2015-07-02 09:18:13',NULL),(424,11,'2077','','2014-11-30',NULL,'F',NULL,NULL,361,NULL,'A','Black',NULL,NULL,4,4,0,NULL,'2015-07-02 09:19:11','2015-07-02 09:26:37',NULL),(425,11,'2078','','2014-11-30',NULL,'F',NULL,NULL,374,NULL,'A','Black',NULL,NULL,4,4,0,NULL,'2015-07-02 09:20:01','2015-07-02 09:26:49',NULL),(426,11,'1477','','2014-04-24',NULL,'M',NULL,NULL,282,NULL,'A','Black',NULL,NULL,4,4,0,NULL,'2015-07-02 09:21:10','2015-07-02 09:21:10',NULL),(427,11,'5364','','2014-11-07',NULL,'F',NULL,NULL,282,NULL,'A','Black',NULL,NULL,4,4,0,NULL,'2015-07-02 09:22:07','2015-07-02 09:22:07',NULL),(428,11,'3923','','2014-11-03','2014-12-01','F',NULL,NULL,282,NULL,'A','Black',NULL,NULL,4,4,0,NULL,'2015-07-02 09:22:58','2015-07-02 09:24:16',NULL),(429,11,'3225','','2014-10-03','2014-11-17','F',NULL,NULL,282,NULL,'A','Black',NULL,NULL,4,4,0,NULL,'2015-07-02 09:23:51','2015-07-02 09:23:51',NULL),(430,11,'6103','','2015-04-07','2015-05-20','M',NULL,424,108,NULL,'A','Black',NULL,NULL,4,4,0,NULL,'2015-07-02 09:26:23','2015-07-02 09:27:46',NULL),(431,11,'6104','','2015-04-07','2015-05-20','M',NULL,424,108,NULL,'A','Black',NULL,NULL,4,4,0,NULL,'2015-07-02 09:29:00','2015-07-02 09:29:00',NULL),(432,11,'6105','','2015-04-07','2015-05-20','M',NULL,424,108,NULL,'A','Black',NULL,NULL,4,4,0,NULL,'2015-07-02 09:29:54','2015-07-02 09:29:54',NULL),(433,11,'6106','','2015-04-07','2015-05-20','M',NULL,424,108,NULL,'A','Black',NULL,NULL,4,4,0,NULL,'2015-07-02 09:30:54','2015-07-02 09:30:54',NULL),(434,11,'6516','','2015-04-30',NULL,'M',NULL,425,374,NULL,'A','Black',NULL,NULL,4,4,0,NULL,'2015-07-02 09:35:07','2015-07-02 09:36:03',NULL),(435,11,'6517','','2015-05-03','2015-06-25','M',426,NULL,220,NULL,'A','Black',NULL,NULL,4,4,0,NULL,'2015-07-02 09:38:05','2015-07-02 09:38:05',NULL),(436,11,'6518','','2015-05-03','2015-06-25','M',426,NULL,220,NULL,'A','Black',NULL,NULL,4,4,0,NULL,'2015-07-02 09:39:15','2015-07-02 09:39:15',NULL),(437,11,'6519','','2015-05-03','2015-06-25','M',426,NULL,220,NULL,'A','Black',NULL,NULL,4,4,0,NULL,'2015-07-02 09:40:04','2015-07-02 09:40:04',NULL),(438,11,'6520','','2015-05-03','2015-06-25','F',426,NULL,281,NULL,'A','Black',NULL,NULL,4,4,0,NULL,'2015-07-02 09:41:32','2015-07-02 09:41:32',NULL),(440,12,'5351','','2014-12-07',NULL,'M',NULL,NULL,383,NULL,'A','Black',NULL,NULL,4,4,0,NULL,'2015-07-02 09:44:57','2015-07-02 09:44:57',NULL),(441,24,'6581','','2015-02-01',NULL,'F',NULL,NULL,383,NULL,'A','Black',NULL,NULL,4,4,0,NULL,'2015-07-02 09:45:47','2015-07-02 09:45:47',NULL),(442,12,'5353','','2014-12-07',NULL,'M',NULL,NULL,330,NULL,'A','Black',NULL,NULL,4,4,0,NULL,'2015-07-02 09:46:40','2015-07-02 09:46:40',NULL),(443,24,'6582','','2015-02-01',NULL,'F',NULL,NULL,330,NULL,'A','Black',NULL,NULL,4,4,0,NULL,'2015-07-02 09:47:28','2015-07-16 01:06:16',NULL),(444,12,'5448','','2014-11-22',NULL,'M',NULL,NULL,310,NULL,'A','Black',NULL,NULL,4,4,0,NULL,'2015-07-02 09:49:47','2015-07-02 09:49:47',NULL),(445,24,'6583','','2015-02-01',NULL,'F',NULL,NULL,310,NULL,'A','Black',NULL,NULL,4,4,0,NULL,'2015-07-02 09:50:22','2015-07-02 09:50:22',NULL),(446,12,'6647','','2015-04-22','2015-06-18','M',444,445,273,NULL,'A','Black',NULL,NULL,4,4,0,NULL,'2015-07-02 09:52:15','2015-07-02 09:52:15',NULL),(447,12,'6648','','2015-04-22','2015-06-18','M',444,445,273,NULL,'A','Black',NULL,NULL,4,4,0,NULL,'2015-07-02 09:53:27','2015-07-02 09:53:27',NULL),(448,12,'6672','','2015-04-22','2015-06-18','M',444,445,273,NULL,'A','Black',NULL,NULL,4,4,0,NULL,'2015-07-02 09:54:23','2015-07-02 09:54:23',NULL),(449,12,'6522','','2015-05-05',NULL,'M',440,441,NULL,NULL,'A','Black',NULL,NULL,4,4,0,NULL,'2015-07-02 09:55:50','2015-07-14 07:41:50',NULL),(450,12,'6523','','2015-05-05',NULL,'M',440,441,NULL,NULL,'A','Black',NULL,NULL,4,4,0,NULL,'2015-07-02 09:56:35','2015-07-14 07:41:47',NULL),(451,12,'6524','','2015-05-05','2015-06-25','F',440,441,264,NULL,'A','Black',NULL,NULL,4,4,0,NULL,'2015-07-02 09:57:37','2015-07-02 09:57:37',NULL),(452,12,'6525','','2014-05-05','2015-06-25','F',440,441,264,NULL,'A','Black',NULL,NULL,4,4,0,NULL,'2015-07-02 09:58:37','2015-07-02 09:58:37',NULL),(453,12,'6645','','2015-05-05','2015-06-25','F',440,441,264,NULL,'A','Black',NULL,NULL,4,4,0,NULL,'2015-07-02 09:59:31','2015-07-02 09:59:31',NULL),(454,12,'6646','','2015-05-05','2015-06-25','F',440,441,264,NULL,'A','Black',NULL,NULL,4,4,0,NULL,'2015-07-02 10:00:42','2015-07-02 10:00:42',NULL),(455,12,'8235','','2015-04-22','2015-06-24','M',442,443,208,NULL,'A','Black',NULL,NULL,4,4,0,NULL,'2015-07-02 10:04:33','2015-07-02 10:04:33',NULL),(456,12,'8236','','2015-04-22','2015-06-24','M',442,443,208,NULL,'A','Black',NULL,NULL,4,4,0,NULL,'2015-07-02 10:11:04','2015-07-02 10:11:04',NULL),(457,12,'8237','','2015-04-22','2015-06-24','M',442,443,208,NULL,'A','Black',NULL,NULL,4,4,0,NULL,'2015-07-02 10:13:02','2015-07-02 10:13:02',NULL),(458,12,'8238','','2015-04-22','2015-06-24','M',442,443,208,NULL,'A','Black',NULL,NULL,4,4,0,NULL,'2015-07-02 10:13:47','2015-07-02 10:13:47',NULL),(459,12,'8239','','2015-04-22','2015-06-24','F',442,443,399,NULL,'A','Black',NULL,NULL,4,4,0,NULL,'2015-07-02 10:14:40','2015-07-02 10:14:40',NULL),(460,12,'8240','','2015-04-22','2015-06-24','F',442,443,399,NULL,'A','Black',NULL,NULL,4,4,0,NULL,'2015-07-02 10:16:24','2015-07-02 10:16:24',NULL),(461,12,'8241','','2015-04-22','2015-06-24','F',442,443,399,NULL,'A','Black',NULL,NULL,4,4,0,NULL,'2015-07-02 10:17:13','2015-07-02 10:17:13',NULL),(462,36,'8132','F2','2015-05-18','2015-07-02','F',91,92,287,NULL,'K','Black',NULL,NULL,8,8,0,NULL,'2015-07-03 02:31:44','2015-07-09 07:57:24',NULL),(463,2,'4511','1','2014-08-11',NULL,'M',NULL,NULL,69,NULL,'A','Black',NULL,NULL,11,11,0,NULL,'2015-07-04 06:23:57','2015-07-04 06:23:57',NULL),(465,2,'4528','','2014-08-12',NULL,'F',NULL,NULL,101,NULL,'A','Black',NULL,NULL,11,11,0,NULL,'2015-07-04 06:28:55','2015-07-04 06:31:21',NULL),(466,2,'8195','','2014-12-15',NULL,'F',NULL,NULL,101,NULL,'A','Black',NULL,NULL,11,11,0,NULL,'2015-07-04 06:30:41','2015-07-13 10:52:07',NULL),(468,2,'2006','','2014-11-17',NULL,'M',NULL,NULL,110,NULL,'A','Black',NULL,NULL,11,11,0,NULL,'2015-07-04 06:33:21','2015-07-04 06:33:21',NULL),(469,2,'8194','','2014-12-15',NULL,'F',NULL,NULL,110,NULL,'A','Black',NULL,NULL,11,11,0,NULL,'2015-07-04 06:34:05','2015-07-13 10:51:54',NULL),(470,2,'5189','2','2015-03-27','2015-04-27','M',467,465,126,NULL,'A','Black',NULL,NULL,11,11,0,NULL,'2015-07-04 06:37:14','2015-07-04 06:44:29',NULL),(471,2,'4511','','2014-08-11',NULL,'M',NULL,NULL,NULL,NULL,'UD','Black',NULL,NULL,11,11,0,NULL,'2015-07-04 06:38:13','2015-07-04 07:28:22',NULL),(472,2,'4526','','2014-08-12',NULL,'F',NULL,NULL,NULL,NULL,'K','Black','2015-04-01',NULL,11,11,0,'','2015-07-04 06:38:51','2015-07-16 12:52:19',NULL),(473,2,'4526','','2014-08-12',NULL,'F',NULL,NULL,125,NULL,'UD','Black',NULL,NULL,11,11,0,NULL,'2015-07-04 06:43:18','2015-07-04 06:43:18',NULL),(474,2,'5507','2','2015-03-27','2015-04-27','F',467,465,126,NULL,'A','Black',NULL,NULL,11,11,0,NULL,'2015-07-04 06:45:58','2015-07-04 06:45:58',NULL),(475,2,'4532','1','2014-08-12',NULL,'M',NULL,NULL,129,NULL,'UD','Black',NULL,NULL,11,11,0,'','2015-07-04 06:47:17','2015-07-04 07:20:12',NULL),(476,2,'5550','','2014-03-16',NULL,'F',NULL,NULL,129,NULL,'A','Black',NULL,NULL,11,11,0,NULL,'2015-07-04 06:48:31','2015-07-04 06:48:31',NULL),(477,2,'5372','','2015-01-11',NULL,'F',NULL,NULL,69,NULL,'A','Black',NULL,NULL,11,11,0,NULL,'2015-07-04 06:50:22','2015-07-04 06:50:22',NULL),(478,2,'4508','','2014-09-01',NULL,'M',NULL,NULL,125,NULL,'A','Black',NULL,NULL,11,11,0,NULL,'2015-07-04 06:57:06','2015-07-04 06:57:06',NULL),(479,2,'4514','','2014-09-09',NULL,'F',NULL,NULL,125,NULL,'A','Black',NULL,NULL,11,11,0,NULL,'2015-07-04 06:57:50','2015-07-04 06:57:50',NULL),(480,2,'5530','2','2015-03-27',NULL,'M',463,472,129,NULL,'A','Black',NULL,NULL,11,11,0,NULL,'2015-07-04 07:19:35','2015-07-04 07:55:52',NULL),(481,2,'5680','2','2015-03-27','2015-04-27','M',463,472,101,NULL,'A','Black',NULL,NULL,11,11,0,NULL,'2015-07-04 07:59:45','2015-07-04 07:59:45',NULL),(482,2,'2007','2','2014-11-17',NULL,'M',NULL,NULL,127,NULL,'A','Black',NULL,NULL,11,11,0,NULL,'2015-07-04 08:04:05','2015-07-04 08:04:05',NULL),(483,2,'5509','2','2015-03-27','2015-04-27','F',482,465,128,NULL,'A','Black',NULL,NULL,11,11,0,NULL,'2015-07-04 08:06:49','2015-07-04 08:09:52',NULL),(484,2,'5046','2','2015-03-19','2015-04-20','F',NULL,NULL,128,NULL,'A','Black',NULL,NULL,11,11,0,NULL,'2015-07-04 08:09:37','2015-07-04 08:09:37',NULL),(486,2,'5999','2','2015-03-16','2015-04-20','F',463,472,128,NULL,'A','Black',NULL,NULL,11,11,0,NULL,'2015-07-04 08:13:03','2015-07-04 08:14:59',NULL),(487,2,'5684','2','2015-04-10','2015-05-10','F',463,472,128,NULL,'A','Black',NULL,NULL,11,11,0,NULL,'2015-07-04 08:13:55','2015-07-04 08:13:55',NULL),(488,2,'5682','2','2015-04-10','2015-05-10','F',463,472,128,NULL,'A','Black',NULL,NULL,11,11,0,NULL,'2015-07-04 08:15:47','2015-07-04 08:15:47',NULL),(489,28,'5514','F10','2015-03-28',NULL,'M',NULL,NULL,216,NULL,'A','Black',NULL,NULL,4,4,0,NULL,'2015-07-06 00:43:33','2015-07-06 00:43:33',NULL),(490,28,'5519','F10','2015-03-28',NULL,'F',NULL,NULL,216,NULL,'A','Black',NULL,NULL,4,4,0,NULL,'2015-07-06 00:44:11','2015-07-06 00:44:11',NULL),(491,28,'6128','F10','2015-04-06',NULL,'M',NULL,NULL,209,NULL,'A','Black',NULL,NULL,4,4,0,NULL,'2015-07-06 00:45:07','2015-07-06 00:45:07',NULL),(492,28,'6131','F10','2015-04-06',NULL,'F',NULL,NULL,209,NULL,'A','Black',NULL,NULL,4,4,0,NULL,'2015-07-06 00:45:42','2015-07-06 00:45:42',NULL),(493,31,'5589','F8','2015-04-09',NULL,'M',NULL,NULL,249,NULL,'A','Black',NULL,NULL,4,4,0,NULL,'2015-07-06 00:47:04','2015-07-06 00:47:04',NULL),(494,24,'6563','','2015-04-10',NULL,'F',NULL,NULL,249,NULL,'A','Black',NULL,NULL,4,4,0,NULL,'2015-07-06 00:47:48','2015-07-06 00:47:48',NULL),(495,32,'6695','F8','2015-05-03','2015-06-25','F',353,354,246,NULL,'A','Black',NULL,NULL,4,4,0,NULL,'2015-07-06 00:49:22','2015-07-09 01:43:43',NULL),(496,32,'6696','F8','2015-05-03','2015-06-25','F',353,354,426,NULL,'A','Black',NULL,NULL,4,4,0,NULL,'2015-07-06 00:50:17','2015-07-06 00:50:17',NULL),(497,33,'6699','F6','2015-05-06','2015-06-24','F',NULL,NULL,237,NULL,'A','Black',NULL,NULL,4,4,0,NULL,'2015-07-06 00:51:41','2015-07-06 00:51:41',NULL),(498,24,'8520','','2015-04-25',NULL,'M',NULL,NULL,135,NULL,'A','Black',NULL,NULL,4,4,0,NULL,'2015-07-06 00:53:07','2015-07-08 08:08:05',NULL),(499,11,'6107','','2015-04-07','2015-05-20','F',NULL,424,214,NULL,'A','Black',NULL,NULL,4,4,0,NULL,'2015-07-06 00:57:02','2015-07-06 00:57:02',NULL),(500,11,'6108','','2015-04-07','2015-05-20','F',NULL,424,214,NULL,'A','Black',NULL,NULL,4,4,0,NULL,'2015-07-06 00:57:55','2015-07-06 00:57:55',NULL),(501,11,'6109','','2015-04-07','2015-05-20','F',NULL,424,214,NULL,'A','Black',NULL,NULL,4,4,0,NULL,'2015-07-06 00:58:58','2015-07-06 00:58:58',NULL),(502,11,'6110','','2015-04-07','2015-05-20','F',NULL,424,214,NULL,'A','Black',NULL,NULL,4,4,0,NULL,'2015-07-06 00:59:57','2015-07-06 00:59:57',NULL),(503,11,'6111','','2015-04-11','2015-05-20','M',NULL,428,238,NULL,'A','Black',NULL,NULL,4,4,0,NULL,'2015-07-06 01:02:02','2015-07-06 01:02:42',NULL),(504,11,'8511','','2015-04-13','2015-06-09','M',NULL,427,255,NULL,'A','Black',NULL,NULL,4,4,0,NULL,'2015-07-06 01:04:35','2015-07-09 01:33:13',NULL),(505,11,'8512','','2015-04-13','2015-06-09','F',NULL,427,189,NULL,'A','Black',NULL,NULL,4,4,0,NULL,'2015-07-06 01:05:58','2015-07-08 08:16:04',NULL),(507,11,'6521','','2015-05-03','2015-06-25','F',426,NULL,281,NULL,'A','Black',NULL,NULL,4,4,0,NULL,'2015-07-06 01:11:25','2015-07-06 01:11:25',NULL),(508,11,'8513','','2015-05-03','2015-06-25','F',426,NULL,281,NULL,'A','Black',NULL,NULL,4,4,0,NULL,'2015-07-06 01:12:10','2015-07-06 01:12:10',NULL),(509,50,'8516','F2','2015-03-05','2015-04-03','M',NULL,NULL,27,NULL,'A','Black',NULL,NULL,10,10,0,NULL,'2015-07-06 01:45:12','2015-07-13 06:33:31',NULL),(510,50,'8518','F2','2015-03-05','2015-04-03','F',NULL,NULL,27,NULL,'A','Black',NULL,NULL,10,10,0,NULL,'2015-07-06 01:46:02','2015-07-13 06:33:47',NULL),(511,50,'8517','F2','2015-03-05','2015-04-03','F',NULL,NULL,27,NULL,'A','Black',NULL,NULL,10,10,0,NULL,'2015-07-06 01:47:10','2015-07-13 06:34:05',NULL),(512,50,'8519','F2','2015-03-05','2015-04-03','F',NULL,NULL,27,NULL,'A','Black',NULL,NULL,10,10,0,NULL,'2015-07-06 01:47:54','2015-07-13 06:34:19',NULL),(513,50,'5955','F2','2015-04-23','2015-05-18','M',NULL,NULL,50,NULL,'A','Black',NULL,NULL,10,10,0,NULL,'2015-07-06 01:49:04','2015-07-13 06:36:28',NULL),(514,20,'5606','F2','2015-04-23','2015-08-18','F',NULL,NULL,50,NULL,'A','Black',NULL,NULL,10,10,0,NULL,'2015-07-06 01:49:38','2015-07-06 01:49:38',NULL),(515,20,'5603','F2','2015-04-23','2015-05-18','F',NULL,NULL,50,NULL,'A','Black',NULL,NULL,10,10,0,NULL,'2015-07-06 01:50:11','2015-07-06 01:50:11',NULL),(516,20,'5909','F2','2015-04-23','2015-05-18','F',NULL,NULL,50,NULL,'A','Black',NULL,NULL,10,10,0,NULL,'2015-07-06 01:54:06','2015-07-06 01:54:06',NULL),(517,20,'5610','F2','2015-04-23','2015-05-18','F',NULL,NULL,50,NULL,'A','Black',NULL,NULL,10,10,0,NULL,'2015-07-06 01:54:50','2015-07-06 01:54:50',NULL),(518,22,'5198','F2','2015-04-15','2015-05-09','M',NULL,NULL,59,NULL,'A','Black',NULL,NULL,10,10,0,NULL,'2015-07-06 01:56:12','2015-07-06 01:56:12',NULL),(519,22,'5194','F2','2015-04-15','2015-05-09','F',NULL,NULL,59,NULL,'A','Black',NULL,NULL,10,10,0,NULL,'2015-07-06 01:57:28','2015-07-06 01:57:28',NULL),(520,22,'5199','F2','2015-04-15','2015-05-09','F',NULL,NULL,59,NULL,'A','Black',NULL,NULL,10,10,0,NULL,'2015-07-06 01:58:18','2015-07-13 06:14:01',NULL),(521,50,'2015','F1','2014-12-16','2015-01-10','M',NULL,NULL,77,NULL,'A','Black',NULL,NULL,10,10,0,NULL,'2015-07-06 02:00:13','2015-07-13 06:20:45',NULL),(522,20,'2016','F2','2015-02-11','2015-03-11','F',NULL,NULL,77,NULL,'A','Black',NULL,NULL,10,10,0,NULL,'2015-07-06 02:01:41','2015-07-06 02:01:41',NULL),(523,22,'2029','F2','2014-11-28','2014-12-30','M',NULL,NULL,89,NULL,'A','Black',NULL,NULL,10,10,0,NULL,'2015-07-06 02:04:06','2015-07-13 05:55:21',NULL),(524,22,'2027','F2','2014-11-28','2014-12-30','F',NULL,NULL,89,NULL,'A','Black',NULL,NULL,10,10,0,NULL,'2015-07-06 02:04:59','2015-07-13 05:56:39',NULL),(525,22,'2024','F2','2014-11-28','2014-12-30','F',NULL,NULL,89,NULL,'A','Black',NULL,NULL,10,10,0,NULL,'2015-07-06 02:07:28','2015-07-13 05:57:22',NULL),(526,22,'5378','F2','2014-11-02','2014-11-30','M',NULL,NULL,94,NULL,'A','Black',NULL,NULL,10,10,0,NULL,'2015-07-06 02:08:42','2015-07-13 03:06:35',NULL),(527,22,'5379','F2','2014-11-02','2014-11-30','M',NULL,NULL,94,NULL,'A','Black',NULL,NULL,10,10,0,NULL,'2015-07-06 02:09:23','2015-07-13 03:06:39',NULL),(528,22,'5380','F2','2014-11-02','2014-11-30','M',NULL,NULL,94,NULL,'A','Black',NULL,NULL,10,10,0,NULL,'2015-07-06 02:09:56','2015-07-13 03:06:42',NULL),(529,50,'5957','F1','2014-12-16','2015-01-10','M',NULL,NULL,112,NULL,'A','Black',NULL,NULL,10,10,0,NULL,'2015-07-06 02:12:18','2015-07-13 06:22:34',NULL),(530,50,'5960','F1','2014-12-16','2015-01-10','F',NULL,NULL,112,NULL,'A','Black',NULL,NULL,10,10,0,NULL,'2015-07-06 02:13:02','2015-07-13 06:22:07',NULL),(531,50,'5962','F1','2014-12-16','2015-01-10','F',NULL,NULL,112,NULL,'A','Black',NULL,NULL,10,10,0,NULL,'2015-07-06 02:13:41','2015-07-13 06:21:54',NULL),(532,20,'5386','F2','2015-02-25','2015-03-25','M',NULL,NULL,122,NULL,'A','Black',NULL,NULL,10,10,0,NULL,'2015-07-06 02:14:33','2015-07-06 02:14:33',NULL),(533,20,'5382','F2','2015-02-25','2015-03-25','F',NULL,NULL,122,NULL,'A','Black',NULL,NULL,10,10,0,NULL,'2015-07-06 02:15:13','2015-07-06 02:15:13',NULL),(536,20,'5383','F2','2015-02-25','2015-03-25','F',NULL,NULL,122,NULL,'A','Black',NULL,NULL,10,10,0,NULL,'2015-07-06 02:17:22','2015-07-06 02:17:22',NULL),(537,20,'5604','F2','2015-03-18','2015-04-13','M',NULL,NULL,120,NULL,'A','Black',NULL,NULL,10,10,0,NULL,'2015-07-06 02:18:28','2015-07-06 02:18:28',NULL),(538,16,'5752','F1','2014-10-06','2014-11-06','F',NULL,NULL,312,NULL,'A','Black',NULL,NULL,2,2,0,NULL,'2015-07-06 02:19:28','2015-07-06 02:40:49',NULL),(539,24,'','F1','2014-10-06','2014-11-06','M',NULL,NULL,312,NULL,'A','Black',NULL,NULL,2,2,0,NULL,'2015-07-06 02:19:34','2015-07-06 02:19:34',NULL),(540,50,'6422','F1','2014-12-16','2015-01-10','F',NULL,NULL,120,NULL,'A','Black',NULL,NULL,10,10,0,NULL,'2015-07-06 02:20:00','2015-07-13 06:21:41',NULL),(541,50,'5956','F1','2014-12-16','2015-01-10','M',NULL,NULL,140,NULL,'A','Black',NULL,NULL,10,10,0,NULL,'2015-07-06 02:21:11','2015-07-13 06:21:28',NULL),(542,50,'5952','F1','2014-12-16','2015-01-10','F',NULL,NULL,140,NULL,'A','Black',NULL,NULL,10,10,0,NULL,'2015-07-06 02:21:56','2015-07-13 06:21:17',NULL),(543,50,'5958','F1','2014-12-16','2015-01-10','F',NULL,NULL,140,NULL,'A','Black',NULL,NULL,10,10,0,NULL,'2015-07-06 02:22:54','2015-07-13 06:21:05',NULL),(544,16,'5758','F2','2015-02-25','2015-03-25','M',NULL,534,355,NULL,'A','Black',NULL,NULL,2,2,0,NULL,'2015-07-06 02:27:55','2015-07-06 02:27:55',NULL),(545,16,'5753','F2','2015-02-25','2015-03-25','M',NULL,534,355,NULL,'A','Black',NULL,NULL,2,2,0,NULL,'2015-07-06 02:27:57','2015-07-06 02:27:57',NULL),(546,16,'5755','F2','2015-02-25','2015-03-25','M',NULL,534,355,NULL,'A','Black',NULL,NULL,2,2,0,NULL,'2015-07-06 02:28:01','2015-07-06 02:28:01',NULL),(547,24,'','F2','2015-03-25','2015-04-25','F',NULL,NULL,355,NULL,'A','Black',NULL,NULL,2,2,0,NULL,'2015-07-06 02:31:53','2015-07-06 02:32:15',NULL),(548,24,'','F2','2015-03-25','2015-04-25','F',NULL,NULL,355,NULL,'A','Black',NULL,NULL,2,2,0,NULL,'2015-07-06 02:31:59','2015-07-06 02:31:59',NULL),(549,24,'','F2','2015-03-25','2015-04-25','F',NULL,NULL,355,NULL,'A','Black',NULL,NULL,2,2,0,NULL,'2015-07-06 02:32:07','2015-07-06 02:32:07',NULL),(550,16,'','F2','2015-05-03','2015-06-03','M',NULL,534,301,NULL,'A','Black',NULL,NULL,2,2,0,NULL,'2015-07-06 02:41:15','2015-07-06 02:41:15',NULL),(551,16,'','F2','2015-05-03','2015-06-03','M',NULL,534,301,NULL,'A','Black',NULL,NULL,2,2,0,NULL,'2015-07-06 02:41:17','2015-07-06 02:41:17',NULL),(552,16,'','F2','2015-06-03','2015-05-03','M',NULL,534,301,NULL,'A','Black',NULL,NULL,2,2,0,NULL,'2015-07-06 02:41:19','2015-07-06 02:41:19',NULL),(553,16,'','F2','2015-05-03','2015-06-03','M',NULL,534,301,NULL,'A','Black',NULL,NULL,2,2,0,NULL,'2015-07-06 02:41:21','2015-07-06 02:41:21',NULL),(554,19,'4451','F1','2014-03-09','2014-04-09','F',NULL,NULL,313,NULL,'A','Black',NULL,NULL,2,2,0,NULL,'2015-07-06 02:59:14','2015-07-06 02:59:14',NULL),(555,19,'4453','F1','2014-03-09','2014-04-09','M',NULL,NULL,313,NULL,'A','Black',NULL,NULL,2,2,0,NULL,'2015-07-06 02:59:17','2015-07-06 02:59:17',NULL),(556,19,'3167','F2','2014-08-23','2014-09-23','F',555,554,364,NULL,'A','Black',NULL,NULL,2,2,0,NULL,'2015-07-06 03:06:24','2015-07-06 03:06:24',NULL),(557,19,'3170','F2','2014-08-23','2014-09-23','M',555,554,364,NULL,'A','Black',NULL,NULL,2,2,0,NULL,'2015-07-06 03:06:26','2015-07-06 03:06:26',NULL),(558,19,'','F3','2015-01-31','2015-03-03','M',557,556,394,NULL,'A','Black',NULL,NULL,2,2,0,NULL,'2015-07-06 03:26:26','2015-07-06 03:26:26',NULL),(559,19,'','F3','2015-01-31','2015-03-03','M',557,556,394,NULL,'A','Black',NULL,NULL,2,2,0,NULL,'2015-07-06 03:26:27','2015-07-06 03:26:27',NULL),(560,19,'','F3','2015-01-31','2015-03-03','F',557,556,394,NULL,'A','Black',NULL,NULL,2,2,0,NULL,'2015-07-06 03:26:29','2015-07-06 03:26:29',NULL),(561,19,'','F3','2015-01-31','2015-03-03','F',557,556,394,NULL,'A','Black',NULL,NULL,2,2,0,NULL,'2015-07-06 03:26:32','2015-07-06 03:26:32',NULL),(562,19,'','F3','2015-01-31','2015-03-03','F',557,556,394,NULL,'A','Black',NULL,NULL,2,2,0,NULL,'2015-07-06 03:26:37','2015-07-06 03:26:37',NULL),(563,19,'','F3','2015-01-31','2015-03-03','F',557,556,394,NULL,'A','Black',NULL,NULL,2,2,0,NULL,'2015-07-06 03:26:40','2015-07-06 03:26:40',NULL),(564,1,'','F3','2015-02-23','2015-03-23','M',NULL,NULL,384,NULL,'A','Black',NULL,NULL,2,2,0,NULL,'2015-07-06 03:34:34','2015-07-06 03:34:34',NULL),(565,1,'','F3','2015-02-23','2015-03-23','M',NULL,NULL,384,NULL,'A','Black',NULL,NULL,2,2,0,NULL,'2015-07-06 03:34:35','2015-07-06 03:34:35',NULL),(566,1,'','F3','2015-02-23','2015-03-23','M',NULL,NULL,384,NULL,'A','Black',NULL,NULL,2,2,0,NULL,'2015-07-06 03:34:37','2015-07-06 03:34:37',NULL),(567,1,'','F3','2015-02-23','2015-03-23','F',NULL,NULL,384,NULL,'A','Black',NULL,NULL,2,2,0,NULL,'2015-07-06 03:34:40','2015-07-06 03:34:40',NULL),(568,1,'','F3','2015-02-23','2015-03-23','F',NULL,NULL,384,NULL,'A','Black',NULL,NULL,2,2,0,NULL,'2015-07-06 03:34:40','2015-07-06 03:34:40',NULL),(569,1,'','F3','2015-02-23','2015-03-23','F',NULL,NULL,384,NULL,'A','Black',NULL,NULL,2,2,0,NULL,'2015-07-06 03:34:42','2015-07-06 03:34:42',NULL),(570,1,'','F4','2015-06-05','2015-07-05','M',NULL,NULL,363,NULL,'A','Black',NULL,NULL,2,2,0,NULL,'2015-07-06 03:38:33','2015-07-06 03:38:33',NULL),(571,1,'','F4','2015-06-05','2015-07-05','M',NULL,NULL,363,NULL,'A','Black',NULL,NULL,2,2,0,NULL,'2015-07-06 03:38:35','2015-07-06 03:38:35',NULL),(572,1,'','F4','2015-06-05','2015-07-05','M',NULL,NULL,363,NULL,'A','Black',NULL,NULL,2,2,0,NULL,'2015-07-06 03:38:36','2015-07-06 03:38:36',NULL),(573,1,'','F4','2015-06-05','2015-07-05','F',NULL,NULL,363,NULL,'A','Black',NULL,NULL,2,2,0,NULL,'2015-07-06 03:38:38','2015-07-06 03:38:38',NULL),(574,1,'','F4','2015-06-05','2015-07-05','F',NULL,NULL,363,NULL,'A','Black',NULL,NULL,2,2,0,NULL,'2015-07-06 03:38:41','2015-07-06 03:38:41',NULL),(575,1,'','F4','2015-06-05','2015-07-05','F',NULL,NULL,363,NULL,'A','Black',NULL,NULL,2,2,0,NULL,'2015-07-06 03:38:43','2015-07-06 03:38:43',NULL),(576,20,'3201','F1','2014-03-10','2014-04-10','M',NULL,NULL,324,NULL,'A','Black',NULL,NULL,2,2,0,NULL,'2015-07-06 08:12:03','2015-07-06 08:12:03',NULL),(577,20,'3207','F1','2014-03-10','2014-04-10','F',NULL,NULL,324,NULL,'A','Black',NULL,NULL,2,2,0,NULL,'2015-07-06 08:12:06','2015-07-06 08:12:06',NULL),(578,20,'','F2','2015-05-22','2015-06-22','F',576,577,317,NULL,'A','Black',NULL,NULL,2,2,0,NULL,'2015-07-06 08:15:13','2015-07-06 08:15:13',NULL),(579,20,'','F2','2015-05-22','2015-06-22','F',576,577,317,NULL,'A','Black',NULL,NULL,2,2,0,NULL,'2015-07-06 08:15:15','2015-07-06 08:15:15',NULL),(580,20,'','F2','2015-05-22','2015-06-22','M',576,577,317,NULL,'A','Black',NULL,NULL,2,2,0,NULL,'2015-07-06 08:15:35','2015-07-06 08:16:24',NULL),(581,20,'','F2','2015-05-22','2015-06-22','M',576,577,317,NULL,'A','Black',NULL,NULL,2,2,0,NULL,'2015-07-06 08:15:45','2015-07-06 08:16:16',NULL),(582,20,'','F2','2015-05-22','2015-06-22','F',576,577,317,NULL,'A','Black',NULL,NULL,2,2,0,NULL,'2015-07-06 08:15:50','2015-07-06 08:16:08',NULL),(583,15,'310','F1','2014-06-17','2014-08-03','F',NULL,NULL,413,NULL,'A','Black',NULL,NULL,2,2,0,NULL,'2015-07-06 08:20:37','2015-07-06 08:44:45',NULL),(584,15,'291','F1','2014-07-03','2014-08-03','M',NULL,NULL,413,NULL,'A','Black',NULL,NULL,2,2,0,NULL,'2015-07-06 08:20:38','2015-07-06 08:44:31',NULL),(585,15,'8149','F1','2014-07-03','2014-08-03','M',NULL,NULL,NULL,NULL,'K','Black','2015-07-15',NULL,2,2,0,'','2015-07-06 08:20:40','2015-07-16 09:42:53',NULL),(586,15,'8148','F1','2014-07-03','2014-08-03','F',NULL,NULL,NULL,NULL,'K','Black','2015-07-15',NULL,2,2,0,'','2015-07-06 08:20:42','2015-07-16 09:43:11',NULL),(587,11,'5465','','2014-12-19',NULL,'M',NULL,NULL,322,NULL,'A','Black',NULL,NULL,4,4,0,NULL,'2015-07-06 08:36:04','2015-07-06 08:36:04',NULL),(588,11,'5464','','2014-12-19',NULL,'M',NULL,NULL,322,NULL,'A','Black',NULL,NULL,4,4,0,NULL,'2015-07-06 08:36:50','2015-07-06 08:36:50',NULL),(589,11,'5466','','2014-12-19',NULL,'M',NULL,NULL,322,NULL,'A','Black',NULL,NULL,4,4,0,NULL,'2015-07-06 08:37:19','2015-07-06 08:37:19',NULL),(590,11,'5467','','2014-12-19',NULL,'M',NULL,NULL,322,NULL,'A','Black',NULL,NULL,4,4,0,NULL,'2015-07-06 08:37:55','2015-07-06 08:37:55',NULL),(591,11,'3102','','2014-05-18',NULL,'F',NULL,NULL,369,NULL,'A','Black',NULL,NULL,4,4,0,NULL,'2015-07-06 08:39:26','2015-07-06 08:39:26',NULL),(592,11,'2970','','2014-05-08',NULL,'M',NULL,NULL,369,NULL,'A','Black',NULL,NULL,4,4,0,NULL,'2015-07-06 08:40:15','2015-07-06 08:40:15',NULL),(593,11,'2365','','2015-01-22',NULL,'F',592,591,369,NULL,'A','Black',NULL,NULL,4,4,0,NULL,'2015-07-06 08:41:17','2015-07-14 07:39:35',NULL),(594,11,'5442','','2015-01-22',NULL,'F',592,591,369,NULL,'A','Black',NULL,NULL,4,4,0,NULL,'2015-07-06 08:42:02','2015-07-14 07:39:51',NULL),(595,11,'5443','','2015-01-22',NULL,'M',592,591,NULL,NULL,'A','Black',NULL,NULL,4,4,0,NULL,'2015-07-06 08:42:39','2015-07-14 07:39:14',NULL),(596,11,'708','','2014-10-12',NULL,'M',NULL,NULL,407,NULL,'A','Black',NULL,NULL,4,4,0,NULL,'2015-07-06 08:44:15','2015-07-10 01:47:33',NULL),(597,11,'8514','','2014-10-12',NULL,'M',NULL,NULL,407,NULL,'K','Black','2015-07-15',NULL,4,4,0,'','2015-07-06 08:44:44','2015-07-16 01:46:57',NULL),(598,11,'707','','2014-10-12',NULL,'F',NULL,NULL,407,NULL,'A','Black',NULL,NULL,4,4,0,NULL,'2015-07-06 08:45:08','2015-07-10 01:48:06',NULL),(599,11,'711','','2014-10-12',NULL,'F',NULL,NULL,407,NULL,'A','Black',NULL,NULL,4,4,0,NULL,'2015-07-06 08:45:35','2015-07-10 01:46:56',NULL),(600,15,'8102','F2','2014-12-04','2015-01-06','M',585,586,315,NULL,'A','Black',NULL,NULL,2,2,0,NULL,'2015-07-06 09:12:14','2015-07-16 09:17:59',NULL),(601,15,'8101','F2','2014-12-04','2015-01-06','F',585,586,315,NULL,'A','Black',NULL,NULL,2,2,0,NULL,'2015-07-06 09:12:16','2015-07-16 09:18:12',NULL),(602,15,'8103','F2','2014-12-04','2015-01-06','F',585,586,315,NULL,'A','Black',NULL,NULL,2,2,0,NULL,'2015-07-06 09:12:17','2015-07-16 09:18:23',NULL),(603,15,'8104','F2','2014-12-04','2015-01-06','F',585,586,315,NULL,'A','Black',NULL,NULL,2,2,0,NULL,'2015-07-06 09:12:19','2015-07-16 09:18:35',NULL),(604,15,'8142','F3','2015-04-19','2015-05-07','M',600,601,412,NULL,'A','Black',NULL,NULL,2,2,0,NULL,'2015-07-06 09:15:47','2015-07-16 09:21:10',NULL),(605,15,'8145','F3','2015-04-19','2015-05-07','F',600,601,412,NULL,'A','Black',NULL,NULL,2,2,0,NULL,'2015-07-06 09:15:48','2015-07-16 09:20:00',NULL),(606,15,'8146','F3','2015-04-19','2015-05-07','F',600,601,412,NULL,'A','Black',NULL,NULL,2,2,0,NULL,'2015-07-06 09:15:50','2015-07-16 09:20:32',NULL),(609,24,'','F1','2014-06-08','2014-07-08','F',NULL,NULL,326,NULL,'A','Black',NULL,NULL,2,2,0,NULL,'2015-07-06 09:17:45','2015-07-06 09:17:45',NULL),(610,14,'5430','F1','2014-06-08','2014-07-08','M',NULL,NULL,326,NULL,'A','Black',NULL,NULL,2,2,0,NULL,'2015-07-06 09:17:48','2015-07-06 09:17:48',NULL),(611,14,'5432','F1','2014-06-08','2015-07-08','M',NULL,NULL,325,NULL,'A','Black',NULL,NULL,2,2,0,NULL,'2015-07-06 09:18:56','2015-07-06 09:18:56',NULL),(612,24,'','F1','2014-06-08','2014-07-08','F',NULL,NULL,325,NULL,'A','Black',NULL,NULL,2,2,0,NULL,'2015-07-06 09:18:57','2015-07-06 09:18:57',NULL),(613,14,'5435','F2','2014-12-17','2015-01-15','M',611,NULL,307,NULL,'A','Black',NULL,NULL,2,2,0,NULL,'2015-07-06 09:26:53','2015-07-06 09:26:53',NULL),(614,14,'5436','F2','2014-12-17','2015-01-15','M',611,NULL,307,NULL,'A','Black',NULL,NULL,2,2,0,NULL,'2015-07-06 09:26:55','2015-07-06 09:26:55',NULL),(615,14,'5437','F2','2014-12-17','2015-01-15','M',611,NULL,307,NULL,'A','Black',NULL,NULL,2,2,0,NULL,'2015-07-06 09:26:56','2015-07-06 09:26:56',NULL),(616,14,'5437','F2','2014-12-17','2015-01-15','M',611,NULL,307,NULL,'A','Black',NULL,NULL,2,2,0,NULL,'2015-07-06 09:26:58','2015-07-06 09:26:58',NULL),(617,14,'5438','F2','2014-12-17','2015-01-15','M',611,NULL,307,NULL,'A','Black',NULL,NULL,2,2,0,NULL,'2015-07-06 09:27:00','2015-07-06 09:27:00',NULL),(618,14,'5439','F2','2014-12-17','2015-01-15','M',611,NULL,307,NULL,'A','Black',NULL,NULL,2,2,0,NULL,'2015-07-06 09:27:02','2015-07-06 09:27:02',NULL),(619,14,'5440','F2','2014-12-17','2015-01-15','M',611,NULL,307,NULL,'A','Black',NULL,NULL,2,2,0,NULL,'2015-07-06 09:27:04','2015-07-06 09:27:04',NULL),(620,14,'5441','F2','2014-12-17','2015-01-15','M',611,NULL,307,NULL,'A','Black',NULL,NULL,2,2,0,NULL,'2015-07-06 09:27:07','2015-07-06 09:27:07',NULL),(621,14,'','F2','2015-03-12','2015-04-12','M',611,NULL,306,NULL,'A','Black',NULL,NULL,2,2,0,NULL,'2015-07-06 09:29:31','2015-07-06 09:29:31',NULL),(622,14,'','F2','2015-03-12','2015-04-12','M',611,NULL,306,NULL,'A','Black',NULL,NULL,2,2,0,NULL,'2015-07-06 09:29:33','2015-07-06 09:29:33',NULL),(623,14,'','F2','2015-03-12','2015-04-12','M',611,NULL,306,NULL,'A','Black',NULL,NULL,2,2,0,NULL,'2015-07-06 09:29:34','2015-07-06 09:29:34',NULL),(624,14,'','F2','2015-03-12','2015-04-12','M',611,NULL,306,NULL,'A','Black',NULL,NULL,2,2,0,NULL,'2015-07-06 09:29:36','2015-07-06 09:29:36',NULL),(625,14,'','F2','2015-03-12','2015-04-12','M',611,NULL,306,NULL,'A','Black',NULL,NULL,2,2,0,NULL,'2015-07-06 09:29:39','2015-07-06 09:29:39',NULL),(626,48,'','F1','2015-04-20','2015-05-20','F',NULL,NULL,165,NULL,'A','Black',NULL,NULL,2,2,0,NULL,'2015-07-06 09:38:57','2015-07-06 09:39:49',NULL),(627,24,'','F1','2015-04-20','2015-05-13','M',NULL,NULL,165,NULL,'A','Black',NULL,NULL,2,2,0,NULL,'2015-07-06 09:38:58','2015-07-06 09:38:58',NULL),(628,48,'','F1','2015-04-20','2015-05-20','F',NULL,NULL,165,NULL,'A','Black',NULL,NULL,2,2,0,NULL,'2015-07-06 09:38:59','2015-07-06 09:39:40',NULL),(629,48,'','F1','2015-04-04','2015-05-06','M',NULL,NULL,104,NULL,'A','Black',NULL,NULL,2,2,0,NULL,'2015-07-06 09:43:22','2015-07-06 09:43:22',NULL),(630,48,'','F1','2015-04-04','2015-05-06','M',NULL,NULL,104,NULL,'A','Black',NULL,NULL,2,2,0,NULL,'2015-07-06 09:43:23','2015-07-06 09:43:23',NULL),(631,24,'','F1','2015-04-04','2015-05-07','F',NULL,NULL,104,NULL,'A','Black',NULL,NULL,2,2,0,NULL,'2015-07-06 09:43:25','2015-07-06 09:43:25',NULL),(632,24,'','F1','2015-04-04','2015-05-07','F',NULL,NULL,104,NULL,'A','Black',NULL,NULL,2,2,0,NULL,'2015-07-06 09:43:27','2015-07-06 09:43:27',NULL),(633,5,'5502','2','2015-03-09','2015-05-09','M',NULL,NULL,38,NULL,'A','Black',NULL,NULL,7,7,0,NULL,'2015-07-08 03:08:45','2015-07-08 03:08:45',NULL),(634,24,'611','','2015-03-12','2015-05-09','F',NULL,NULL,38,NULL,'A','Black',NULL,NULL,7,7,0,NULL,'2015-07-08 03:09:42','2015-07-09 02:45:25',NULL),(635,24,'612','','2015-03-12','2015-05-09','F',NULL,NULL,38,NULL,'A','Black',NULL,NULL,7,7,0,NULL,'2015-07-08 03:10:20','2015-07-09 02:45:15',NULL),(636,5,'5730','F2','2015-03-28','2015-05-28','F',671,678,32,NULL,'A','Black',NULL,NULL,7,7,0,NULL,'2015-07-08 03:18:06','2015-07-08 12:18:20',NULL),(639,25,'8532','','2015-03-18','2015-04-27','M',NULL,NULL,151,NULL,'A',NULL,NULL,NULL,3,3,0,NULL,'2015-07-08 03:18:13','2015-07-08 03:21:44',NULL),(640,5,'5731','','2015-03-28','2015-05-28','F',671,678,32,NULL,'A','Black',NULL,NULL,7,7,0,NULL,'2015-07-08 03:19:19','2015-07-08 12:18:48',NULL),(641,5,'5734','F2','2015-03-28','2015-05-28','F',671,678,32,NULL,'A','Black',NULL,NULL,7,7,0,NULL,'2015-07-08 03:20:05','2015-07-08 12:19:07',NULL),(642,25,'8533','','2015-03-18','2015-04-27','F',NULL,NULL,151,NULL,'A',NULL,NULL,NULL,3,3,0,NULL,'2015-07-08 03:22:27','2015-07-08 03:22:27',NULL),(643,5,'5735','F2','2015-03-28','2015-05-28','F',679,680,20,NULL,'A','Black',NULL,NULL,7,7,0,NULL,'2015-07-08 03:22:39','2015-07-08 12:22:42',NULL),(644,5,'5736','F2','2015-03-28','2015-05-28','F',679,680,20,NULL,'A','Black',NULL,NULL,7,7,0,NULL,'2015-07-08 03:23:19','2015-07-08 12:23:09',NULL),(645,25,'8534','','2014-04-08','2014-06-10','M',NULL,NULL,152,NULL,'K',NULL,'2015-07-15',NULL,3,3,0,'','2015-07-08 03:23:35','2015-07-15 06:33:28',NULL),(646,5,'5737','F2','2015-03-28','2015-05-28','F',679,680,20,NULL,'A','Black',NULL,NULL,7,7,0,NULL,'2015-07-08 03:23:57','2015-07-08 12:24:00',NULL),(647,25,'8535','','2014-05-08','2014-06-10','F',NULL,NULL,152,NULL,'K',NULL,'2015-07-15',NULL,3,3,0,'','2015-07-08 03:24:10','2015-07-15 06:33:36',NULL),(648,25,'8536','','2014-06-02','2014-07-07','M',NULL,NULL,153,NULL,'A',NULL,NULL,NULL,3,3,0,NULL,'2015-07-08 03:24:51','2015-07-08 03:24:51',NULL),(649,25,'8537','','2014-06-08','2014-07-07','F',NULL,NULL,153,NULL,'A',NULL,NULL,NULL,3,3,0,NULL,'2015-07-08 03:25:32','2015-07-08 03:25:32',NULL),(650,25,'8538','','2014-12-07','2015-01-20','M',NULL,NULL,154,NULL,'A',NULL,NULL,NULL,3,3,0,NULL,'2015-07-08 03:26:15','2015-07-08 04:01:25',NULL),(651,25,'8539','','2014-12-27','2015-01-23','F',648,649,154,NULL,'A',NULL,NULL,NULL,3,3,0,NULL,'2015-07-08 03:26:53','2015-07-08 04:01:46',NULL),(652,5,'5738','F2','2015-03-28','2015-05-28','F',679,680,42,NULL,'A','Black',NULL,NULL,7,7,0,NULL,'2015-07-08 03:38:30','2015-07-08 12:24:13',NULL),(653,5,'5739','F2','2015-03-28','2015-05-28','F',679,680,42,NULL,'A','Black',NULL,NULL,7,7,0,NULL,'2015-07-08 03:45:28','2015-07-08 12:24:26',NULL),(654,25,'8540','','2014-11-11','2014-12-20','M',648,649,155,NULL,'A',NULL,NULL,NULL,3,3,0,NULL,'2015-07-08 03:46:16','2015-07-08 04:02:07',NULL),(655,25,'8541','','2014-11-11','2014-12-20','F',648,649,155,NULL,'A',NULL,NULL,NULL,3,3,0,NULL,'2015-07-08 03:47:45','2015-07-08 04:02:24',NULL),(656,25,'8542','','2014-11-24','2014-12-29','M',NULL,NULL,156,NULL,'K',NULL,'2015-07-15',NULL,3,3,0,'','2015-07-08 03:48:33','2015-07-15 06:37:41',NULL),(657,25,'8543','','2014-11-30','2015-01-12','F',NULL,NULL,156,NULL,'K',NULL,'2015-07-15',NULL,3,3,0,'','2015-07-08 03:49:09','2015-07-15 06:37:46',NULL),(658,25,'750','','2014-11-30','2015-01-12','M',NULL,NULL,158,NULL,'A',NULL,NULL,NULL,3,3,0,NULL,'2015-07-08 03:49:46','2015-07-08 03:49:46',NULL),(659,25,'8544','','2014-11-30','2015-01-12','F',NULL,NULL,158,NULL,'A',NULL,NULL,NULL,3,3,0,NULL,'2015-07-08 03:50:16','2015-07-08 03:50:16',NULL),(660,5,'5740','F2','2015-03-28','2015-05-28','F',679,680,42,NULL,'A','Black',NULL,NULL,7,7,0,NULL,'2015-07-08 03:51:10','2015-07-08 12:25:01',NULL),(661,25,'8545','','2014-09-04','2014-10-10','M',NULL,NULL,159,NULL,'A',NULL,NULL,NULL,3,3,0,NULL,'2015-07-08 03:51:15','2015-07-08 03:51:15',NULL),(662,25,'8546','','2014-09-04','2014-10-10','F',NULL,NULL,159,NULL,'A',NULL,NULL,NULL,3,3,0,NULL,'2015-07-08 03:51:45','2015-07-08 03:51:45',NULL),(663,5,'5727','F2','2015-03-23','2015-05-28','F',671,678,65,NULL,'A','Black',NULL,NULL,7,7,0,NULL,'2015-07-08 03:52:21','2015-07-08 12:20:21',NULL),(664,5,'5728','F2','2015-03-23','2015-05-28','F',671,678,65,NULL,'A','Black',NULL,NULL,7,7,0,NULL,'2015-07-08 03:53:06','2015-07-08 12:20:37',NULL),(665,5,'5729','F2','2015-03-23','2015-05-28','F',671,678,65,NULL,'A','Black',NULL,NULL,7,7,0,NULL,'2015-07-08 03:53:49','2015-07-08 12:20:53',NULL),(666,5,'5714','F2','2015-03-28','2015-05-28','M',NULL,NULL,79,NULL,'A','Black',NULL,NULL,7,7,0,NULL,'2015-07-08 03:54:50','2015-07-08 03:59:47',NULL),(667,24,'8521','','2015-04-25',NULL,'M',NULL,NULL,135,NULL,'A','Black',NULL,NULL,4,4,0,NULL,'2015-07-08 08:09:45','2015-07-08 08:10:51',NULL),(668,24,'8522','','2015-04-25',NULL,'M',NULL,NULL,135,NULL,'A','Black',NULL,NULL,4,4,0,NULL,'2015-07-08 08:10:21','2015-07-08 08:10:21',NULL),(669,24,'8523','','2015-04-25',NULL,'M',NULL,NULL,135,NULL,'A','Black',NULL,NULL,4,4,0,NULL,'2015-07-08 08:11:20','2015-07-08 08:11:20',NULL),(670,24,'8524','','2015-04-25',NULL,'M',NULL,NULL,237,NULL,'A','Black',NULL,NULL,4,4,0,NULL,'2015-07-08 08:11:46','2015-07-09 01:40:18',NULL),(671,5,'2450','F1','2014-09-24',NULL,'M',NULL,NULL,131,NULL,'A','Black',NULL,NULL,7,7,0,NULL,'2015-07-08 08:11:57','2015-07-08 08:11:57',NULL),(672,24,'8525','','2015-04-25',NULL,'M',NULL,NULL,253,NULL,'A','Black',NULL,NULL,4,4,0,NULL,'2015-07-08 08:12:10','2015-07-09 01:42:14',NULL),(673,24,'8526','','2015-04-25',NULL,'M',NULL,NULL,135,NULL,'A','Black',NULL,NULL,4,4,0,NULL,'2015-07-08 08:12:38','2015-07-08 08:12:38',NULL),(674,24,'8527','','2015-04-25',NULL,'M',NULL,NULL,135,NULL,'A','Black',NULL,NULL,4,4,0,NULL,'2015-07-08 08:13:05','2015-07-08 08:13:05',NULL),(675,24,'8528','','2015-04-25',NULL,'M',NULL,NULL,414,NULL,'A','Black',NULL,NULL,4,4,0,NULL,'2015-07-08 08:13:27','2015-07-09 01:41:55',NULL),(676,24,'8529','','2015-04-25',NULL,'M',NULL,NULL,135,NULL,'A','Black',NULL,NULL,4,4,0,NULL,'2015-07-08 08:13:49','2015-07-08 08:13:49',NULL),(677,27,'8244','','2015-05-18','2015-06-25','F',16,NULL,420,NULL,'A','Black',NULL,NULL,4,4,0,NULL,'2015-07-08 09:38:34','2015-07-08 09:38:34',NULL),(678,24,'8289','F1','2014-12-25',NULL,'F',NULL,NULL,131,NULL,'A','Black',NULL,NULL,7,7,0,NULL,'2015-07-08 11:58:35','2015-07-08 12:04:14',NULL),(679,5,'2448','F1','2014-12-18',NULL,'M',NULL,NULL,30,NULL,'A','Black',NULL,NULL,7,7,0,NULL,'2015-07-08 11:59:22','2015-07-08 11:59:22',NULL),(680,24,'8290','F1','2015-01-07',NULL,'F',NULL,NULL,30,NULL,'A','Black',NULL,NULL,7,7,0,NULL,'2015-07-08 12:00:18','2015-07-08 12:04:32',NULL),(681,5,'5724','F2','2015-04-13','2015-05-13','M',671,678,111,NULL,'A','Black',NULL,NULL,7,7,0,NULL,'2015-07-08 12:06:36','2015-07-08 12:06:36',NULL),(682,24,'8300','F2','2015-04-22','2015-05-22','F',NULL,NULL,111,NULL,'A','Black',NULL,NULL,7,7,0,NULL,'2015-07-08 12:07:31','2015-07-08 12:07:31',NULL),(683,5,'5725','F2','2015-04-13','2015-05-13','M',671,678,39,NULL,'A','Black',NULL,NULL,7,7,0,NULL,'2015-07-08 12:09:49','2015-07-08 12:09:49',NULL),(684,24,'8299','F2','2015-04-22','2015-05-28','F',NULL,NULL,39,NULL,'A','Black',NULL,NULL,7,7,0,NULL,'2015-07-08 12:10:28','2015-07-08 12:10:28',NULL),(685,5,'5726','F2','2015-04-13','2015-05-13','M',671,678,76,NULL,'A','Black',NULL,NULL,7,7,0,NULL,'2015-07-08 12:11:26','2015-07-08 12:11:26',NULL),(686,24,'8298','F2','2015-04-28','2015-05-28','F',NULL,NULL,76,NULL,'A','Black',NULL,NULL,7,7,0,NULL,'2015-07-08 12:12:04','2015-07-08 12:12:04',NULL),(687,5,'5741','F2','2015-04-13','2015-05-13','M',679,680,79,NULL,'A','Black',NULL,NULL,7,7,0,NULL,'2015-07-08 12:26:37','2015-07-08 12:26:37',NULL),(690,45,'3209','F0','2014-10-19','2014-11-20','F',NULL,NULL,332,NULL,'A','black',NULL,NULL,3,3,0,NULL,'2015-07-09 00:29:32','2015-07-09 00:31:38',NULL),(691,24,'5420','','2014-12-22','2015-01-20','M',NULL,NULL,397,NULL,'K','Black','2015-07-12',NULL,3,3,0,'','2015-07-09 00:30:27','2015-07-14 02:06:01',NULL),(692,45,'3208','F0','2014-10-19','2014-11-20','F',NULL,NULL,397,NULL,'K','black','2015-07-12',NULL,3,3,0,'','2015-07-09 00:31:17','2015-07-14 02:06:10',NULL),(693,45,'780','F1','2014-12-14','2015-01-20','M',688,690,339,NULL,'K','black','2015-07-12',NULL,3,3,0,'','2015-07-09 00:33:05','2015-07-14 02:05:28',NULL),(694,24,'5075','','2015-02-01','2015-03-01','F',NULL,NULL,339,NULL,'K','Black','2015-07-12',NULL,3,3,0,'','2015-07-09 00:33:59','2015-07-14 02:05:35',NULL),(695,24,'8152','','2015-03-04','2015-04-04','F',NULL,NULL,339,NULL,'K','Black','2015-07-12',NULL,3,3,0,'','2015-07-09 00:34:31','2015-07-14 02:05:41',NULL),(696,45,'781','F1','2014-12-14','2015-01-14','M',688,690,382,NULL,'K','black','2015-07-10',NULL,3,3,0,'','2015-07-09 00:35:41','2015-07-15 06:30:38',NULL),(697,24,'8151','','2014-10-19','2014-11-20','M',NULL,NULL,332,NULL,'A','Black',NULL,NULL,3,3,0,NULL,'2015-07-09 00:39:05','2015-07-09 00:39:05',NULL),(698,24,'8153','','2015-03-04','2015-04-04','F',NULL,NULL,382,NULL,'K','Black','2015-07-10',NULL,3,3,0,'','2015-07-09 00:42:46','2015-07-15 06:30:44',NULL),(699,24,'5326','','2014-12-14','2015-01-14','M',NULL,NULL,376,NULL,'A','Black',NULL,NULL,3,3,0,NULL,'2015-07-09 00:43:42','2015-07-09 00:43:42',NULL),(700,45,'776','F1','2014-12-14','2015-01-14','F',697,690,376,NULL,'A','black',NULL,NULL,3,3,0,NULL,'2015-07-09 00:44:33','2015-07-09 00:44:33',NULL),(701,24,'8154','','2014-12-12','2015-01-12','M',NULL,NULL,390,NULL,'A','Black',NULL,NULL,3,3,0,NULL,'2015-07-09 00:45:15','2015-07-16 01:39:32',NULL),(703,45,'778','F1','2014-12-14','2015-01-14','F',697,690,390,NULL,'A','black',NULL,NULL,3,3,0,NULL,'2015-07-09 00:50:24','2015-07-09 00:50:24',NULL),(704,39,'5599','','2015-04-10','2015-05-20','M',NULL,NULL,246,NULL,'A','Black',NULL,NULL,4,4,0,NULL,'2015-07-09 01:45:59','2015-07-09 01:45:59',NULL),(705,39,'5600','','2015-04-10','2015-05-20','M',NULL,NULL,426,NULL,'A','Black',NULL,NULL,4,4,0,NULL,'2015-07-09 01:46:58','2015-07-09 01:46:58',NULL),(706,28,'5744','F10','2015-03-21','2015-04-27','M',NULL,NULL,284,NULL,'A','Black',NULL,NULL,3,3,0,NULL,'2015-07-09 02:50:47','2015-07-09 02:50:47',NULL),(707,24,'8168','','2015-03-27','2015-05-06','F',NULL,NULL,284,NULL,'A','Black',NULL,NULL,3,3,0,NULL,'2015-07-09 02:52:00','2015-07-09 02:52:00',NULL),(708,24,'8172','','2014-12-04','2015-01-20','M',NULL,NULL,285,NULL,'A','Black',NULL,NULL,3,3,0,NULL,'2015-07-09 02:55:25','2015-07-09 02:55:25',NULL),(709,28,'5747','F10','2015-03-21','2015-04-27','F',NULL,NULL,285,NULL,'A','Black',NULL,NULL,3,3,0,NULL,'2015-07-09 02:56:34','2015-07-09 02:56:34',NULL),(710,28,'5531','F10','2015-04-06','2015-05-08','M',NULL,NULL,295,NULL,'A','Black',NULL,NULL,3,3,0,NULL,'2015-07-09 02:59:22','2015-07-09 02:59:22',NULL),(711,24,'8169','','2015-04-01','2015-05-08','F',NULL,NULL,295,NULL,'A','Black',NULL,NULL,3,3,0,NULL,'2015-07-09 03:00:10','2015-07-09 03:00:10',NULL),(712,28,'3524','F9','2014-11-03','2014-12-01','M',NULL,NULL,257,NULL,'K','Black','2015-07-15',NULL,3,3,0,'','2015-07-09 03:01:19','2015-07-15 06:22:50',NULL),(713,24,'3073','','2014-11-12','2014-12-23','F',NULL,NULL,257,NULL,'K','Black','2015-07-15',NULL,3,3,0,'','2015-07-09 03:02:16','2015-07-15 06:23:08',NULL),(714,24,'8170','','2015-04-22',NULL,'M',NULL,NULL,288,NULL,'A','Black',NULL,NULL,3,3,0,NULL,'2015-07-09 03:03:28','2015-07-09 03:03:28',NULL),(715,28,'6134','F10','2015-04-16','2015-05-21','F',NULL,NULL,288,NULL,'A','Black',NULL,NULL,3,3,0,NULL,'2015-07-09 03:04:18','2015-07-09 03:04:18',NULL),(716,28,'6650','F10','2015-04-18','2015-05-29','M',NULL,NULL,300,NULL,'A','Black',NULL,NULL,3,3,0,NULL,'2015-07-09 03:05:23','2015-07-09 03:05:23',NULL),(717,24,'8171','','2015-04-22',NULL,'F',NULL,NULL,300,NULL,'A','Black',NULL,NULL,3,3,0,NULL,'2015-07-09 03:05:56','2015-07-09 03:05:56',NULL),(718,28,'8568','F10','2015-05-05','2015-06-12','M',NULL,NULL,382,NULL,'A','Black',NULL,NULL,3,3,0,NULL,'2015-07-09 03:08:01','2015-07-15 06:31:14',NULL),(719,28,'8571','F10','2015-05-20','2015-06-25','M',NULL,NULL,397,NULL,'A','Black',NULL,NULL,3,3,0,NULL,'2015-07-09 03:08:50','2015-07-15 06:26:53',NULL),(720,28,'8573','F10','2015-05-20','2015-06-25','M',NULL,NULL,339,NULL,'A','Black',NULL,NULL,4,3,0,NULL,'2015-07-09 03:09:47','2015-07-16 00:44:13',NULL),(721,28,'8577','F10','2015-05-20','2015-06-25','F',NULL,NULL,339,NULL,'A','Black',NULL,NULL,4,3,0,NULL,'2015-07-09 03:10:47','2015-07-16 00:44:06',NULL),(722,28,'8578','F10','2015-05-23','2015-06-29','M',NULL,NULL,257,NULL,'A','Black',NULL,NULL,3,3,0,NULL,'2015-07-09 03:14:40','2015-07-15 06:24:08',NULL),(723,28,'8579','F10','2015-05-23','2015-06-29','M',NULL,NULL,219,NULL,'A','Black',NULL,NULL,4,3,0,NULL,'2015-07-09 03:15:51','2015-07-16 00:41:08',NULL),(724,28,'8580','F10','2015-05-23','2015-06-29','M',NULL,NULL,248,NULL,'A','Black',NULL,NULL,3,3,0,NULL,'2015-07-09 03:16:36','2015-07-16 01:15:31',NULL),(725,28,'8581','F10','2015-05-23','2015-06-29','F',NULL,NULL,219,NULL,'A','Black',NULL,NULL,4,3,0,NULL,'2015-07-09 03:17:32','2015-07-16 00:41:30',NULL),(726,28,'8582','F10','2015-05-23','2015-06-29','F',NULL,NULL,248,NULL,'A','Black',NULL,NULL,3,3,0,NULL,'2015-07-09 03:18:09','2015-07-16 01:15:48',NULL),(727,28,'8583','F10','2015-05-24','2015-06-25','F',NULL,NULL,266,NULL,'A','Black',NULL,NULL,3,3,0,NULL,'2015-07-09 03:19:09','2015-07-16 01:23:25',NULL),(728,49,'8262','F9','2015-05-02','2015-06-12','M',NULL,NULL,266,NULL,'A','black',NULL,NULL,3,3,0,NULL,'2015-07-09 07:03:22','2015-07-16 01:23:39',NULL),(729,49,'8264','F9','2015-05-02','2015-06-12','M',NULL,NULL,166,NULL,'K','black','2015-07-15',NULL,3,3,0,'','2015-07-09 07:26:58','2015-07-16 01:21:17',NULL),(730,49,'8274','F9','2015-05-20','2015-06-29','M',NULL,NULL,267,NULL,'A','black',NULL,NULL,3,3,0,NULL,'2015-07-09 07:36:19','2015-07-16 01:17:27',NULL),(731,49,'8275','F9','2015-05-20','2015-06-29','M',NULL,NULL,175,NULL,'K','black','2015-07-15',NULL,3,3,0,'','2015-07-09 07:37:11','2015-07-15 09:32:52',NULL),(732,49,'8560','F9','2015-05-20','2015-06-29','F',NULL,NULL,109,NULL,'A','black',NULL,NULL,3,3,0,NULL,'2015-07-09 07:40:13','2015-07-09 07:40:13',NULL),(733,49,'8561','F9','2015-05-20','2015-06-29','F',NULL,NULL,109,NULL,'A','black',NULL,NULL,3,3,0,NULL,'2015-07-09 07:40:56','2015-07-09 07:40:56',NULL),(734,49,'8562','F9','2015-05-20','2015-06-29','F',NULL,NULL,109,NULL,'A','black',NULL,NULL,3,3,0,NULL,'2015-07-09 07:42:29','2015-07-09 07:42:29',NULL),(735,49,'8563','F9','2015-05-20','2015-06-29','F',NULL,NULL,109,NULL,'A','black',NULL,NULL,3,3,0,NULL,'2015-07-09 07:43:19','2015-07-09 07:43:19',NULL),(736,49,'8261','F9','2015-05-02','2015-06-12','M',NULL,NULL,262,NULL,'A','black',NULL,NULL,3,3,0,NULL,'2015-07-09 07:45:07','2015-07-09 08:39:51',NULL),(737,49,'8267','F9','2015-05-11','2015-06-24','F',NULL,NULL,262,NULL,'A','black',NULL,NULL,3,3,0,NULL,'2015-07-09 07:48:02','2015-07-09 07:48:02',NULL),(738,49,'6656','F9','2015-03-22','2015-06-01','M',NULL,NULL,213,NULL,'A','black',NULL,NULL,3,3,0,NULL,'2015-07-09 07:49:37','2015-07-09 07:49:37',NULL),(739,49,'6659','F9','2015-03-22','2015-06-01','F',NULL,NULL,213,NULL,'A','black',NULL,NULL,3,3,0,NULL,'2015-07-09 07:50:42','2015-07-09 07:50:42',NULL),(740,49,'5536','F9','2015-04-09','2015-05-12','M',NULL,NULL,293,NULL,'A','black',NULL,NULL,3,3,0,NULL,'2015-07-09 07:51:55','2015-07-09 07:51:55',NULL),(741,24,'8155','','2015-04-01','2015-05-08','F',NULL,NULL,293,NULL,'A','Black',NULL,NULL,3,3,0,NULL,'2015-07-09 07:52:40','2015-07-09 07:52:40',NULL),(742,49,'6657','F9','2015-03-22','2015-06-01','M',NULL,NULL,297,NULL,'A','black',NULL,NULL,3,3,0,NULL,'2015-07-09 07:53:50','2015-07-09 07:53:50',NULL),(743,49,'6660','F9','2015-03-22','2015-06-01','F',NULL,NULL,297,NULL,'A','black',NULL,NULL,3,3,0,NULL,'2015-07-09 07:55:20','2015-07-09 07:55:20',NULL),(744,49,'5537','F9','2015-04-09','2015-05-12','M',NULL,NULL,278,NULL,'A','black',NULL,NULL,3,3,0,NULL,'2015-07-09 07:56:30','2015-07-09 07:56:30',NULL),(745,24,'8156','','2015-04-01','2015-05-08','F',NULL,NULL,278,NULL,'A','Black',NULL,NULL,3,3,0,NULL,'2015-07-09 07:57:29','2015-07-09 07:57:29',NULL),(746,49,'5966','F9','2015-02-20','2015-04-01','M',NULL,NULL,298,NULL,'A','black',NULL,NULL,3,3,0,NULL,'2015-07-09 07:58:33','2015-07-09 07:58:33',NULL),(747,24,'5548','','2015-03-04','2015-04-10','F',NULL,NULL,298,NULL,'A','Black',NULL,NULL,3,3,0,NULL,'2015-07-09 07:59:21','2015-07-09 07:59:21',NULL),(748,49,'5538','F9','2015-04-09','2015-05-12','M',NULL,NULL,289,NULL,'A','black',NULL,NULL,3,3,0,NULL,'2015-07-09 08:00:23','2015-07-09 08:00:23',NULL),(749,24,'8157','','2015-04-01','2015-05-08','F',NULL,NULL,289,NULL,'A','Black',NULL,NULL,3,3,0,NULL,'2015-07-09 08:01:18','2015-07-09 08:01:18',NULL),(750,49,'5535','F9','2015-04-09','2015-05-12','M',NULL,NULL,260,NULL,'A','black',NULL,NULL,3,3,0,NULL,'2015-07-09 08:02:26','2015-07-09 08:02:26',NULL),(751,24,'8159','','2015-04-01','2015-05-08','F',NULL,NULL,260,NULL,'A','Black',NULL,NULL,3,3,0,NULL,'2015-07-09 08:03:12','2015-07-09 08:03:12',NULL),(752,24,'8160','','2015-04-22',NULL,'M',NULL,NULL,270,NULL,'A','Black',NULL,NULL,3,3,0,NULL,'2015-07-09 08:04:04','2015-07-09 08:04:04',NULL),(753,49,'6667','F9','2015-04-27','2015-06-01','F',NULL,NULL,270,NULL,'A','black',NULL,NULL,3,3,0,NULL,'2015-07-09 08:05:03','2015-07-09 08:05:03',NULL),(754,49,'6664','F9','2015-04-27','2015-06-01','M',NULL,NULL,392,NULL,'A','black',NULL,NULL,3,3,0,NULL,'2015-07-09 08:06:17','2015-07-09 08:06:17',NULL),(755,49,'6665','F9','2015-04-27','2015-06-01','F',NULL,NULL,392,NULL,'A','black',NULL,NULL,3,3,0,NULL,'2015-07-09 08:07:00','2015-07-09 08:07:00',NULL),(756,24,'2033','','2014-11-03',NULL,'M',NULL,NULL,272,NULL,'A','Black',NULL,NULL,3,3,0,NULL,'2015-07-09 08:08:49','2015-07-09 08:08:49',NULL),(757,24,'2034','','2014-11-03',NULL,'F',NULL,NULL,272,NULL,'A','Black',NULL,NULL,3,3,0,NULL,'2015-07-09 08:09:28','2015-07-09 08:41:24',NULL),(759,24,'8163','','2014-11-15','2014-12-23','M',NULL,NULL,275,NULL,'A','Black',NULL,NULL,3,3,0,NULL,'2015-07-09 08:10:27','2015-07-09 08:15:36',NULL),(760,24,'8164','','2014-12-15','2015-01-23','F',NULL,NULL,275,NULL,'A','Black',NULL,NULL,3,3,0,NULL,'2015-07-09 08:11:21','2015-07-09 08:11:21',NULL),(761,24,'1186','','2014-09-21','2014-10-27','M',NULL,NULL,291,NULL,'A','Black',NULL,NULL,3,3,0,NULL,'2015-07-09 08:12:18','2015-07-09 08:12:18',NULL),(762,24,'1187','','2014-09-21','2014-10-27','F',NULL,NULL,291,NULL,'A','Black',NULL,NULL,3,3,0,NULL,'2015-07-09 08:13:03','2015-07-09 08:13:03',NULL),(763,24,'5546','','2015-03-04','2015-04-10','M',759,760,271,NULL,'A','Black',NULL,NULL,3,3,0,NULL,'2015-07-09 08:14:45','2015-07-09 08:15:56',NULL),(764,24,'5547','','2015-03-04','2015-04-10','F',759,760,271,NULL,'A','Black',NULL,NULL,3,3,0,NULL,'2015-07-09 08:17:13','2015-07-09 08:17:13',NULL),(765,24,'8161','','2015-02-07','2015-03-12','M',756,757,274,NULL,'A','Black',NULL,NULL,3,3,0,NULL,'2015-07-09 08:18:38','2015-07-09 08:18:38',NULL),(766,24,'8162','','2015-02-07','2015-03-12','F',761,762,274,NULL,'A','Black',NULL,NULL,3,3,0,NULL,'2015-07-09 08:20:41','2015-07-09 08:20:41',NULL),(768,24,'2031','','2014-11-03',NULL,'M',NULL,NULL,276,NULL,'A','Black',NULL,NULL,3,3,0,NULL,'2015-07-09 08:22:01','2015-07-09 08:22:01',NULL),(769,24,'2032','','2014-11-03',NULL,'F',NULL,NULL,276,NULL,'A','Black',NULL,NULL,3,3,0,NULL,'2015-07-09 08:22:58','2015-07-09 08:22:58',NULL),(770,24,'8165','','2015-02-07','2015-03-12','M',756,757,277,NULL,'A','Black',NULL,NULL,3,3,0,NULL,'2015-07-09 08:24:02','2015-07-09 08:24:02',NULL),(771,24,'8166','','2015-02-07','2015-03-12','F',761,762,277,NULL,'A','Black',NULL,NULL,3,3,0,NULL,'2015-07-09 08:24:52','2015-07-09 08:24:52',NULL),(773,24,'3074','','2014-11-12','2014-12-23','M',NULL,NULL,279,NULL,'A','Black',NULL,NULL,3,3,0,NULL,'2015-07-09 08:26:00','2015-07-09 08:26:00',NULL),(774,24,'8167','','2014-11-16',NULL,'F',NULL,NULL,279,NULL,'A','Black',NULL,NULL,3,3,0,NULL,'2015-07-09 08:26:47','2015-07-09 08:26:47',NULL),(775,24,'1155','','2014-09-18','2014-10-14','M',NULL,NULL,294,NULL,'A','Black',NULL,NULL,3,3,0,NULL,'2015-07-09 08:27:39','2015-07-09 08:27:39',NULL),(777,24,'1156','','2014-09-18','2014-10-14','F',NULL,NULL,294,NULL,'A','Black',NULL,NULL,3,3,0,NULL,'2015-07-09 08:28:49','2015-07-09 08:28:49',NULL),(778,24,'8108','','2015-05-13',NULL,'F',NULL,NULL,393,NULL,'A','Black',NULL,NULL,8,8,0,NULL,'2015-07-09 08:29:11','2015-07-09 08:29:11',NULL),(780,36,'6543','F2','2015-05-10','2015-06-12','M',89,90,342,NULL,'A','Black',NULL,NULL,8,8,0,NULL,'2015-07-09 08:34:06','2015-07-09 08:34:06',NULL),(781,34,'6326','F3','2015-05-27','2015-07-08','M',17,18,323,NULL,'A','Black',NULL,NULL,8,8,0,NULL,'2015-07-09 09:36:00','2015-07-16 08:23:34',NULL),(782,34,'6327','F3','2015-05-27','2015-07-08','M',17,18,323,NULL,'A','Black',NULL,NULL,8,8,0,NULL,'2015-07-09 09:37:07','2015-07-16 08:24:11',NULL),(783,34,'6328','F3','2015-05-27','2015-07-08','M',17,18,323,NULL,'A','Black',NULL,NULL,8,8,0,NULL,'2015-07-09 09:39:37','2015-07-16 08:24:27',NULL),(784,34,'6329','F3','2015-05-27','2015-07-08','M',17,18,323,NULL,'A','Black',NULL,NULL,8,8,0,NULL,'2015-07-09 09:40:53','2015-07-16 08:24:54',NULL),(785,34,'6330','F3','2015-05-27','2015-07-08','F',17,18,336,NULL,'A','Black',NULL,NULL,8,8,0,NULL,'2015-07-09 09:42:21','2015-07-16 08:25:37',NULL),(786,34,'6332','F3','2015-05-27','2015-07-08','F',17,18,336,NULL,'A','Black',NULL,NULL,8,8,0,NULL,'2015-07-09 09:43:17','2015-07-16 08:25:57',NULL),(787,34,'6333','F3','2015-05-27','2015-07-08','F',17,18,336,NULL,'A','Black',NULL,NULL,8,8,0,NULL,'2015-07-09 09:44:17','2015-07-16 08:26:47',NULL),(788,34,'6334','F3','2015-05-27','2015-07-08','F',17,18,336,NULL,'A','Black',NULL,NULL,8,8,0,NULL,'2015-07-09 09:44:32','2015-07-16 08:27:05',NULL),(789,34,'6335','F3','2015-06-04','2015-07-08','M',21,22,232,NULL,'A','Black',NULL,NULL,8,8,0,NULL,'2015-07-09 09:46:55','2015-07-16 08:34:59',NULL),(790,34,'6336','F3','2015-06-04','2015-07-08','M',21,22,232,NULL,'A','Black',NULL,NULL,8,8,0,NULL,'2015-07-09 09:47:42','2015-07-16 08:35:32',NULL),(791,38,'6337','F1','2015-05-12','2015-07-08','M',122,123,359,NULL,'A','Black',NULL,NULL,8,8,0,NULL,'2015-07-09 09:50:22','2015-07-16 08:36:58',NULL),(792,38,'6338','F1','2015-05-12','0205-07-08','F',122,123,350,NULL,'A','Black',NULL,NULL,8,8,0,NULL,'2015-07-09 09:51:43','2015-07-16 08:37:21',NULL),(793,38,'6339','F2','2015-06-04','2015-07-08','M',126,127,408,NULL,'A','Black',NULL,NULL,8,8,0,NULL,'2015-07-09 09:52:44','2015-07-16 08:37:42',NULL),(794,38,'6340','F2','2015-06-04','2015-07-08','F',126,127,105,NULL,'A','Black',NULL,NULL,8,8,0,NULL,'2015-07-09 09:53:43','2015-07-16 08:38:06',NULL),(795,38,'6341','F2','2015-06-04','2015-07-08','F',126,127,105,NULL,'A','Black',NULL,NULL,8,8,0,NULL,'2015-07-09 09:54:27','2015-07-16 08:38:21',NULL),(796,21,'','F2','2015-05-21','2015-07-08','M',58,59,161,NULL,'A','White',NULL,NULL,8,8,0,NULL,'2015-07-09 09:57:42','2015-07-09 09:57:42',NULL),(797,21,'','F2','2015-05-21','2015-07-08','M',58,59,161,NULL,'A','White',NULL,NULL,8,8,0,NULL,'2015-07-09 09:58:29','2015-07-09 09:58:29',NULL),(798,21,'','F2','2015-05-21','2015-07-08','M',58,59,161,NULL,'A','White',NULL,NULL,8,8,0,NULL,'2015-07-09 09:59:04','2015-07-09 09:59:04',NULL),(799,21,'','F2','2015-05-21','2015-07-08','M',58,59,161,NULL,'A','White',NULL,NULL,8,8,0,NULL,'2015-07-09 09:59:38','2015-07-09 09:59:38',NULL),(800,21,'','F2','2015-05-21','2015-07-08','M',58,59,161,NULL,'A','White',NULL,NULL,8,8,0,NULL,'2015-07-09 10:00:36','2015-07-16 07:55:28',NULL),(801,11,'8515','','2015-05-15',NULL,'M',NULL,NULL,407,NULL,'K','Black','2015-07-16',NULL,4,4,0,'','2015-07-10 01:48:53','2015-07-16 01:47:16',NULL),(802,21,'','F2','2015-05-28','2015-07-08','M',60,61,347,NULL,'A','White',NULL,NULL,8,8,0,NULL,'2015-07-10 02:08:16','2015-07-10 02:08:16',NULL),(803,21,'','F2','2015-05-28','2015-07-08','M',60,61,347,NULL,'A','White',NULL,NULL,8,8,0,NULL,'2015-07-10 02:08:52','2015-07-10 02:08:52',NULL),(804,21,'','F2','2015-05-28','2015-07-08','M',60,61,347,NULL,'A','White',NULL,NULL,8,8,0,NULL,'2015-07-10 02:09:40','2015-07-10 02:09:40',NULL),(805,21,'','F2','2015-05-28','2015-07-08','M',60,61,347,NULL,'A','White',NULL,NULL,8,8,0,NULL,'2015-07-10 02:10:49','2015-07-10 02:10:49',NULL),(806,21,'','F2','2015-05-28','2015-07-08','F',60,61,396,NULL,'A','White',NULL,NULL,8,8,0,NULL,'2015-07-10 02:12:25','2015-07-10 02:12:25',NULL),(807,21,'','F2','2015-05-28','2015-07-08','F',60,61,396,NULL,'A','White',NULL,NULL,8,8,0,NULL,'2015-07-10 02:13:19','2015-07-10 02:13:19',NULL),(808,21,'','F2','2015-05-26','2015-07-08','M',66,67,357,NULL,'A','White',NULL,NULL,8,8,0,NULL,'2015-07-10 02:13:48','2015-07-10 02:14:28',NULL),(809,21,'','F2','2015-05-26','2015-07-08','M',66,67,357,NULL,'A','White',NULL,NULL,8,8,0,NULL,'2015-07-10 02:15:19','2015-07-10 02:15:19',NULL),(810,21,'','F2','2015-05-26','2015-07-08','M',66,67,357,NULL,'A','White',NULL,NULL,8,8,0,NULL,'2015-07-10 02:16:02','2015-07-10 02:16:02',NULL),(811,21,'','F2','2015-05-26','2015-07-08','M',66,67,357,NULL,'A','White',NULL,NULL,8,8,0,NULL,'2015-07-10 02:16:40','2015-07-10 02:16:40',NULL),(812,21,'','F2','2015-05-26','2015-07-08','F',66,67,287,NULL,'A','White',NULL,NULL,8,8,0,NULL,'2015-07-10 02:17:27','2015-07-10 02:17:27',NULL),(813,21,'','F2','2015-05-26','2015-07-08','F',66,67,287,NULL,'A','White',NULL,NULL,8,8,0,NULL,'2015-07-10 02:18:10','2015-07-10 02:18:10',NULL),(814,21,'','F2','2015-05-26','2015-07-08','F',66,67,287,NULL,'A','White',NULL,NULL,8,8,0,NULL,'2015-07-10 02:18:47','2015-07-10 02:18:47',NULL),(815,21,'','F2','2015-05-26','2015-07-08','F',66,67,287,NULL,'A','White',NULL,NULL,8,8,0,NULL,'2015-07-10 02:19:50','2015-07-10 02:19:50',NULL),(816,21,'','F3','2015-05-28','2015-07-08','F',72,73,132,NULL,'A','White',NULL,NULL,8,8,0,NULL,'2015-07-10 02:20:38','2015-07-10 02:20:38',NULL),(817,21,'','F3','2015-05-28','2015-07-08','F',72,73,132,NULL,'A','White',NULL,NULL,8,8,0,NULL,'2015-07-10 02:30:04','2015-07-10 02:30:04',NULL),(818,5,NULL,NULL,'2015-06-15',NULL,NULL,679,680,30,1,'A',NULL,NULL,NULL,7,7,0,NULL,'2015-07-10 07:35:01','2015-07-10 07:50:56',NULL),(819,44,'5471','F0','2015-01-26','2015-02-26','M',NULL,NULL,338,NULL,'A','Black',NULL,NULL,3,3,0,NULL,'2015-07-12 09:07:39','2015-07-12 09:07:39',NULL),(820,24,'8547','','2015-01-26','2015-02-26','F',NULL,NULL,338,NULL,'A','Black',NULL,NULL,3,3,0,NULL,'2015-07-12 09:08:14','2015-07-12 09:08:14',NULL),(821,24,'8548','','2015-01-26','2015-02-26','F',NULL,NULL,338,NULL,'A','Black',NULL,NULL,3,3,0,NULL,'2015-07-12 09:08:44','2015-07-12 09:09:05',NULL),(822,24,'8549','','2015-01-26','2015-02-26','M',NULL,NULL,405,NULL,'A','Black',NULL,NULL,3,3,0,NULL,'2015-07-12 09:10:04','2015-07-12 09:10:04',NULL),(823,44,'5474','F0','2015-01-26','2015-02-26','F',NULL,NULL,405,NULL,'A','Black',NULL,NULL,3,3,0,NULL,'2015-07-12 09:10:32','2015-07-12 09:12:34',NULL),(824,24,'8550','','2015-04-22','2015-05-25','M',NULL,NULL,404,NULL,'A','Black',NULL,NULL,3,3,0,NULL,'2015-07-12 09:11:17','2015-07-12 09:11:17',NULL),(825,44,'8567','F1','2015-05-11','2015-06-30','F',822,823,404,NULL,'A','Black',NULL,NULL,3,3,0,NULL,'2015-07-12 09:12:14','2015-07-12 09:12:14',NULL),(826,44,'8503','F1','2015-05-28','2015-07-03','M',819,820,197,NULL,'A','Black',NULL,NULL,3,3,0,NULL,'2015-07-12 09:15:33','2015-07-12 09:15:33',NULL),(827,44,'8506','F1','2015-05-28','2015-07-03','F',819,820,174,NULL,'A','Black',NULL,NULL,3,3,0,NULL,'2015-07-12 09:16:36','2015-07-12 09:16:36',NULL),(828,45,'6116','F2','2015-04-10','2015-05-21','M',699,700,196,NULL,'A','black',NULL,NULL,3,3,0,NULL,'2015-07-12 09:18:01','2015-07-12 09:18:01',NULL),(829,45,'6120','F2','2015-04-10','2015-05-21','F',699,700,118,NULL,'A','black',NULL,NULL,3,3,0,NULL,'2015-07-12 09:18:55','2015-07-12 09:18:55',NULL),(830,45,'8202','F1','2015-05-05','2015-06-25','M',697,690,167,NULL,'A','black',NULL,NULL,3,3,0,NULL,'2015-07-12 09:20:10','2015-07-12 09:20:10',NULL),(831,23,'5932','F8','2015-02-19','2015-03-27','M',NULL,NULL,146,NULL,'K','White','2015-07-12',NULL,3,3,0,'','2015-07-12 09:26:53','2015-07-15 06:43:30',NULL),(832,25,'8530','','2015-02-20','2015-03-27','F',NULL,NULL,146,NULL,'K','white','2015-07-12',NULL,3,3,0,'','2015-07-12 09:28:10','2015-07-15 06:43:36',NULL),(833,25,'8531','','2015-02-20','2015-03-27','F',NULL,NULL,146,NULL,'K','white','2015-07-12',NULL,3,3,0,'','2015-07-12 09:28:44','2015-07-15 06:43:43',NULL),(834,23,'8232','F9','2015-05-01','2015-06-11','M',831,832,141,NULL,'A','White',NULL,NULL,3,3,0,NULL,'2015-07-12 09:29:50','2015-07-12 09:29:50',NULL),(835,23,'8233','F9','2015-05-01','2015-06-11','F',831,832,141,NULL,'A','White',NULL,NULL,3,3,0,NULL,'2015-07-12 09:30:56','2015-07-12 09:30:56',NULL),(836,23,'5150','F7','2014-12-15','2015-01-23','M',NULL,NULL,143,NULL,'A','White',NULL,NULL,3,3,0,NULL,'2015-07-12 09:32:43','2015-07-12 09:32:43',NULL),(837,23,'5178','F7','2014-12-15','2015-01-23','F',NULL,NULL,143,NULL,'A','White',NULL,NULL,3,3,0,NULL,'2015-07-12 09:33:39','2015-07-12 09:33:39',NULL),(838,23,'5321','F7','2015-02-08','2015-03-05','M',NULL,NULL,149,NULL,'A','White',NULL,NULL,3,3,0,NULL,'2015-07-12 09:35:17','2015-07-12 09:36:11',NULL),(839,23,'5323','F7','2015-02-08','2015-03-05','F',NULL,NULL,149,NULL,'A','White',NULL,NULL,3,3,0,NULL,'2015-07-12 09:36:53','2015-07-12 09:36:53',NULL),(840,23,'752','F7','2014-11-27','2014-12-30','M',NULL,NULL,160,NULL,'A','White',NULL,NULL,3,3,0,NULL,'2015-07-12 09:37:50','2015-07-12 09:37:50',NULL),(841,23,'757','F7','2014-11-27','2014-12-30','F',NULL,NULL,160,NULL,'A','White',NULL,NULL,3,3,0,NULL,'2015-07-12 09:38:35','2015-07-12 09:38:35',NULL),(842,23,'8584','F8','2015-05-02','2015-06-29','M',840,841,138,NULL,'K','White','2015-07-15',NULL,3,3,0,'','2015-07-12 09:40:29','2015-07-16 01:57:56',NULL),(843,23,'8586','F8','2015-05-02','2015-06-29','F',840,841,176,NULL,'K','White','2015-07-15',NULL,3,3,0,'','2015-07-12 09:41:45','2015-07-16 01:58:18',NULL),(844,23,'8597','F8','2015-05-14','2015-07-01','M',838,839,123,NULL,'K','White','2015-07-15',NULL,3,3,0,'','2015-07-12 09:43:24','2015-07-16 02:04:12',NULL),(845,23,'8600','F8','2015-05-14','2015-07-01','F',838,839,183,NULL,'K','White','2015-07-15',NULL,3,3,0,'','2015-07-12 09:44:22','2015-07-16 02:04:48',NULL),(846,20,'2502','F2','2015-02-10','2015-03-10','M',NULL,NULL,96,NULL,'A','Black',NULL,NULL,10,10,0,NULL,'2015-07-13 04:59:32','2015-07-13 05:31:31',NULL),(847,20,NULL,NULL,'2015-06-13',NULL,NULL,529,531,112,2,'A',NULL,NULL,NULL,10,10,0,NULL,'2015-07-13 05:12:39','2015-07-13 05:12:39',NULL),(848,20,NULL,NULL,'2015-06-13',NULL,NULL,529,531,112,2,'A',NULL,NULL,NULL,10,10,0,NULL,'2015-07-13 05:12:39','2015-07-13 05:12:39',NULL),(849,20,NULL,NULL,'2015-06-13',NULL,NULL,529,531,112,2,'A',NULL,NULL,NULL,10,10,0,NULL,'2015-07-13 05:12:39','2015-07-13 05:12:39',NULL),(850,20,NULL,NULL,'2015-06-13',NULL,NULL,529,531,112,2,'A',NULL,NULL,NULL,10,10,0,NULL,'2015-07-13 05:12:39','2015-07-13 05:12:39',NULL),(851,20,NULL,NULL,'2015-06-13',NULL,NULL,529,531,112,2,'A',NULL,NULL,NULL,10,10,0,NULL,'2015-07-13 05:12:39','2015-07-13 05:12:39',NULL),(852,20,'2503','F2','2015-02-10','2015-03-10','F',NULL,NULL,96,NULL,'A','Black',NULL,NULL,10,10,0,NULL,'2015-07-13 05:32:39','2015-07-13 05:32:39',NULL),(853,20,'8173','F3','2015-06-15','2015-07-09','M',846,852,NULL,3,'A','Black',NULL,NULL,10,10,0,NULL,'2015-07-13 05:34:06','2015-07-13 05:39:04',NULL),(854,20,'8174','F3','2015-06-15','2015-07-09','M',846,852,NULL,3,'A','Black',NULL,NULL,10,10,0,NULL,'2015-07-13 05:34:06','2015-07-13 05:39:29',NULL),(855,20,'8175','F3','2015-06-15','2015-07-09','M',846,852,NULL,3,'A','Black',NULL,NULL,10,10,0,NULL,'2015-07-13 05:34:06','2015-07-13 05:39:49',NULL),(856,20,'8176','F3','2015-06-15','2015-07-09','M',846,852,NULL,3,'A','Black',NULL,NULL,10,10,0,NULL,'2015-07-13 05:34:06','2015-07-13 05:40:08',NULL),(857,20,'8178','F3','2015-06-15','2015-07-09','M',846,852,NULL,3,'A','Black',NULL,NULL,10,10,0,NULL,'2015-07-13 05:34:06','2015-07-13 05:44:27',NULL),(858,20,'8177','F3','2015-06-15','2015-07-09','M',846,852,NULL,4,'A','Black',NULL,NULL,10,10,0,NULL,'2015-07-13 05:41:38','2015-07-13 05:43:06',NULL),(859,20,'8179','F3','2015-06-15','2015-07-09','F',846,852,NULL,4,'A','Black',NULL,NULL,10,10,0,NULL,'2015-07-13 05:41:38','2015-07-13 05:45:05',NULL),(860,20,'8180','F3','2015-06-15','2015-07-09','F',846,852,NULL,4,'A','Black',NULL,NULL,10,10,0,NULL,'2015-07-13 05:41:38','2015-07-13 05:45:24',NULL),(861,22,NULL,NULL,'2015-06-19',NULL,NULL,518,520,59,5,'A',NULL,NULL,NULL,10,10,0,NULL,'2015-07-13 05:52:50','2015-07-13 05:52:50',NULL),(862,22,NULL,NULL,'2015-06-19',NULL,NULL,518,520,59,5,'A',NULL,NULL,NULL,10,10,0,NULL,'2015-07-13 05:52:50','2015-07-13 05:52:50',NULL),(863,22,NULL,NULL,'2015-06-19',NULL,NULL,518,520,59,5,'A',NULL,NULL,NULL,10,10,0,NULL,'2015-07-13 05:52:50','2015-07-13 05:52:50',NULL),(864,22,NULL,NULL,'2015-06-19',NULL,NULL,518,520,59,5,'A',NULL,NULL,NULL,10,10,0,NULL,'2015-07-13 05:52:50','2015-07-13 05:52:50',NULL),(865,22,NULL,NULL,'2015-06-19',NULL,NULL,518,520,59,5,'A',NULL,NULL,NULL,10,10,0,NULL,'2015-07-13 05:52:50','2015-07-13 05:52:50',NULL),(866,22,NULL,NULL,'2015-06-19',NULL,NULL,523,525,89,6,'A',NULL,NULL,NULL,10,10,0,NULL,'2015-07-13 05:59:50','2015-07-13 05:59:50',NULL),(867,22,NULL,NULL,'2015-06-19',NULL,NULL,523,525,89,6,'A',NULL,NULL,NULL,10,10,0,NULL,'2015-07-13 05:59:50','2015-07-13 05:59:50',NULL),(868,22,NULL,NULL,'2015-06-19',NULL,NULL,523,525,89,6,'A',NULL,NULL,NULL,10,10,0,NULL,'2015-07-13 05:59:50','2015-07-13 05:59:50',NULL),(869,22,NULL,NULL,'2015-06-19',NULL,NULL,523,525,89,6,'A',NULL,NULL,NULL,10,10,0,NULL,'2015-07-13 05:59:50','2015-07-13 05:59:50',NULL),(870,22,NULL,NULL,'2015-06-19',NULL,NULL,523,525,89,6,'A',NULL,NULL,NULL,10,10,0,NULL,'2015-07-13 05:59:50','2015-07-13 05:59:50',NULL),(871,20,NULL,NULL,'2015-07-12',NULL,NULL,532,536,122,7,'A',NULL,NULL,NULL,10,10,0,NULL,'2015-07-13 06:31:08','2015-07-13 06:31:08',NULL),(872,20,NULL,NULL,'2015-07-12',NULL,NULL,532,536,122,7,'A',NULL,NULL,NULL,10,10,0,NULL,'2015-07-13 06:31:08','2015-07-13 06:31:08',NULL),(873,20,NULL,NULL,'2015-07-12',NULL,NULL,532,536,122,7,'A',NULL,NULL,NULL,10,10,0,NULL,'2015-07-13 06:31:08','2015-07-13 06:31:08',NULL),(874,50,'8189','F3','2015-06-07','2015-07-09','M',529,530,NULL,8,'A','Black',NULL,NULL,10,10,0,NULL,'2015-07-13 07:10:45','2015-07-13 07:42:27',NULL),(875,50,'8190','F3','2015-06-07','2015-07-09','M',529,530,NULL,8,'A','Black',NULL,NULL,10,10,0,NULL,'2015-07-13 07:10:45','2015-07-13 07:43:11',NULL),(876,50,'8187','F3','2015-06-07','2015-07-09','F',529,530,NULL,8,'A','Black',NULL,NULL,10,10,0,NULL,'2015-07-13 07:10:45','2015-07-13 07:43:44',NULL),(877,50,'8188','F3','2015-06-07','2015-07-09','F',529,530,NULL,8,'A','Black',NULL,NULL,10,10,0,NULL,'2015-07-13 07:10:45','2015-07-13 07:44:19',NULL),(878,20,'8181','F3','2015-06-07','2015-07-09','F',532,533,NULL,9,'A','Black',NULL,NULL,10,10,0,NULL,'2015-07-13 07:12:34','2015-07-13 07:46:14',NULL),(879,20,'8182','F3','2015-06-07','2015-07-09','F',532,533,NULL,9,'A','Black',NULL,NULL,10,10,0,NULL,'2015-07-13 07:12:34','2015-07-13 07:46:44',NULL),(880,20,'8183','F3','2015-06-07','2015-07-09','F',532,533,NULL,9,'A','Black',NULL,NULL,10,10,0,NULL,'2015-07-13 07:12:34','2015-07-13 07:46:58',NULL),(881,20,'8184','F3','2015-06-07','2015-07-09','M',532,533,NULL,9,'A','Black',NULL,NULL,10,10,0,NULL,'2015-07-13 07:12:34','2015-07-13 07:47:20',NULL),(882,20,'8185','F3','2015-06-07','2015-07-09','M',532,533,NULL,9,'A','Black',NULL,NULL,10,10,0,NULL,'2015-07-13 07:12:34','2015-07-13 07:47:39',NULL),(883,20,'8186','F3','2015-06-07','2015-07-09','M',532,533,NULL,9,'A','Black',NULL,NULL,10,10,0,NULL,'2015-07-13 07:12:34','2015-07-13 07:47:54',NULL),(884,27,NULL,NULL,'2015-06-17',NULL,NULL,6,7,221,10,'A',NULL,NULL,NULL,4,4,0,NULL,'2015-07-13 07:51:48','2015-07-13 07:51:48',NULL),(885,27,NULL,NULL,'2015-06-17',NULL,NULL,6,7,221,10,'A',NULL,NULL,NULL,4,4,0,NULL,'2015-07-13 07:51:49','2015-07-13 07:51:49',NULL),(886,27,NULL,NULL,'2015-06-17',NULL,NULL,6,7,221,10,'A',NULL,NULL,NULL,4,4,0,NULL,'2015-07-13 07:51:49','2015-07-13 07:51:49',NULL),(887,27,NULL,NULL,'2015-06-17',NULL,NULL,6,7,221,10,'A',NULL,NULL,NULL,4,4,0,NULL,'2015-07-13 07:51:49','2015-07-13 07:51:49',NULL),(888,27,NULL,NULL,'2015-06-17',NULL,NULL,16,137,231,11,'A',NULL,NULL,NULL,4,4,0,NULL,'2015-07-13 07:55:16','2015-07-13 07:55:16',NULL),(889,27,NULL,NULL,'2015-06-17',NULL,NULL,16,137,231,11,'A',NULL,NULL,NULL,4,4,0,NULL,'2015-07-13 07:55:16','2015-07-13 07:55:16',NULL),(890,27,NULL,NULL,'2015-06-17',NULL,NULL,16,137,231,11,'A',NULL,NULL,NULL,4,4,0,NULL,'2015-07-13 07:55:16','2015-07-13 07:55:16',NULL),(891,27,NULL,NULL,'2015-06-17',NULL,NULL,16,137,231,11,'A',NULL,NULL,NULL,4,4,0,NULL,'2015-07-13 07:55:16','2015-07-13 07:55:16',NULL),(892,27,NULL,NULL,'2015-06-17',NULL,NULL,16,137,231,11,'A',NULL,NULL,NULL,4,4,0,NULL,'2015-07-13 07:55:16','2015-07-13 07:55:16',NULL),(893,27,NULL,NULL,'2015-06-17',NULL,NULL,16,137,231,11,'A',NULL,NULL,NULL,4,4,0,NULL,'2015-07-13 07:55:16','2015-07-13 07:55:16',NULL),(894,29,NULL,NULL,'2015-06-23',NULL,NULL,161,162,261,12,'A',NULL,NULL,NULL,4,4,0,NULL,'2015-07-13 08:00:07','2015-07-13 08:00:07',NULL),(895,29,NULL,NULL,'2015-06-23',NULL,NULL,161,162,261,12,'A',NULL,NULL,NULL,4,4,0,NULL,'2015-07-13 08:00:07','2015-07-13 08:00:07',NULL),(896,29,NULL,NULL,'2015-06-23',NULL,NULL,161,162,261,12,'A',NULL,NULL,NULL,4,4,0,NULL,'2015-07-13 08:00:07','2015-07-13 08:00:07',NULL),(897,27,NULL,NULL,'2015-06-12',NULL,NULL,228,227,212,13,'A',NULL,NULL,NULL,4,4,0,NULL,'2015-07-13 08:02:35','2015-07-13 08:02:35',NULL),(898,27,NULL,NULL,'2015-06-12',NULL,NULL,228,227,212,13,'A',NULL,NULL,NULL,4,4,0,NULL,'2015-07-13 08:02:35','2015-07-13 08:02:35',NULL),(899,27,NULL,NULL,'2015-06-12',NULL,NULL,228,227,212,13,'A',NULL,NULL,NULL,4,4,0,NULL,'2015-07-13 08:02:35','2015-07-13 08:02:35',NULL),(900,27,NULL,NULL,'2015-06-12',NULL,NULL,228,227,212,13,'A',NULL,NULL,NULL,4,4,0,NULL,'2015-07-13 08:02:35','2015-07-13 08:02:35',NULL),(901,27,NULL,NULL,'2015-06-12',NULL,NULL,228,227,212,13,'A',NULL,NULL,NULL,4,4,0,NULL,'2015-07-13 08:02:35','2015-07-13 08:02:35',NULL),(902,33,NULL,NULL,'2015-06-17',NULL,NULL,385,386,242,14,'A',NULL,NULL,NULL,4,4,0,NULL,'2015-07-13 08:03:42','2015-07-13 08:03:42',NULL),(903,33,NULL,NULL,'2015-06-17',NULL,NULL,385,386,242,14,'A',NULL,NULL,NULL,4,4,0,NULL,'2015-07-13 08:03:42','2015-07-13 08:03:42',NULL),(904,33,NULL,NULL,'2015-06-17',NULL,NULL,385,386,242,14,'A',NULL,NULL,NULL,4,4,0,NULL,'2015-07-13 08:03:42','2015-07-13 08:03:42',NULL),(905,33,NULL,NULL,'2015-06-17',NULL,NULL,385,386,242,14,'A',NULL,NULL,NULL,4,4,0,NULL,'2015-07-13 08:03:42','2015-07-13 08:03:42',NULL),(906,33,NULL,NULL,'2015-06-17',NULL,NULL,385,386,242,14,'A',NULL,NULL,NULL,4,4,0,NULL,'2015-07-13 08:03:42','2015-07-13 08:03:42',NULL),(907,33,NULL,NULL,'2015-06-17',NULL,NULL,385,386,242,14,'A',NULL,NULL,NULL,4,4,0,NULL,'2015-07-13 08:03:42','2015-07-13 08:03:42',NULL),(908,33,NULL,NULL,'2015-06-22',NULL,NULL,379,380,223,15,'A',NULL,NULL,NULL,4,4,0,NULL,'2015-07-13 08:06:00','2015-07-13 08:06:00',NULL),(909,33,NULL,NULL,'2015-06-22',NULL,NULL,379,380,223,15,'A',NULL,NULL,NULL,4,4,0,NULL,'2015-07-13 08:06:00','2015-07-13 08:06:00',NULL),(910,33,NULL,NULL,'2015-06-22',NULL,NULL,379,380,223,15,'A',NULL,NULL,NULL,4,4,0,NULL,'2015-07-13 08:06:00','2015-07-13 08:06:00',NULL),(911,33,NULL,NULL,'2015-06-22',NULL,NULL,379,380,223,15,'A',NULL,NULL,NULL,4,4,0,NULL,'2015-07-13 08:06:00','2015-07-13 08:06:00',NULL),(912,10,NULL,NULL,'2015-05-28',NULL,NULL,417,419,243,16,'A',NULL,NULL,NULL,4,4,0,NULL,'2015-07-13 08:10:41','2015-07-13 08:10:41',NULL),(913,10,NULL,NULL,'2015-05-28',NULL,NULL,417,419,243,16,'A',NULL,NULL,NULL,4,4,0,NULL,'2015-07-13 08:10:41','2015-07-13 08:10:41',NULL),(914,10,NULL,NULL,'2015-05-28',NULL,NULL,417,419,243,16,'A',NULL,NULL,NULL,4,4,0,NULL,'2015-07-13 08:10:41','2015-07-13 08:10:41',NULL),(915,10,NULL,NULL,'2015-05-28',NULL,NULL,417,419,243,16,'A',NULL,NULL,NULL,4,4,0,NULL,'2015-07-13 08:10:41','2015-07-13 08:10:41',NULL),(916,10,NULL,NULL,'2015-05-28',NULL,NULL,417,419,243,16,'A',NULL,NULL,NULL,4,4,0,NULL,'2015-07-13 08:10:41','2015-07-13 08:10:41',NULL),(917,10,NULL,NULL,'2015-05-28',NULL,NULL,417,419,243,16,'A',NULL,NULL,NULL,4,4,0,NULL,'2015-07-13 08:10:41','2015-07-13 08:10:41',NULL),(918,10,NULL,NULL,'2015-05-28',NULL,NULL,417,419,243,16,'A',NULL,NULL,NULL,4,4,0,NULL,'2015-07-13 08:10:41','2015-07-13 08:10:41',NULL),(919,10,NULL,NULL,'2015-06-27',NULL,NULL,417,419,243,17,'A',NULL,NULL,NULL,4,4,0,NULL,'2015-07-13 08:11:09','2015-07-13 08:11:09',NULL),(920,10,NULL,NULL,'2015-06-27',NULL,NULL,417,419,243,17,'A',NULL,NULL,NULL,4,4,0,NULL,'2015-07-13 08:11:09','2015-07-13 08:11:09',NULL),(921,10,NULL,NULL,'2015-06-27',NULL,NULL,417,419,243,17,'A',NULL,NULL,NULL,4,4,0,NULL,'2015-07-13 08:11:09','2015-07-13 08:11:09',NULL),(922,10,NULL,NULL,'2015-06-27',NULL,NULL,417,419,243,17,'A',NULL,NULL,NULL,4,4,0,NULL,'2015-07-13 08:11:09','2015-07-13 08:11:09',NULL),(923,10,NULL,NULL,'2015-06-27',NULL,NULL,417,419,243,17,'A',NULL,NULL,NULL,4,4,0,NULL,'2015-07-13 08:11:09','2015-07-13 08:11:09',NULL),(924,10,NULL,NULL,'2015-06-27',NULL,NULL,417,419,243,17,'A',NULL,NULL,NULL,4,4,0,NULL,'2015-07-13 08:11:09','2015-07-13 08:11:09',NULL),(925,10,NULL,NULL,'2015-06-27',NULL,NULL,417,419,243,17,'A',NULL,NULL,NULL,4,4,0,NULL,'2015-07-13 08:11:09','2015-07-13 08:11:09',NULL),(926,10,NULL,NULL,'2015-06-27',NULL,NULL,417,419,243,17,'A',NULL,NULL,NULL,4,4,0,NULL,'2015-07-13 08:11:09','2015-07-13 08:11:09',NULL),(927,33,NULL,NULL,'2015-05-27',NULL,NULL,377,378,283,18,'A',NULL,NULL,NULL,4,4,0,NULL,'2015-07-13 08:16:04','2015-07-13 08:16:04',NULL),(928,33,NULL,NULL,'2015-05-27',NULL,NULL,377,378,283,18,'A',NULL,NULL,NULL,4,4,0,NULL,'2015-07-13 08:16:04','2015-07-13 08:16:04',NULL),(929,33,NULL,NULL,'2015-05-27',NULL,NULL,377,378,283,18,'A',NULL,NULL,NULL,4,4,0,NULL,'2015-07-13 08:16:04','2015-07-13 08:16:04',NULL),(930,33,NULL,NULL,'2015-05-27',NULL,NULL,377,378,283,18,'A',NULL,NULL,NULL,4,4,0,NULL,'2015-07-13 08:16:04','2015-07-13 08:16:04',NULL),(931,33,NULL,NULL,'2015-06-25',NULL,NULL,377,378,283,19,'A',NULL,NULL,NULL,4,4,0,NULL,'2015-07-13 08:16:29','2015-07-13 08:16:29',NULL),(932,33,NULL,NULL,'2015-06-25',NULL,NULL,377,378,283,19,'A',NULL,NULL,NULL,4,4,0,NULL,'2015-07-13 08:16:29','2015-07-13 08:16:29',NULL),(933,32,NULL,NULL,'2015-06-16',NULL,NULL,349,350,204,20,'A',NULL,NULL,NULL,4,4,0,NULL,'2015-07-13 08:17:42','2015-07-13 08:17:42',NULL),(934,32,NULL,NULL,'2015-06-16',NULL,NULL,349,350,204,20,'A',NULL,NULL,NULL,4,4,0,NULL,'2015-07-13 08:17:42','2015-07-13 08:17:42',NULL),(935,32,NULL,NULL,'2015-06-16',NULL,NULL,349,350,204,20,'A',NULL,NULL,NULL,4,4,0,NULL,'2015-07-13 08:17:42','2015-07-13 08:17:42',NULL),(936,32,NULL,NULL,'2015-06-16',NULL,NULL,349,350,204,20,'A',NULL,NULL,NULL,4,4,0,NULL,'2015-07-13 08:17:42','2015-07-13 08:17:42',NULL),(937,32,NULL,NULL,'2015-06-16',NULL,NULL,349,350,204,20,'A',NULL,NULL,NULL,4,4,0,NULL,'2015-07-13 08:17:42','2015-07-13 08:17:42',NULL),(938,32,NULL,NULL,'2015-05-20',NULL,NULL,351,352,224,21,'A',NULL,NULL,NULL,4,4,0,NULL,'2015-07-13 08:19:23','2015-07-13 08:19:23',NULL),(939,32,NULL,NULL,'2015-05-20',NULL,NULL,351,352,224,21,'A',NULL,NULL,NULL,4,4,0,NULL,'2015-07-13 08:19:23','2015-07-13 08:19:23',NULL),(940,32,NULL,NULL,'2015-05-20',NULL,NULL,351,352,224,21,'A',NULL,NULL,NULL,4,4,0,NULL,'2015-07-13 08:19:23','2015-07-13 08:19:23',NULL),(941,32,NULL,NULL,'2015-05-20',NULL,NULL,351,352,224,21,'A',NULL,NULL,NULL,4,4,0,NULL,'2015-07-13 08:19:23','2015-07-13 08:19:23',NULL),(942,32,NULL,NULL,'2015-05-20',NULL,NULL,351,352,224,21,'A',NULL,NULL,NULL,4,4,0,NULL,'2015-07-13 08:19:23','2015-07-13 08:19:23',NULL),(943,33,NULL,NULL,'2015-06-14',NULL,NULL,381,382,234,22,'A',NULL,NULL,NULL,4,4,0,NULL,'2015-07-13 08:20:18','2015-07-13 08:20:18',NULL),(944,33,NULL,NULL,'2015-06-14',NULL,NULL,381,382,234,22,'A',NULL,NULL,NULL,4,4,0,NULL,'2015-07-13 08:20:18','2015-07-13 08:20:18',NULL),(945,30,NULL,NULL,'2015-06-11',NULL,NULL,231,232,205,23,'A',NULL,NULL,NULL,4,4,0,NULL,'2015-07-13 08:26:14','2015-07-13 08:26:14',NULL),(946,30,NULL,NULL,'2015-06-11',NULL,NULL,231,232,205,23,'A',NULL,NULL,NULL,4,4,0,NULL,'2015-07-13 08:26:14','2015-07-13 08:26:14',NULL),(947,32,NULL,NULL,'2015-06-21',NULL,NULL,345,346,235,24,'A',NULL,NULL,NULL,4,4,0,NULL,'2015-07-13 08:27:16','2015-07-13 08:27:16',NULL),(948,32,NULL,NULL,'2015-06-21',NULL,NULL,345,346,235,24,'A',NULL,NULL,NULL,4,4,0,NULL,'2015-07-13 08:27:16','2015-07-13 08:27:16',NULL),(949,32,NULL,NULL,'2015-06-21',NULL,NULL,345,346,235,24,'A',NULL,NULL,NULL,4,4,0,NULL,'2015-07-13 08:27:16','2015-07-13 08:27:16',NULL),(950,32,NULL,NULL,'2015-06-21',NULL,NULL,345,346,235,24,'A',NULL,NULL,NULL,4,4,0,NULL,'2015-07-13 08:27:16','2015-07-13 08:27:16',NULL),(951,32,NULL,NULL,'2015-06-21',NULL,NULL,345,346,235,24,'A',NULL,NULL,NULL,4,4,0,NULL,'2015-07-13 08:27:16','2015-07-13 08:27:16',NULL),(952,31,NULL,NULL,'2015-06-24',NULL,NULL,326,327,265,25,'A',NULL,NULL,NULL,4,4,0,NULL,'2015-07-13 08:31:19','2015-07-13 08:31:19',NULL),(953,31,NULL,NULL,'2015-06-24',NULL,NULL,326,327,265,25,'A',NULL,NULL,NULL,4,4,0,NULL,'2015-07-13 08:31:19','2015-07-13 08:31:19',NULL),(954,31,NULL,NULL,'2015-06-24',NULL,NULL,326,327,265,25,'A',NULL,NULL,NULL,4,4,0,NULL,'2015-07-13 08:31:19','2015-07-13 08:31:19',NULL),(955,31,NULL,NULL,'2015-06-24',NULL,NULL,326,327,265,25,'A',NULL,NULL,NULL,4,4,0,NULL,'2015-07-13 08:31:19','2015-07-13 08:31:19',NULL),(956,29,NULL,NULL,'2015-06-28',NULL,NULL,163,164,236,26,'A',NULL,NULL,NULL,4,4,0,NULL,'2015-07-13 08:33:54','2015-07-13 08:33:54',NULL),(957,29,NULL,NULL,'2015-06-28',NULL,NULL,163,164,236,26,'A',NULL,NULL,NULL,4,4,0,NULL,'2015-07-13 08:33:54','2015-07-13 08:33:54',NULL),(958,29,NULL,NULL,'2015-06-28',NULL,NULL,163,164,236,26,'A',NULL,NULL,NULL,4,4,0,NULL,'2015-07-13 08:33:54','2015-07-13 08:33:54',NULL),(959,29,NULL,NULL,'2015-06-28',NULL,NULL,163,164,236,26,'A',NULL,NULL,NULL,4,4,0,NULL,'2015-07-13 08:33:54','2015-07-13 08:33:54',NULL),(960,29,NULL,NULL,'2015-06-28',NULL,NULL,163,164,236,26,'A',NULL,NULL,NULL,4,4,0,NULL,'2015-07-13 08:33:54','2015-07-13 08:33:54',NULL),(961,30,NULL,NULL,'2015-06-01',NULL,NULL,234,235,207,27,'A',NULL,NULL,NULL,4,4,0,NULL,'2015-07-13 08:36:55','2015-07-13 08:36:55',NULL),(962,30,NULL,NULL,'2015-06-01',NULL,NULL,234,235,207,27,'A',NULL,NULL,NULL,4,4,0,NULL,'2015-07-13 08:36:55','2015-07-13 08:36:55',NULL),(963,30,NULL,NULL,'2015-06-01',NULL,NULL,234,235,207,27,'A',NULL,NULL,NULL,4,4,0,NULL,'2015-07-13 08:36:55','2015-07-13 08:36:55',NULL),(964,30,NULL,NULL,'2015-06-01',NULL,NULL,234,235,207,27,'A',NULL,NULL,NULL,4,4,0,NULL,'2015-07-13 08:36:55','2015-07-13 08:36:55',NULL),(965,30,NULL,NULL,'2015-06-01',NULL,NULL,234,235,207,27,'A',NULL,NULL,NULL,4,4,0,NULL,'2015-07-13 08:36:55','2015-07-13 08:36:55',NULL),(966,31,NULL,NULL,'2015-06-22',NULL,NULL,328,329,247,28,'A',NULL,NULL,NULL,4,4,0,NULL,'2015-07-13 08:40:08','2015-07-13 08:40:08',NULL),(967,31,NULL,NULL,'2015-06-22',NULL,NULL,328,329,247,28,'A',NULL,NULL,NULL,4,4,0,NULL,'2015-07-13 08:40:08','2015-07-13 08:40:08',NULL),(968,31,NULL,NULL,'2015-06-22',NULL,NULL,328,329,247,28,'A',NULL,NULL,NULL,4,4,0,NULL,'2015-07-13 08:40:08','2015-07-13 08:40:08',NULL),(969,31,NULL,NULL,'2015-06-22',NULL,NULL,328,329,247,28,'A',NULL,NULL,NULL,4,4,0,NULL,'2015-07-13 08:40:08','2015-07-13 08:40:08',NULL),(970,31,NULL,NULL,'2015-06-22',NULL,NULL,328,329,247,28,'A',NULL,NULL,NULL,4,4,0,NULL,'2015-07-13 08:40:08','2015-07-13 08:40:08',NULL),(971,31,NULL,NULL,'2015-06-22',NULL,NULL,328,329,247,28,'A',NULL,NULL,NULL,4,4,0,NULL,'2015-07-13 08:40:08','2015-07-13 08:40:08',NULL),(972,32,NULL,NULL,'2015-06-03',NULL,NULL,353,354,258,29,'A',NULL,NULL,NULL,4,4,0,NULL,'2015-07-13 08:43:18','2015-07-13 08:43:18',NULL),(973,32,NULL,NULL,'2015-06-03',NULL,NULL,353,354,258,29,'A',NULL,NULL,NULL,4,4,0,NULL,'2015-07-13 08:43:18','2015-07-13 08:43:18',NULL),(974,32,NULL,NULL,'2015-06-03',NULL,NULL,353,354,258,29,'A',NULL,NULL,NULL,4,4,0,NULL,'2015-07-13 08:43:18','2015-07-13 08:43:18',NULL),(975,32,NULL,NULL,'2015-06-03',NULL,NULL,353,354,258,29,'A',NULL,NULL,NULL,4,4,0,NULL,'2015-07-13 08:43:18','2015-07-13 08:43:18',NULL),(980,10,NULL,NULL,'2015-06-27',NULL,NULL,415,416,269,31,'A',NULL,NULL,NULL,4,4,0,NULL,'2015-07-13 08:47:21','2015-07-13 08:47:21',NULL),(981,10,NULL,NULL,'2015-06-27',NULL,NULL,415,416,269,31,'A',NULL,NULL,NULL,4,4,0,NULL,'2015-07-13 08:47:21','2015-07-13 08:47:21',NULL),(982,10,NULL,NULL,'2015-06-27',NULL,NULL,415,416,269,31,'A',NULL,NULL,NULL,4,4,0,NULL,'2015-07-13 08:47:21','2015-07-13 08:47:21',NULL),(983,10,NULL,NULL,'2015-06-27',NULL,NULL,415,416,269,31,'A',NULL,NULL,NULL,4,4,0,NULL,'2015-07-13 08:47:21','2015-07-13 08:47:21',NULL),(984,31,NULL,NULL,'2015-06-14',NULL,NULL,334,335,230,32,'A',NULL,NULL,NULL,4,4,0,NULL,'2015-07-13 08:51:34','2015-07-13 08:51:34',NULL),(985,31,NULL,NULL,'2015-06-14',NULL,NULL,334,335,230,32,'A',NULL,NULL,NULL,4,4,0,NULL,'2015-07-13 08:51:34','2015-07-13 08:51:34',NULL),(986,31,NULL,NULL,'2015-06-14',NULL,NULL,334,335,230,32,'A',NULL,NULL,NULL,4,4,0,NULL,'2015-07-13 08:51:34','2015-07-13 08:51:34',NULL),(987,31,NULL,NULL,'2015-06-14',NULL,NULL,334,335,230,32,'A',NULL,NULL,NULL,4,4,0,NULL,'2015-07-13 08:51:34','2015-07-13 08:51:34',NULL),(988,31,NULL,NULL,'2015-06-14',NULL,NULL,334,335,230,32,'A',NULL,NULL,NULL,4,4,0,NULL,'2015-07-13 08:51:34','2015-07-13 08:51:34',NULL),(989,31,NULL,NULL,'2015-06-14',NULL,NULL,334,335,230,32,'A',NULL,NULL,NULL,4,4,0,NULL,'2015-07-13 08:51:34','2015-07-13 08:51:34',NULL),(990,31,NULL,NULL,'2015-06-14',NULL,NULL,334,335,230,32,'A',NULL,NULL,NULL,4,4,0,NULL,'2015-07-13 08:51:34','2015-07-13 08:51:34',NULL),(991,33,NULL,NULL,'2015-06-18',NULL,NULL,383,384,240,33,'A',NULL,NULL,NULL,4,4,0,NULL,'2015-07-13 08:52:20','2015-07-13 08:52:20',NULL),(992,33,NULL,NULL,'2015-06-18',NULL,NULL,383,384,240,33,'A',NULL,NULL,NULL,4,4,0,NULL,'2015-07-13 08:52:20','2015-07-13 08:52:20',NULL),(993,33,NULL,NULL,'2015-06-18',NULL,NULL,383,384,240,33,'A',NULL,NULL,NULL,4,4,0,NULL,'2015-07-13 08:52:20','2015-07-13 08:52:20',NULL),(994,33,NULL,NULL,'2015-06-18',NULL,NULL,383,384,240,33,'A',NULL,NULL,NULL,4,4,0,NULL,'2015-07-13 08:52:20','2015-07-13 08:52:20',NULL),(995,33,NULL,NULL,'2015-06-18',NULL,NULL,383,384,240,33,'A',NULL,NULL,NULL,4,4,0,NULL,'2015-07-13 08:52:20','2015-07-13 08:52:20',NULL),(996,32,NULL,NULL,'2015-05-28',NULL,NULL,347,348,280,34,'A',NULL,NULL,NULL,4,4,0,NULL,'2015-07-13 08:53:09','2015-07-13 08:53:09',NULL),(997,32,NULL,NULL,'2015-05-28',NULL,NULL,347,348,280,34,'A',NULL,NULL,NULL,4,4,0,NULL,'2015-07-13 08:53:09','2015-07-13 08:53:09',NULL),(998,32,NULL,NULL,'2015-05-28',NULL,NULL,347,348,280,34,'A',NULL,NULL,NULL,4,4,0,NULL,'2015-07-13 08:53:09','2015-07-13 08:53:09',NULL),(999,32,NULL,NULL,'2015-05-28',NULL,NULL,347,348,280,34,'A',NULL,NULL,NULL,4,4,0,NULL,'2015-07-13 08:53:09','2015-07-13 08:53:09',NULL),(1000,32,NULL,NULL,'2015-05-28',NULL,NULL,347,348,280,34,'DD',NULL,'2015-05-30',NULL,4,4,0,'','2015-07-13 08:53:09','2015-07-13 08:53:30',NULL),(1001,39,NULL,NULL,'2015-06-07',NULL,NULL,399,400,290,35,'A',NULL,NULL,NULL,4,4,0,NULL,'2015-07-13 08:54:53','2015-07-13 08:54:53',NULL),(1002,39,NULL,NULL,'2015-06-07',NULL,NULL,399,400,290,35,'A',NULL,NULL,NULL,4,4,0,NULL,'2015-07-13 08:54:53','2015-07-13 08:54:53',NULL),(1003,39,NULL,NULL,'2015-06-07',NULL,NULL,399,400,290,35,'A',NULL,NULL,NULL,4,4,0,NULL,'2015-07-13 08:54:53','2015-07-13 08:54:53',NULL),(1004,39,NULL,NULL,'2015-06-07',NULL,NULL,399,400,290,35,'A',NULL,NULL,NULL,4,4,0,NULL,'2015-07-13 08:54:53','2015-07-13 08:54:53',NULL),(1005,39,NULL,NULL,'2015-06-07',NULL,NULL,399,400,290,35,'A',NULL,NULL,NULL,4,4,0,NULL,'2015-07-13 08:54:53','2015-07-13 08:54:53',NULL),(1006,39,NULL,NULL,'2015-06-07',NULL,NULL,399,400,290,35,'A',NULL,NULL,NULL,4,4,0,NULL,'2015-07-13 08:54:53','2015-07-13 08:54:53',NULL),(1007,39,NULL,NULL,'2015-06-07',NULL,NULL,399,400,290,35,'A',NULL,NULL,NULL,4,4,0,NULL,'2015-07-13 08:54:53','2015-07-13 08:54:53',NULL),(1008,12,NULL,NULL,'2015-06-15',NULL,NULL,444,445,310,36,'A',NULL,NULL,NULL,4,4,0,NULL,'2015-07-13 09:38:03','2015-07-13 09:39:59',NULL),(1009,12,NULL,NULL,'2015-06-15',NULL,NULL,444,445,310,36,'A',NULL,NULL,NULL,4,4,0,NULL,'2015-07-13 09:38:03','2015-07-13 09:38:03',NULL),(1010,12,NULL,NULL,'2015-06-15',NULL,NULL,444,445,310,36,'A',NULL,NULL,NULL,4,4,0,NULL,'2015-07-13 09:38:03','2015-07-13 09:38:03',NULL),(1011,12,NULL,NULL,'2015-06-15',NULL,NULL,444,445,310,36,'A',NULL,NULL,NULL,4,4,0,NULL,'2015-07-13 09:38:03','2015-07-13 09:38:03',NULL),(1012,12,NULL,NULL,'2015-06-15',NULL,NULL,444,445,310,36,'A',NULL,NULL,NULL,4,4,0,NULL,'2015-07-13 09:38:03','2015-07-13 09:38:03',NULL),(1013,12,NULL,NULL,'2015-06-15',NULL,NULL,444,445,310,36,'A',NULL,NULL,NULL,4,4,0,NULL,'2015-07-13 09:38:03','2015-07-13 09:38:03',NULL),(1014,12,NULL,NULL,'2015-06-15',NULL,NULL,444,445,310,36,'A',NULL,NULL,NULL,4,4,0,NULL,'2015-07-13 09:38:03','2015-07-13 09:38:03',NULL),(1015,37,NULL,NULL,'2015-06-27',NULL,NULL,112,113,225,37,'A',NULL,NULL,NULL,8,8,0,NULL,'2015-07-14 00:38:41','2015-07-14 00:38:41',NULL),(1016,37,NULL,NULL,'2015-06-27',NULL,NULL,112,113,225,37,'A',NULL,NULL,NULL,8,8,0,NULL,'2015-07-14 00:38:41','2015-07-14 00:38:41',NULL),(1017,37,NULL,NULL,'2015-06-27',NULL,NULL,112,113,225,37,'A',NULL,NULL,NULL,8,8,0,NULL,'2015-07-14 00:38:41','2015-07-14 00:38:41',NULL),(1018,37,NULL,NULL,'2015-06-27',NULL,NULL,112,113,225,37,'A',NULL,NULL,NULL,8,8,0,NULL,'2015-07-14 00:38:41','2015-07-14 00:38:41',NULL),(1019,37,NULL,NULL,'2015-06-27',NULL,NULL,112,113,225,37,'A',NULL,NULL,NULL,8,8,0,NULL,'2015-07-14 00:38:41','2015-07-14 00:38:41',NULL),(1020,37,NULL,NULL,'2015-06-27',NULL,NULL,112,113,NULL,37,'DD',NULL,'2015-07-15',NULL,8,8,0,'','2015-07-14 00:38:41','2015-07-16 08:32:14',NULL),(1021,34,NULL,NULL,'2015-06-20',NULL,NULL,19,20,381,38,'A',NULL,NULL,NULL,8,8,0,NULL,'2015-07-14 03:37:31','2015-07-14 03:37:31',NULL),(1022,34,NULL,NULL,'2015-06-20',NULL,NULL,19,20,381,38,'A',NULL,NULL,NULL,8,8,0,NULL,'2015-07-14 03:37:31','2015-07-14 03:37:31',NULL),(1023,34,NULL,NULL,'2015-06-20',NULL,NULL,19,20,381,38,'A',NULL,NULL,NULL,8,8,0,NULL,'2015-07-14 03:37:31','2015-07-14 03:37:31',NULL),(1024,34,NULL,NULL,'2015-06-20',NULL,NULL,19,20,381,38,'A',NULL,NULL,NULL,8,8,0,NULL,'2015-07-14 03:37:31','2015-07-14 03:37:31',NULL),(1025,22,'8551','F3','2015-05-10','2015-06-15','M',532,533,NULL,39,'A','Black',NULL,NULL,10,10,0,NULL,'2015-07-14 05:32:07','2015-07-14 06:10:02',NULL),(1026,22,'8552','F3','2015-05-10','2015-06-15','M',532,533,NULL,39,'A','Black',NULL,NULL,10,10,0,NULL,'2015-07-14 05:32:08','2015-07-14 06:11:09',NULL),(1027,22,'8553','F3','2015-05-10','2015-06-15','M',532,533,NULL,39,'A','Black',NULL,NULL,10,10,0,NULL,'2015-07-14 05:32:08','2015-07-14 06:11:32',NULL),(1028,22,'8554','F3','2015-05-10','2015-06-15','F',532,533,NULL,39,'A','Black',NULL,NULL,10,10,0,NULL,'2015-07-14 05:32:08','2015-07-14 06:11:54',NULL),(1029,22,'8555','F3','2015-05-10','2015-06-15','M',532,533,NULL,39,'A','Black',NULL,NULL,10,10,0,NULL,'2015-07-14 05:32:08','2015-07-14 06:12:15',NULL),(1030,22,'8556','F3','2015-05-10','2015-06-15','F',532,533,NULL,39,'A','Black',NULL,NULL,10,10,0,NULL,'2015-07-14 05:32:08','2015-07-14 06:12:35',NULL),(1031,22,'8557','F3','2015-05-10','2015-06-15','F',532,533,NULL,39,'A','Black',NULL,NULL,10,10,0,NULL,'2015-07-14 05:32:08','2015-07-14 06:12:58',NULL),(1032,22,'8558','F3','2015-05-10','2015-06-15','F',532,533,NULL,39,'A','Black',NULL,NULL,10,10,0,NULL,'2015-07-14 05:32:08','2015-07-14 06:13:25',NULL),(1033,34,NULL,NULL,'2015-06-11',NULL,NULL,25,26,387,40,'A',NULL,NULL,NULL,8,8,0,NULL,'2015-07-14 06:57:29','2015-07-14 06:57:29',NULL),(1034,34,NULL,NULL,'2015-06-11',NULL,NULL,25,26,387,40,'A',NULL,NULL,NULL,8,8,0,NULL,'2015-07-14 06:57:29','2015-07-14 06:57:29',NULL),(1035,34,NULL,NULL,'2015-06-11',NULL,NULL,25,26,387,40,'A',NULL,NULL,NULL,8,8,0,NULL,'2015-07-14 06:57:29','2015-07-14 06:57:29',NULL),(1036,34,NULL,NULL,'2015-06-11',NULL,NULL,25,26,387,40,'A',NULL,NULL,NULL,8,8,0,NULL,'2015-07-14 06:57:29','2015-07-14 06:57:29',NULL),(1042,34,NULL,NULL,'2015-06-11',NULL,NULL,25,26,387,41,'A',NULL,NULL,NULL,8,8,0,NULL,'2015-07-14 06:57:30','2015-07-14 06:57:30',NULL),(1048,29,NULL,NULL,'2015-05-17',NULL,NULL,157,158,411,43,'A',NULL,NULL,NULL,4,4,0,NULL,'2015-07-14 07:11:13','2015-07-14 07:11:13',NULL),(1049,29,NULL,NULL,'2015-05-17',NULL,NULL,157,158,411,43,'A',NULL,NULL,NULL,4,4,0,NULL,'2015-07-14 07:11:13','2015-07-14 07:11:13',NULL),(1050,29,NULL,NULL,'2015-05-17',NULL,NULL,157,158,411,43,'A',NULL,NULL,NULL,4,4,0,NULL,'2015-07-14 07:11:13','2015-07-14 07:11:13',NULL),(1051,29,NULL,NULL,'2015-05-17',NULL,NULL,157,158,411,43,'A',NULL,NULL,NULL,4,4,0,NULL,'2015-07-14 07:11:13','2015-07-14 07:11:13',NULL),(1052,29,NULL,NULL,'2015-05-25',NULL,NULL,155,156,409,44,'A',NULL,NULL,NULL,4,4,0,NULL,'2015-07-14 07:12:24','2015-07-14 07:12:24',NULL),(1053,29,NULL,NULL,'2015-05-25',NULL,NULL,155,156,409,44,'A',NULL,NULL,NULL,4,4,0,NULL,'2015-07-14 07:12:24','2015-07-14 07:12:24',NULL),(1054,30,NULL,NULL,'2015-06-04',NULL,NULL,269,311,428,45,'A',NULL,NULL,NULL,4,4,0,NULL,'2015-07-14 07:14:10','2015-07-14 07:14:10',NULL),(1055,30,NULL,NULL,'2015-06-04',NULL,NULL,269,311,428,45,'A',NULL,NULL,NULL,4,4,0,NULL,'2015-07-14 07:14:10','2015-07-14 07:14:10',NULL),(1056,30,NULL,NULL,'2015-06-04',NULL,NULL,269,311,428,46,'A',NULL,NULL,NULL,4,4,0,NULL,'2015-07-14 07:14:12','2015-07-14 07:14:12',NULL),(1057,30,NULL,NULL,'2015-06-04',NULL,NULL,269,311,428,46,'A',NULL,NULL,NULL,4,4,0,NULL,'2015-07-14 07:14:12','2015-07-14 07:14:12',NULL),(1058,35,NULL,NULL,'2015-06-17',NULL,NULL,37,36,348,47,'A',NULL,NULL,NULL,8,8,0,NULL,'2015-07-14 07:25:58','2015-07-14 07:25:58',NULL),(1059,35,NULL,NULL,'2015-06-17',NULL,NULL,37,36,348,47,'A',NULL,NULL,NULL,8,8,0,NULL,'2015-07-14 07:25:58','2015-07-14 07:25:58',NULL),(1060,35,NULL,NULL,'2015-06-17',NULL,NULL,37,36,348,47,'A',NULL,NULL,NULL,8,8,0,NULL,'2015-07-14 07:25:58','2015-07-14 07:25:58',NULL),(1061,35,NULL,NULL,'2015-06-17',NULL,NULL,37,36,348,47,'A',NULL,NULL,NULL,8,8,0,NULL,'2015-07-14 07:25:58','2015-07-14 07:25:58',NULL),(1062,35,NULL,NULL,'2015-06-17',NULL,NULL,37,36,348,47,'A',NULL,NULL,NULL,8,8,0,NULL,'2015-07-14 07:25:58','2015-07-14 07:25:58',NULL),(1063,31,NULL,NULL,'2015-06-07',NULL,NULL,324,325,352,48,'A',NULL,NULL,NULL,4,4,0,NULL,'2015-07-14 07:27:31','2015-07-14 07:27:31',NULL),(1064,31,NULL,NULL,'2015-06-07',NULL,NULL,324,325,352,48,'A',NULL,NULL,NULL,4,4,0,NULL,'2015-07-14 07:27:31','2015-07-14 07:27:31',NULL),(1065,31,NULL,NULL,'2015-06-07',NULL,NULL,324,325,352,48,'A',NULL,NULL,NULL,4,4,0,NULL,'2015-07-14 07:27:31','2015-07-14 07:27:31',NULL),(1066,31,NULL,NULL,'2015-06-07',NULL,NULL,324,325,352,48,'A',NULL,NULL,NULL,4,4,0,NULL,'2015-07-14 07:27:31','2015-07-14 07:27:31',NULL),(1067,31,NULL,NULL,'2015-06-07',NULL,NULL,324,325,352,48,'A',NULL,NULL,NULL,4,4,0,NULL,'2015-07-14 07:27:31','2015-07-14 07:27:31',NULL),(1068,31,NULL,NULL,'2015-06-07',NULL,NULL,324,325,352,48,'A',NULL,NULL,NULL,4,4,0,NULL,'2015-07-14 07:27:31','2015-07-14 07:27:31',NULL),(1069,35,'6342','F2','2015-06-04','2015-07-15','M',38,39,424,49,'A','Black',NULL,NULL,8,8,0,NULL,'2015-07-14 07:29:27','2015-07-16 08:09:55',NULL),(1070,35,'6343','F2','2015-06-04','2015-07-15','F',38,39,403,49,'A','Black',NULL,NULL,8,8,0,NULL,'2015-07-14 07:29:27','2015-07-16 08:10:11',NULL),(1071,35,NULL,NULL,'2015-06-28',NULL,NULL,38,39,218,50,'A',NULL,NULL,NULL,8,8,0,NULL,'2015-07-14 07:30:14','2015-07-14 07:30:14',NULL),(1072,35,NULL,NULL,'2015-06-28',NULL,NULL,38,39,218,50,'A',NULL,NULL,NULL,8,8,0,NULL,'2015-07-14 07:30:14','2015-07-14 07:30:14',NULL),(1073,35,NULL,NULL,'2015-06-28',NULL,NULL,38,39,218,50,'A',NULL,NULL,NULL,8,8,0,NULL,'2015-07-14 07:30:14','2015-07-14 07:30:14',NULL),(1074,35,NULL,NULL,'2015-06-28',NULL,NULL,38,39,218,50,'A',NULL,NULL,NULL,8,8,0,NULL,'2015-07-14 07:30:14','2015-07-14 07:30:14',NULL),(1075,35,NULL,NULL,'2015-06-28',NULL,NULL,38,39,218,50,'A',NULL,NULL,NULL,8,8,0,NULL,'2015-07-14 07:30:14','2015-07-14 07:30:14',NULL),(1076,35,NULL,NULL,'2015-06-28',NULL,NULL,38,39,218,50,'A',NULL,NULL,NULL,8,8,0,NULL,'2015-07-14 07:30:14','2015-07-14 07:30:14',NULL),(1077,35,NULL,NULL,'2015-06-25',NULL,NULL,42,43,NULL,51,'DD',NULL,'2015-07-15',NULL,8,8,0,'','2015-07-14 07:32:32','2015-07-16 08:32:42',NULL),(1078,35,NULL,NULL,'2015-06-25',NULL,NULL,42,43,NULL,51,'DD',NULL,'2015-07-15',NULL,8,8,0,'','2015-07-14 07:32:32','2015-07-16 08:32:49',NULL),(1079,35,NULL,NULL,'2015-06-25',NULL,NULL,42,43,NULL,51,'DD',NULL,'2015-07-15',NULL,8,8,0,'','2015-07-14 07:32:32','2015-07-16 08:32:55',NULL),(1080,35,NULL,NULL,'2015-06-25',NULL,NULL,42,43,NULL,51,'DD',NULL,'2015-07-15',NULL,8,8,0,'','2015-07-14 07:32:32','2015-07-16 08:33:02',NULL),(1081,21,NULL,NULL,'2015-06-20',NULL,NULL,64,65,319,52,'A',NULL,NULL,NULL,8,8,0,NULL,'2015-07-14 07:38:06','2015-07-14 07:38:06',NULL),(1082,21,NULL,NULL,'2015-06-20',NULL,NULL,64,65,319,52,'A',NULL,NULL,NULL,8,8,0,NULL,'2015-07-14 07:38:06','2015-07-14 07:38:06',NULL),(1083,21,NULL,NULL,'2015-06-26',NULL,NULL,70,71,305,53,'A',NULL,NULL,NULL,8,8,0,NULL,'2015-07-14 07:40:32','2015-07-14 07:40:32',NULL),(1084,21,NULL,NULL,'2015-06-26',NULL,NULL,70,71,305,53,'A',NULL,NULL,NULL,8,8,0,NULL,'2015-07-14 07:40:32','2015-07-14 07:40:32',NULL),(1085,21,NULL,NULL,'2015-06-26',NULL,NULL,70,71,305,53,'A',NULL,NULL,NULL,8,8,0,NULL,'2015-07-14 07:40:32','2015-07-14 07:40:32',NULL),(1086,21,NULL,NULL,'2015-06-26',NULL,NULL,70,71,305,53,'A',NULL,NULL,NULL,8,8,0,NULL,'2015-07-14 07:40:32','2015-07-14 07:40:32',NULL),(1087,21,NULL,NULL,'2015-06-26',NULL,NULL,70,71,305,53,'A',NULL,NULL,NULL,8,8,0,NULL,'2015-07-14 07:40:32','2015-07-14 07:40:32',NULL),(1088,21,NULL,NULL,'2015-06-24',NULL,NULL,72,73,335,54,'A',NULL,NULL,NULL,8,8,0,NULL,'2015-07-14 07:41:36','2015-07-14 07:41:36',NULL),(1089,21,NULL,NULL,'2015-06-24',NULL,NULL,72,73,335,54,'A',NULL,NULL,NULL,8,8,0,NULL,'2015-07-14 07:41:36','2015-07-14 07:41:36',NULL),(1090,21,NULL,NULL,'2015-06-24',NULL,NULL,72,73,335,54,'A',NULL,NULL,NULL,8,8,0,NULL,'2015-07-14 07:41:36','2015-07-14 07:41:36',NULL),(1091,21,NULL,NULL,'2015-06-24',NULL,NULL,72,73,335,54,'A',NULL,NULL,NULL,8,8,0,NULL,'2015-07-14 07:41:36','2015-07-14 07:41:36',NULL),(1092,21,NULL,NULL,'2015-06-24',NULL,NULL,74,75,395,55,'A',NULL,NULL,NULL,8,8,0,NULL,'2015-07-14 07:42:38','2015-07-14 07:42:38',NULL),(1093,21,NULL,NULL,'2015-06-24',NULL,NULL,74,75,395,55,'A',NULL,NULL,NULL,8,8,0,NULL,'2015-07-14 07:42:38','2015-07-14 07:42:38',NULL),(1094,21,NULL,NULL,'2015-06-24',NULL,NULL,74,75,395,55,'A',NULL,NULL,NULL,8,8,0,NULL,'2015-07-14 07:42:38','2015-07-14 07:42:38',NULL),(1095,21,NULL,NULL,'2015-06-24',NULL,NULL,74,75,395,55,'A',NULL,NULL,NULL,8,8,0,NULL,'2015-07-14 07:42:38','2015-07-14 07:42:38',NULL),(1096,21,NULL,NULL,'2015-06-17',NULL,NULL,78,79,318,56,'A',NULL,NULL,NULL,8,8,0,NULL,'2015-07-14 07:44:44','2015-07-14 07:44:44',NULL),(1097,21,NULL,NULL,'2015-06-17',NULL,NULL,78,79,318,56,'A',NULL,NULL,NULL,8,8,0,NULL,'2015-07-14 07:44:44','2015-07-14 07:44:44',NULL),(1098,21,NULL,NULL,'2015-06-17',NULL,NULL,78,79,318,56,'A',NULL,NULL,NULL,8,8,0,NULL,'2015-07-14 07:44:44','2015-07-14 07:44:44',NULL),(1099,21,NULL,NULL,'2015-06-17',NULL,NULL,78,79,318,56,'A',NULL,NULL,NULL,8,8,0,NULL,'2015-07-14 07:44:44','2015-07-14 07:44:44',NULL),(1100,21,NULL,NULL,'2015-06-17',NULL,NULL,78,79,318,56,'A',NULL,NULL,NULL,8,8,0,NULL,'2015-07-14 07:44:44','2015-07-14 07:44:44',NULL),(1101,21,NULL,NULL,'2015-06-17',NULL,NULL,78,79,318,56,'A',NULL,NULL,NULL,8,8,0,NULL,'2015-07-14 07:44:44','2015-07-14 07:44:44',NULL),(1102,21,NULL,NULL,'2015-06-17',NULL,NULL,78,79,318,56,'A',NULL,NULL,NULL,8,8,0,NULL,'2015-07-14 07:44:44','2015-07-14 07:44:44',NULL),(1103,37,NULL,NULL,'2015-06-17',NULL,NULL,103,102,379,57,'A',NULL,NULL,NULL,8,8,0,NULL,'2015-07-14 08:01:36','2015-07-14 08:01:36',NULL),(1104,37,NULL,NULL,'2015-06-17',NULL,NULL,103,102,379,57,'A',NULL,NULL,NULL,8,8,0,NULL,'2015-07-14 08:01:36','2015-07-14 08:01:36',NULL),(1105,37,NULL,NULL,'2015-06-17',NULL,NULL,103,102,379,57,'A',NULL,NULL,NULL,8,8,0,NULL,'2015-07-14 08:01:36','2015-07-14 08:01:36',NULL),(1106,37,NULL,NULL,'2015-06-17',NULL,NULL,103,102,379,57,'A',NULL,NULL,NULL,8,8,0,NULL,'2015-07-14 08:01:36','2015-07-14 08:01:36',NULL),(1107,37,NULL,NULL,'2015-06-17',NULL,NULL,105,104,389,58,'A',NULL,NULL,NULL,8,8,0,NULL,'2015-07-14 08:02:58','2015-07-14 08:02:58',NULL),(1108,37,NULL,NULL,'2015-06-17',NULL,NULL,105,104,389,58,'A',NULL,NULL,NULL,8,8,0,NULL,'2015-07-14 08:02:58','2015-07-14 08:02:58',NULL),(1109,37,NULL,NULL,'2015-06-17',NULL,NULL,105,104,389,58,'A',NULL,NULL,NULL,8,8,0,NULL,'2015-07-14 08:02:58','2015-07-14 08:02:58',NULL),(1110,37,NULL,NULL,'2015-06-17',NULL,NULL,105,104,389,58,'A',NULL,NULL,NULL,8,8,0,NULL,'2015-07-14 08:02:58','2015-07-14 08:02:58',NULL),(1111,37,NULL,NULL,'2015-06-17',NULL,NULL,105,104,389,58,'A',NULL,NULL,NULL,8,8,0,NULL,'2015-07-14 08:02:58','2015-07-14 08:02:58',NULL),(1112,37,NULL,NULL,'2015-06-17',NULL,NULL,105,104,389,58,'A',NULL,NULL,NULL,8,8,0,NULL,'2015-07-14 08:02:58','2015-07-14 08:02:58',NULL),(1113,37,NULL,NULL,'2015-06-23',NULL,NULL,110,111,353,59,'A',NULL,NULL,NULL,8,8,0,NULL,'2015-07-14 08:04:45','2015-07-14 08:04:45',NULL),(1114,37,NULL,NULL,'2015-06-23',NULL,NULL,110,111,353,59,'A',NULL,NULL,NULL,8,8,0,NULL,'2015-07-14 08:04:45','2015-07-14 08:04:45',NULL),(1115,37,NULL,NULL,'2015-06-23',NULL,NULL,110,111,353,59,'A',NULL,NULL,NULL,8,8,0,NULL,'2015-07-14 08:04:45','2015-07-14 08:04:45',NULL),(1116,37,NULL,NULL,'2015-06-23',NULL,NULL,110,111,353,59,'A',NULL,NULL,NULL,8,8,0,NULL,'2015-07-14 08:04:45','2015-07-14 08:04:45',NULL),(1117,37,NULL,NULL,'2015-06-23',NULL,NULL,110,111,353,59,'A',NULL,NULL,NULL,8,8,0,NULL,'2015-07-14 08:04:45','2015-07-14 08:04:45',NULL),(1118,38,NULL,NULL,'2015-06-22',NULL,NULL,128,129,360,60,'A',NULL,NULL,NULL,8,8,0,NULL,'2015-07-14 08:09:36','2015-07-14 08:09:36',NULL),(1119,38,NULL,NULL,'2015-06-22',NULL,NULL,128,129,360,60,'A',NULL,NULL,NULL,8,8,0,NULL,'2015-07-14 08:09:36','2015-07-14 08:09:36',NULL),(1120,38,NULL,NULL,'2015-06-22',NULL,NULL,128,129,360,60,'A',NULL,NULL,NULL,8,8,0,NULL,'2015-07-14 08:09:36','2015-07-14 08:09:36',NULL),(1121,38,NULL,NULL,'2015-06-22',NULL,NULL,128,129,360,60,'A',NULL,NULL,NULL,8,8,0,NULL,'2015-07-14 08:09:36','2015-07-14 08:09:36',NULL),(1122,38,NULL,NULL,'2015-06-22',NULL,NULL,128,129,360,60,'A',NULL,NULL,NULL,8,8,0,NULL,'2015-07-14 08:09:36','2015-07-14 08:09:36',NULL),(1123,38,NULL,NULL,'2015-06-22',NULL,NULL,128,129,360,60,'A',NULL,NULL,NULL,8,8,0,NULL,'2015-07-14 08:09:36','2015-07-14 08:09:36',NULL),(1124,38,NULL,NULL,'2015-06-04',NULL,NULL,131,130,303,61,'A',NULL,NULL,NULL,8,8,0,NULL,'2015-07-14 08:16:00','2015-07-14 08:16:00',NULL),(1125,38,NULL,NULL,'2015-06-04',NULL,NULL,131,130,303,61,'A',NULL,NULL,NULL,8,8,0,NULL,'2015-07-14 08:16:00','2015-07-14 08:16:00',NULL),(1126,38,NULL,NULL,'2015-06-04',NULL,NULL,131,130,303,61,'A',NULL,NULL,NULL,8,8,0,NULL,'2015-07-14 08:16:00','2015-07-14 08:16:00',NULL),(1127,38,NULL,NULL,'2015-06-04',NULL,NULL,131,130,303,61,'A',NULL,NULL,NULL,8,8,0,NULL,'2015-07-14 08:16:00','2015-07-14 08:16:00',NULL),(1128,38,NULL,NULL,'2015-06-04',NULL,NULL,131,130,303,61,'A',NULL,NULL,NULL,8,8,0,NULL,'2015-07-14 08:16:00','2015-07-14 08:16:00',NULL),(1129,24,'6674','','2015-04-22','2015-05-25','M',759,760,134,NULL,'A','Black',NULL,NULL,3,3,0,NULL,'2015-07-15 06:20:09','2015-07-15 06:20:09',NULL),(1130,49,'6412','F9','2015-05-23','2015-07-01','F',NULL,NULL,134,NULL,'A','black',NULL,NULL,3,3,0,NULL,'2015-07-15 06:21:29','2015-07-15 06:21:29',NULL),(1131,24,'6423','','2015-05-27','2015-07-02','F',759,760,257,NULL,'A','Black',NULL,NULL,3,3,0,NULL,'2015-07-15 06:25:05','2015-07-15 06:25:05',NULL),(1132,24,'6424','','2015-05-27','2015-07-02','F',759,760,397,NULL,'A','Black',NULL,NULL,3,3,0,NULL,'2015-07-15 06:27:51','2015-07-15 06:27:51',NULL),(1133,24,'6425','','2015-05-27','2015-07-02','F',759,760,382,NULL,'A','Black',NULL,NULL,3,3,0,NULL,'2015-07-15 06:31:53','2015-07-15 06:31:53',NULL),(1134,25,'8200','','2015-05-14','2015-06-16','M',645,647,152,NULL,'A','white',NULL,NULL,3,3,0,NULL,'2015-07-15 06:34:54','2015-07-15 06:34:54',NULL),(1135,25,'8199','','2015-05-14','2015-06-16','F',645,647,152,NULL,'A','white',NULL,NULL,3,3,0,NULL,'2015-07-15 06:35:54','2015-07-15 06:35:54',NULL),(1136,25,'8198','','2015-05-14','2015-06-16','M',645,647,156,NULL,'A','white',NULL,NULL,3,3,0,NULL,'2015-07-15 06:38:32','2015-07-15 06:38:32',NULL),(1137,25,'8197','','2015-05-14','2015-06-16','F',645,647,156,NULL,'A','white',NULL,NULL,3,3,0,NULL,'2015-07-15 06:39:08','2015-07-15 06:39:08',NULL),(1138,23,'8594','F8','2015-05-03','2015-06-16','M',836,837,146,NULL,'A','White',NULL,NULL,3,3,0,NULL,'2015-07-15 07:02:44','2015-07-15 07:02:44',NULL),(1139,23,'8592','F8','2015-05-03','2015-06-16','F',836,837,146,NULL,'A','White',NULL,NULL,3,3,0,NULL,'2015-07-15 07:03:29','2015-07-15 07:03:29',NULL),(1140,23,'8595','F8','2015-05-03','2015-06-16','F',836,837,146,NULL,'A','White',NULL,NULL,3,3,0,NULL,'2015-07-15 07:04:16','2015-07-15 07:04:16',NULL),(1141,45,'6117','F2','2015-04-10','2015-05-21','M',697,690,196,62,'A','black',NULL,NULL,3,3,0,NULL,'2015-07-15 07:07:07','2015-07-15 07:08:35',NULL),(1142,45,'6119','F2','2015-04-10','2015-05-21','M',697,690,196,62,'A','black',NULL,NULL,3,3,0,NULL,'2015-07-15 07:07:07','2015-07-15 07:09:51',NULL),(1143,45,'6121','F2','2015-04-10','2015-05-21','F',697,690,118,62,'A','black',NULL,NULL,3,3,0,NULL,'2015-07-15 07:07:07','2015-07-15 07:10:48',NULL),(1144,45,'6122','F2','2015-04-10','2015-05-21','F',697,690,118,62,'A','black',NULL,NULL,3,3,0,NULL,'2015-07-15 07:07:07','2015-07-15 07:10:51',NULL),(1145,45,'6123','F2','2015-04-10','2015-05-21','F',697,690,118,62,'A','black',NULL,NULL,3,3,0,NULL,'2015-07-15 07:07:07','2015-07-15 07:11:13',NULL),(1146,45,'','','2015-04-10',NULL,'M',697,690,NULL,62,'K','black',NULL,NULL,3,3,0,NULL,'2015-07-15 07:07:07','2015-07-15 07:56:09',NULL),(1147,45,'','','2015-04-10',NULL,'M',697,690,NULL,62,'K','black',NULL,NULL,3,3,0,NULL,'2015-07-15 07:07:07','2015-07-15 07:56:18',NULL),(1148,1,NULL,NULL,'2015-05-28',NULL,NULL,819,820,338,63,'DD',NULL,'2015-05-28',NULL,3,3,0,'','2015-07-15 09:38:55','2015-07-15 09:39:52',NULL),(1149,1,NULL,NULL,'2015-05-28',NULL,NULL,819,820,338,63,'DD',NULL,'2015-05-28',NULL,3,3,0,'','2015-07-15 09:38:55','2015-07-15 09:40:01',NULL),(1150,1,NULL,NULL,'2015-05-28',NULL,NULL,819,820,338,63,'DD',NULL,'2015-05-28',NULL,3,3,0,'','2015-07-15 09:38:55','2015-07-15 09:40:09',NULL),(1151,1,NULL,NULL,'2015-05-28',NULL,NULL,819,820,338,63,'DD',NULL,'2015-05-28',NULL,3,3,0,'','2015-07-15 09:38:55','2015-07-15 09:40:24',NULL),(1152,1,NULL,NULL,'2015-05-28',NULL,NULL,819,820,338,63,'DD',NULL,'2015-05-28',NULL,3,3,0,'','2015-07-15 09:38:55','2015-07-15 09:40:16',NULL),(1153,1,NULL,NULL,'2015-05-28',NULL,NULL,819,820,338,63,'DD',NULL,'2015-05-28',NULL,3,3,0,'','2015-07-15 09:38:55','2015-07-15 09:40:32',NULL),(1154,1,NULL,NULL,'2015-05-28',NULL,NULL,819,820,338,63,'DD',NULL,'2015-05-28',NULL,3,3,0,'','2015-07-15 09:38:55','2015-07-15 09:40:39',NULL),(1155,1,NULL,NULL,'2015-05-28',NULL,NULL,819,820,338,63,'DD',NULL,'2015-05-28',NULL,3,3,0,'','2015-07-15 09:38:55','2015-07-15 09:40:47',NULL),(1156,44,'8504','F1','2015-05-28','2015-07-03','M',819,820,197,64,'K','Black','2015-07-15',NULL,3,3,0,'','2015-07-15 09:41:08','2015-07-15 09:47:44',NULL),(1157,44,'8505','F1','2015-05-28','2015-07-03','M',819,820,197,64,'K','Black','2015-07-15',NULL,3,3,0,'','2015-07-15 09:41:08','2015-07-15 09:47:50',NULL),(1158,44,'8507','F1','2015-05-28','2015-07-03','F',819,820,174,64,'A','Black',NULL,NULL,3,3,0,NULL,'2015-07-15 09:41:08','2015-07-15 09:45:08',NULL),(1159,44,'8508','F1','2015-05-28','2015-07-03','F',819,820,174,64,'A','Black',NULL,NULL,3,3,0,NULL,'2015-07-15 09:41:08','2015-07-15 09:45:12',NULL),(1160,44,'8509','F1','2015-05-28','2015-07-03','F',819,820,174,64,'A','Black',NULL,NULL,3,3,0,NULL,'2015-07-15 09:41:08','2015-07-15 09:45:15',NULL),(1161,44,'8510','F1','2015-05-28','2015-07-03','F',819,820,174,64,'A','Black',NULL,NULL,3,3,0,NULL,'2015-07-15 09:41:08','2015-07-15 09:45:18',NULL),(1162,49,'6413','F9','2015-05-23','2015-07-01','F',NULL,NULL,267,NULL,'A','black',NULL,NULL,3,3,0,NULL,'2015-07-16 01:18:52','2015-07-16 01:18:52',NULL),(1163,45,'8204','F1','2015-05-05','2015-06-25','M',697,690,167,65,'A','black',NULL,NULL,3,3,0,NULL,'2015-07-16 01:33:48','2015-07-16 01:44:02',NULL),(1164,45,'8205','F1','2015-05-05','2015-06-25','M',697,690,167,65,'A','black',NULL,NULL,3,3,0,NULL,'2015-07-16 01:33:48','2015-07-16 01:44:25',NULL),(1165,44,'8201','F1','2015-05-05','2015-06-25','F',697,690,168,65,'K','Black','2015-07-15',NULL,3,3,0,'','2015-07-16 01:33:48','2015-07-16 01:37:19',NULL),(1166,44,'8203','F1','2015-05-05','2015-06-25','F',697,690,168,65,'K','Black','2015-07-15',NULL,3,3,0,'','2015-07-16 01:33:48','2015-07-16 01:37:25',NULL),(1167,44,'8206','F1','2015-05-05','2015-06-25','F',697,690,168,65,'K','Black','2015-07-15',NULL,3,3,0,'','2015-07-16 01:33:48','2015-07-16 01:37:31',NULL),(1168,44,'','','2015-05-05',NULL,'M',697,690,NULL,65,'K','Black',NULL,NULL,3,3,0,NULL,'2015-07-16 01:33:48','2015-07-16 01:38:02',NULL),(1169,45,'6174','F2','2015-05-11','2015-06-25','M',701,703,167,66,'A','black',NULL,NULL,3,3,0,NULL,'2015-07-16 01:40:23','2015-07-16 01:46:47',NULL),(1170,44,'6175','F2','2015-05-11','2015-06-25','F',701,703,168,66,'K','Black','2015-07-15',NULL,3,3,0,'','2015-07-16 01:40:23','2015-07-16 01:41:47',NULL),(1171,45,'6407','F2','2015-06-02','2015-07-12','M',699,700,181,67,'A','black',NULL,NULL,3,3,0,NULL,'2015-07-16 01:43:15','2015-07-16 01:48:39',NULL),(1172,45,'6408','F2','2015-06-02','2015-07-12','M',699,700,181,67,'A','black',NULL,NULL,3,3,0,NULL,'2015-07-16 01:43:15','2015-07-16 01:48:44',NULL),(1173,45,'6409','F2','2015-06-02','2015-07-12','M',699,700,181,67,'A','black',NULL,NULL,3,3,0,NULL,'2015-07-16 01:43:15','2015-07-16 01:48:47',NULL),(1174,45,'6410','F2','2015-06-02','2015-07-12','F',699,700,190,67,'A','black',NULL,NULL,3,3,0,NULL,'2015-07-16 01:43:15','2015-07-16 01:49:37',NULL),(1175,45,'6411','F2','2015-06-02','2015-07-12','F',699,700,190,67,'A','black',NULL,NULL,3,3,0,NULL,'2015-07-16 01:43:15','2015-07-16 01:49:40',NULL),(1176,23,'8584','F8','2015-05-02','2015-06-29','M',840,841,138,68,'A','White',NULL,NULL,3,3,0,NULL,'2015-07-16 01:56:11','2015-07-16 01:58:00',NULL),(1177,23,'8585','F8','2015-05-02','2015-06-29','M',840,841,138,68,'A','White',NULL,NULL,3,3,0,NULL,'2015-07-16 01:56:11','2015-07-16 01:57:42',NULL),(1178,23,'8586','F8','2015-05-02','2015-06-29','F',840,841,176,68,'A','White',NULL,NULL,3,3,0,NULL,'2015-07-16 01:56:11','2015-07-16 02:00:14',NULL),(1179,23,'8587','F8','2015-05-02','2015-06-29','F',840,841,176,68,'A','White',NULL,NULL,3,3,0,NULL,'2015-07-16 01:56:11','2015-07-16 02:00:18',NULL),(1180,23,'8588','F8','2015-05-02','2015-06-29','F',840,841,176,68,'A','White',NULL,NULL,3,3,0,NULL,'2015-07-16 01:56:11','2015-07-16 02:00:22',NULL),(1181,23,'8589','F8','2015-05-02','2015-06-29','F',840,841,176,68,'A','White',NULL,NULL,3,3,0,NULL,'2015-07-16 01:56:11','2015-07-16 02:00:25',NULL),(1182,23,'8590','F8','2015-05-02','2015-06-29','F',840,841,176,68,'A','White',NULL,NULL,3,3,0,NULL,'2015-07-16 01:56:11','2015-07-16 02:00:28',NULL),(1183,23,'8591','F8','2015-05-02','2015-06-29','F',840,841,176,68,'A','White',NULL,NULL,3,3,0,NULL,'2015-07-16 01:56:11','2015-07-16 02:00:31',NULL),(1184,23,'8597','F8','2015-05-14','2015-07-01','M',838,839,123,69,'A','White',NULL,NULL,3,3,0,NULL,'2015-07-16 02:02:00','2015-07-16 02:04:26',NULL),(1185,23,'8598','F8','2015-05-14','2015-07-01','M',838,839,123,69,'A','White',NULL,NULL,3,3,0,NULL,'2015-07-16 02:02:00','2015-07-16 02:04:31',NULL),(1186,23,'8599','F8','2015-05-14','2015-07-01','M',838,839,123,69,'A','White',NULL,NULL,3,3,0,NULL,'2015-07-16 02:02:00','2015-07-16 02:04:34',NULL),(1187,23,'8600','F8','2015-05-14','2015-07-01','F',838,839,183,69,'A','White',NULL,NULL,3,3,0,NULL,'2015-07-16 02:02:00','2015-07-16 02:04:50',NULL),(1188,23,'8501','F8','2015-05-14','2015-07-01','F',838,839,183,69,'A','White',NULL,NULL,3,3,0,NULL,'2015-07-16 02:02:00','2015-07-16 02:05:21',NULL),(1189,23,'8502','F8','2015-05-14','2015-07-01','F',838,839,183,69,'A','White',NULL,NULL,3,3,0,NULL,'2015-07-16 02:02:00','2015-07-16 02:05:24',NULL),(1190,7,'6364','F5','2015-06-08','2015-07-08','M',178,177,344,NULL,'A','Black',NULL,NULL,2,2,0,NULL,'2015-07-16 02:29:22','2015-07-16 02:31:11',NULL),(1191,7,'6365','F5','2015-06-08','2015-07-08','M',178,177,344,NULL,'A','Black',NULL,NULL,2,2,0,NULL,'2015-07-16 02:30:31','2015-07-16 02:30:31',NULL),(1192,27,'8243','F8','2015-05-18','2015-06-25','M',16,NULL,427,NULL,'A','Black',NULL,NULL,4,4,0,NULL,'2015-07-16 02:42:46','2015-07-16 02:42:46',NULL),(1193,24,'6585','F3','2015-04-21','2015-05-21','M',NULL,NULL,368,NULL,'A','Black',NULL,NULL,2,2,0,NULL,'2015-07-16 03:18:32','2015-07-16 03:18:32',NULL),(1194,24,'6600','F3','2015-05-13','2015-06-13','F',NULL,NULL,354,NULL,'A','Black',NULL,NULL,2,2,0,NULL,'2015-07-16 03:22:02','2015-07-16 09:33:03',NULL),(1195,10,'8113','F3','2015-05-13','2015-06-13','M',218,215,354,NULL,'A','Black',NULL,NULL,2,2,0,NULL,'2015-07-16 03:22:06','2015-07-16 03:22:06',NULL),(1196,11,'2963','F4','2013-12-30','2014-01-30','M',NULL,NULL,333,NULL,'K','Black','2015-07-15',NULL,2,2,0,'','2015-07-16 03:40:45','2015-07-16 03:42:56',NULL),(1197,24,'6305','F4','2014-01-28','2014-02-28','F',NULL,NULL,333,NULL,'K','Black','2015-07-15',NULL,2,2,0,'','2015-07-16 03:41:53','2015-07-16 03:43:02',NULL),(1198,11,'8125','F5','2015-04-15','2015-05-15','M',1196,1197,380,NULL,'A','Black',NULL,NULL,2,2,0,NULL,'2015-07-16 07:16:26','2015-07-16 07:16:26',NULL),(1199,24,'6597','F5','2015-05-15','2015-06-15','F',NULL,NULL,380,NULL,'A','Black',NULL,NULL,2,2,0,NULL,'2015-07-16 07:17:29','2015-07-16 09:37:20',NULL),(1200,11,'6401','F5','2015-04-15','2015-05-15','M',1196,1197,309,NULL,'A','Black',NULL,NULL,2,2,0,NULL,'2015-07-16 07:18:36','2015-07-16 07:20:36',NULL),(1202,11,'6404','F5','2015-04-15','2015-05-15','F',1196,1197,373,NULL,'A','Black',NULL,NULL,2,2,0,NULL,'2015-07-16 07:22:14','2015-07-16 07:22:38',NULL),(1203,24,'6587','F5','2015-03-03','2015-04-03','F',NULL,NULL,333,NULL,'A','Black',NULL,NULL,2,2,0,NULL,'2015-07-16 07:26:56','2015-07-16 07:27:23',NULL),(1204,11,'5466','F5','2014-12-19','2015-01-20','M',1196,1197,333,NULL,'A','Black',NULL,NULL,2,2,0,NULL,'2015-07-16 07:27:08','2015-07-16 07:27:08',NULL),(1205,12,NULL,NULL,'2015-07-03',NULL,NULL,264,262,365,70,'A',NULL,NULL,NULL,2,2,0,NULL,'2015-07-16 07:29:51','2015-07-16 07:29:51',NULL),(1206,12,NULL,NULL,'2015-07-03',NULL,NULL,264,262,365,70,'A',NULL,NULL,NULL,2,2,0,NULL,'2015-07-16 07:29:51','2015-07-16 07:29:51',NULL),(1207,12,NULL,NULL,'2015-07-03',NULL,NULL,264,262,365,70,'A',NULL,NULL,NULL,2,2,0,NULL,'2015-07-16 07:29:51','2015-07-16 07:29:51',NULL),(1208,12,NULL,NULL,'2015-07-03',NULL,NULL,264,262,365,70,'A',NULL,NULL,NULL,2,2,0,NULL,'2015-07-16 07:29:51','2015-07-16 07:29:51',NULL),(1209,12,NULL,NULL,'2015-07-03',NULL,NULL,264,262,365,70,'A',NULL,NULL,NULL,2,2,0,NULL,'2015-07-16 07:29:51','2015-07-16 07:29:51',NULL),(1210,12,NULL,NULL,'2015-07-03',NULL,NULL,264,262,NULL,71,'DD',NULL,'2015-07-16',NULL,2,2,0,'','2015-07-16 07:29:53','2015-07-16 07:31:06',NULL),(1211,12,NULL,NULL,'2015-07-03',NULL,NULL,264,262,NULL,71,'DD',NULL,'2015-07-16',NULL,2,2,0,'','2015-07-16 07:29:53','2015-07-16 07:34:03',NULL),(1212,12,NULL,NULL,'2015-07-03',NULL,NULL,264,262,NULL,71,'DD',NULL,'2015-07-16',NULL,2,2,0,'','2015-07-16 07:29:53','2015-07-16 07:33:51',NULL),(1213,12,NULL,NULL,'2015-07-03',NULL,NULL,264,262,NULL,71,'DD',NULL,'2015-07-16',NULL,2,2,0,'','2015-07-16 07:29:53','2015-07-16 07:33:32',NULL),(1214,12,NULL,NULL,'2015-07-03',NULL,NULL,264,262,NULL,71,'DD',NULL,'2015-07-16',NULL,2,2,0,'','2015-07-16 07:29:53','2015-07-16 07:33:38',NULL),(1215,34,NULL,NULL,'2015-07-06',NULL,NULL,27,28,211,72,'A',NULL,NULL,NULL,8,8,0,NULL,'2015-07-16 08:11:42','2015-07-16 08:11:42',NULL),(1216,34,NULL,NULL,'2015-07-06',NULL,NULL,27,28,211,72,'A',NULL,NULL,NULL,8,8,0,NULL,'2015-07-16 08:11:42','2015-07-16 08:11:42',NULL),(1217,34,NULL,NULL,'2015-07-06',NULL,NULL,27,28,211,72,'A',NULL,NULL,NULL,8,8,0,NULL,'2015-07-16 08:11:42','2015-07-16 08:11:42',NULL),(1218,34,NULL,NULL,'2015-07-06',NULL,NULL,27,28,211,72,'A',NULL,NULL,NULL,8,8,0,NULL,'2015-07-16 08:11:42','2015-07-16 08:11:42',NULL),(1219,34,NULL,NULL,'2015-07-06',NULL,NULL,27,28,211,72,'A',NULL,NULL,NULL,8,8,0,NULL,'2015-07-16 08:11:42','2015-07-16 08:11:42',NULL),(1220,34,NULL,NULL,'2015-07-06',NULL,NULL,27,28,211,72,'A',NULL,NULL,NULL,8,8,0,NULL,'2015-07-16 08:11:42','2015-07-16 08:11:42',NULL),(1221,34,NULL,NULL,'2015-07-06',NULL,NULL,27,28,211,72,'A',NULL,NULL,NULL,8,8,0,NULL,'2015-07-16 08:11:42','2015-07-16 08:11:42',NULL),(1222,21,NULL,NULL,'2015-07-09',NULL,NULL,68,69,429,73,'A',NULL,NULL,NULL,8,8,0,NULL,'2015-07-16 08:14:13','2015-07-16 08:14:13',NULL),(1223,21,NULL,NULL,'2015-07-09',NULL,NULL,68,69,429,73,'A',NULL,NULL,NULL,8,8,0,NULL,'2015-07-16 08:14:13','2015-07-16 08:14:13',NULL),(1224,21,NULL,NULL,'2015-07-09',NULL,NULL,68,69,429,73,'A',NULL,NULL,NULL,8,8,0,NULL,'2015-07-16 08:14:13','2015-07-16 08:14:13',NULL),(1225,21,NULL,NULL,'2015-07-09',NULL,NULL,68,69,429,73,'A',NULL,NULL,NULL,8,8,0,NULL,'2015-07-16 08:14:13','2015-07-16 08:14:13',NULL),(1226,21,NULL,NULL,'2015-07-09',NULL,NULL,68,69,429,73,'A',NULL,NULL,NULL,8,8,0,NULL,'2015-07-16 08:14:13','2015-07-16 08:14:13',NULL),(1227,21,NULL,NULL,'2015-07-09',NULL,NULL,68,69,429,73,'A',NULL,NULL,NULL,8,8,0,NULL,'2015-07-16 08:14:13','2015-07-16 08:14:13',NULL),(1228,21,NULL,NULL,'2015-07-09',NULL,NULL,68,69,429,73,'A',NULL,NULL,NULL,8,8,0,NULL,'2015-07-16 08:14:13','2015-07-16 08:14:13',NULL),(1229,21,NULL,NULL,'2015-06-30',NULL,NULL,76,77,250,74,'A',NULL,NULL,NULL,8,8,0,NULL,'2015-07-16 08:14:52','2015-07-16 08:14:52',NULL),(1230,21,NULL,NULL,'2015-06-30',NULL,NULL,76,77,250,74,'A',NULL,NULL,NULL,8,8,0,NULL,'2015-07-16 08:14:52','2015-07-16 08:14:52',NULL),(1231,21,NULL,NULL,'2015-06-30',NULL,NULL,76,77,250,74,'A',NULL,NULL,NULL,8,8,0,NULL,'2015-07-16 08:14:52','2015-07-16 08:14:52',NULL),(1232,21,NULL,NULL,'2015-06-30',NULL,NULL,76,77,250,74,'A',NULL,NULL,NULL,8,8,0,NULL,'2015-07-16 08:14:52','2015-07-16 08:14:52',NULL),(1233,21,NULL,NULL,'2015-06-30',NULL,NULL,76,77,250,74,'A',NULL,NULL,NULL,8,8,0,NULL,'2015-07-16 08:14:52','2015-07-16 08:14:52',NULL),(1234,21,NULL,NULL,'2015-06-30',NULL,NULL,76,77,250,74,'A',NULL,NULL,NULL,8,8,0,NULL,'2015-07-16 08:14:52','2015-07-16 08:14:52',NULL),(1235,21,NULL,NULL,'2015-06-30',NULL,NULL,76,77,250,74,'A',NULL,NULL,NULL,8,8,0,NULL,'2015-07-16 08:14:52','2015-07-16 08:14:52',NULL),(1236,12,'6403','F5','2015-04-03','2015-05-03','M',264,262,308,NULL,'A','Black',NULL,NULL,2,2,0,NULL,'2015-07-16 08:15:24','2015-07-16 08:21:44',NULL),(1237,21,NULL,NULL,'2015-07-03',NULL,NULL,80,81,358,75,'A',NULL,NULL,NULL,8,8,0,NULL,'2015-07-16 08:15:37','2015-07-16 08:15:37',NULL),(1238,21,NULL,NULL,'2015-07-03',NULL,NULL,80,81,358,75,'A',NULL,NULL,NULL,8,8,0,NULL,'2015-07-16 08:15:37','2015-07-16 08:15:37',NULL),(1239,21,NULL,NULL,'2015-07-03',NULL,NULL,80,81,358,75,'A',NULL,NULL,NULL,8,8,0,NULL,'2015-07-16 08:15:37','2015-07-16 08:15:37',NULL),(1240,21,NULL,NULL,'2015-07-03',NULL,NULL,80,81,358,75,'A',NULL,NULL,NULL,8,8,0,NULL,'2015-07-16 08:15:37','2015-07-16 08:15:37',NULL),(1241,21,NULL,NULL,'2015-07-03',NULL,NULL,80,81,358,75,'A',NULL,NULL,NULL,8,8,0,NULL,'2015-07-16 08:15:37','2015-07-16 08:15:37',NULL),(1242,21,NULL,NULL,'2015-07-03',NULL,NULL,80,81,358,75,'A',NULL,NULL,NULL,8,8,0,NULL,'2015-07-16 08:15:37','2015-07-16 08:15:37',NULL),(1243,21,NULL,NULL,'2015-07-03',NULL,NULL,80,81,358,75,'A',NULL,NULL,NULL,8,8,0,NULL,'2015-07-16 08:15:37','2015-07-16 08:15:37',NULL),(1244,36,NULL,NULL,'2015-07-15',NULL,NULL,94,93,337,76,'A',NULL,NULL,NULL,8,8,0,NULL,'2015-07-16 08:16:03','2015-07-16 08:16:03',NULL),(1245,37,NULL,NULL,'2015-07-07',NULL,NULL,108,109,391,77,'A',NULL,NULL,NULL,8,8,0,NULL,'2015-07-16 08:16:33','2015-07-16 08:16:33',NULL),(1246,37,NULL,NULL,'2015-07-07',NULL,NULL,108,109,391,77,'A',NULL,NULL,NULL,8,8,0,NULL,'2015-07-16 08:16:33','2015-07-16 08:16:33',NULL),(1247,37,NULL,NULL,'2015-07-07',NULL,NULL,108,109,391,77,'A',NULL,NULL,NULL,8,8,0,NULL,'2015-07-16 08:16:33','2015-07-16 08:16:33',NULL),(1248,37,NULL,NULL,'2015-07-07',NULL,NULL,108,109,391,77,'A',NULL,NULL,NULL,8,8,0,NULL,'2015-07-16 08:16:33','2015-07-16 08:16:33',NULL),(1249,37,NULL,NULL,'2015-07-07',NULL,NULL,108,109,391,77,'A',NULL,NULL,NULL,8,8,0,NULL,'2015-07-16 08:16:33','2015-07-16 08:16:33',NULL),(1250,37,NULL,NULL,'2015-07-07',NULL,NULL,108,109,391,77,'A',NULL,NULL,NULL,8,8,0,NULL,'2015-07-16 08:16:33','2015-07-16 08:16:33',NULL),(1251,37,NULL,NULL,'2015-07-15',NULL,NULL,115,114,377,78,'A',NULL,NULL,NULL,8,8,0,NULL,'2015-07-16 08:17:21','2015-07-16 08:17:21',NULL),(1252,37,NULL,NULL,'2015-07-15',NULL,NULL,115,114,377,78,'A',NULL,NULL,NULL,8,8,0,NULL,'2015-07-16 08:17:21','2015-07-16 08:17:21',NULL),(1253,37,NULL,NULL,'2015-07-15',NULL,NULL,115,114,377,78,'A',NULL,NULL,NULL,8,8,0,NULL,'2015-07-16 08:17:21','2015-07-16 08:17:21',NULL),(1254,37,NULL,NULL,'2015-07-15',NULL,NULL,115,114,377,78,'A',NULL,NULL,NULL,8,8,0,NULL,'2015-07-16 08:17:21','2015-07-16 08:17:21',NULL),(1255,24,'6590','F5','2015-05-03','2015-06-06','F',NULL,NULL,308,NULL,'A','Black',NULL,NULL,2,2,0,NULL,'2015-07-16 08:20:04','2015-07-16 09:39:36',NULL),(1256,24,'6589','F5','2015-05-03','2015-06-06','F',NULL,NULL,308,NULL,'A','Black',NULL,NULL,2,2,0,NULL,'2015-07-16 08:20:08','2015-07-16 09:39:24',NULL),(1257,34,NULL,NULL,'2015-07-05',NULL,NULL,31,33,NULL,79,'DD',NULL,'2015-07-15',NULL,8,8,0,'','2015-07-16 08:33:49','2015-07-16 08:33:58',NULL);
/*!40000 ALTER TABLE `mice` ENABLE KEYS */;
UNLOCK TABLES;

--
-- Table structure for table `mice_alleles`
--

DROP TABLE IF EXISTS `mice_alleles`;
/*!40101 SET @saved_cs_client     = @@character_set_client */;
/*!40101 SET character_set_client = utf8 */;
CREATE TABLE `mice_alleles` (
  `mouse_id` int(11) DEFAULT NULL,
  `allele_id` int(11) DEFAULT NULL
) ENGINE=InnoDB DEFAULT CHARSET=utf8 COLLATE=utf8_unicode_ci;
/*!40101 SET character_set_client = @saved_cs_client */;

--
-- Dumping data for table `mice_alleles`
--

LOCK TABLES `mice_alleles` WRITE;
/*!40000 ALTER TABLE `mice_alleles` DISABLE KEYS */;
INSERT INTO `mice_alleles` VALUES (6,72),(7,72),(8,72),(9,72),(10,72),(11,72),(12,72),(13,72),(14,72),(16,72),(19,87),(21,87),(23,87),(25,87),(27,87),(29,87),(30,87),(31,87),(34,87),(36,90),(38,90),(40,90),(42,90),(44,91),(45,91),(46,90),(48,90),(50,90),(51,92),(52,91),(53,91),(54,91),(56,90),(57,90),(58,33),(58,36),(58,68),(59,32),(59,35),(59,68),(60,33),(60,36),(60,68),(61,33),(61,35),(61,68),(62,32),(62,35),(62,68),(63,32),(63,35),(63,68),(64,32),(64,35),(64,68),(65,32),(65,35),(65,68),(66,32),(66,35),(66,68),(68,32),(68,35),(68,68),(70,32),(70,35),(70,68),(71,33),(71,35),(71,68),(72,32),(72,35),(72,68),(73,33),(73,35),(73,68),(74,32),(74,35),(74,68),(75,33),(75,35),(75,68),(76,32),(76,35),(76,68),(77,33),(77,36),(77,68),(78,32),(78,35),(78,68),(79,33),(79,36),(79,68),(80,32),(80,35),(80,68),(81,32),(81,35),(81,68),(82,32),(82,35),(82,68),(83,33),(83,36),(83,68),(84,68),(85,68),(86,68),(87,93),(89,93),(91,93),(93,93),(95,95),(96,93),(97,93),(99,95),(100,95),(101,95),(102,96),(104,97),(106,96),(108,96),(110,96),(112,96),(114,96),(116,96),(118,98),(119,98),(120,98),(121,96),(122,100),(124,99),(126,100),(128,100),(130,100),(136,99),(139,99),(141,72),(150,72),(153,75),(154,75),(155,75),(157,75),(159,75),(160,75),(161,75),(162,75),(164,75),(165,75),(166,75),(168,55),(173,55),(174,55),(175,55),(178,25),(180,25),(181,25),(182,25),(183,25),(184,25),(185,25),(186,25),(187,25),(192,28),(193,28),(169,55),(195,28),(196,28),(204,28),(205,28),(206,31),(207,31),(209,31),(210,31),(55,92),(218,38),(218,34),(218,37),(219,38),(219,34),(219,37),(220,38),(220,34),(220,37),(221,38),(221,34),(221,37),(222,34),(222,37),(223,34),(223,37),(224,34),(224,37),(225,34),(225,37),(226,34),(226,37),(227,72),(229,69),(230,69),(231,78),(232,78),(233,68),(234,78),(235,78),(236,68),(237,69),(238,69),(239,68),(240,69),(241,69),(242,69),(243,69),(244,69),(245,69),(246,69),(247,69),(248,69),(249,69),(135,100),(138,101),(140,101),(264,32),(264,35),(269,78),(252,32),(252,35),(252,42),(255,32),(255,35),(255,42),(251,32),(251,35),(251,42),(264,46),(283,33),(283,36),(283,46),(288,50),(289,50),(290,50),(292,50),(295,50),(296,50),(297,50),(298,50),(299,61),(300,61),(301,61),(302,61),(303,61),(304,61),(305,61),(306,61),(307,61),(308,61),(309,61),(310,61),(312,78),(313,78),(314,78),(316,78),(318,81),(319,81),(320,81),(321,81),(322,81),(323,81),(324,81),(325,81),(326,81),(327,81),(328,81),(329,81),(330,81),(331,81),(332,81),(335,81),(336,5),(336,14),(337,81),(340,81),(342,81),(343,81),(344,81),(346,84),(347,84),(349,84),(350,84),(351,84),(352,84),(353,84),(354,84),(355,84),(358,84),(359,84),(360,84),(361,84),(362,84),(363,5),(363,14),(364,5),(364,14),(365,5),(365,14),(366,5),(366,7),(366,13),(367,5),(367,7),(367,13),(368,5),(368,7),(368,11),(369,5),(369,7),(369,13),(370,5),(370,7),(370,13),(371,5),(371,7),(371,13),(372,5),(372,7),(372,13),(373,5),(373,7),(373,13),(374,5),(374,7),(374,13),(375,110),(376,110),(377,110),(378,110),(379,110),(382,110),(383,110),(384,110),(385,110),(386,110),(388,110),(390,110),(391,110),(392,110),(393,110),(394,110),(395,110),(396,110),(397,110),(398,110),(399,38),(399,34),(399,37),(400,84),(401,38),(401,32),(401,35),(401,84),(402,32),(402,35),(402,84),(403,32),(403,35),(404,32),(404,35),(405,32),(405,35),(406,32),(406,35),(407,32),(407,35),(408,32),(408,35),(410,34),(410,37),(415,34),(415,37),(416,32),(416,35),(417,34),(417,37),(418,32),(418,35),(419,32),(419,35),(420,32),(420,35),(421,32),(421,35),(422,33),(422,37),(422,42),(423,33),(423,37),(423,42),(424,33),(424,37),(424,42),(425,33),(425,37),(425,42),(426,33),(426,37),(426,42),(427,33),(427,37),(427,42),(428,32),(428,37),(428,42),(429,32),(429,37),(429,42),(430,33),(430,37),(431,34),(431,37),(432,34),(432,37),(433,33),(433,37),(433,42),(434,34),(434,37),(435,32),(435,35),(435,42),(436,32),(436,35),(436,42),(437,32),(437,35),(437,42),(438,32),(438,35),(438,42),(440,34),(440,37),(440,46),(442,34),(442,37),(442,46),(444,34),(444,37),(444,46),(446,32),(446,35),(446,46),(447,32),(447,35),(447,46),(448,32),(448,35),(448,46),(449,32),(449,35),(449,46),(450,32),(450,35),(450,46),(451,32),(451,35),(451,46),(452,32),(452,35),(452,46),(453,32),(453,35),(453,46),(454,32),(454,35),(454,46),(455,32),(455,35),(455,46),(456,32),(456,35),(456,46),(457,32),(457,35),(457,46),(458,32),(458,35),(458,46),(459,32),(459,35),(459,46),(460,32),(460,35),(460,46),(461,32),(461,35),(461,46),(462,95),(84,32),(84,35),(85,32),(85,35),(86,32),(86,35),(233,33),(233,36),(236,33),(236,36),(239,33),(239,36),(463,5),(463,7),(463,13),(465,5),(465,7),(465,13),(466,5),(466,7),(466,13),(468,5),(468,7),(468,13),(469,5),(469,7),(469,13),(470,5),(470,7),(470,13),(471,5),(471,7),(471,13),(472,5),(472,7),(472,13),(473,5),(473,7),(473,13),(474,5),(474,7),(474,13),(475,5),(475,7),(475,13),(476,5),(476,7),(476,13),(477,5),(477,7),(477,13),(478,5),(478,7),(478,13),(479,5),(479,7),(479,13),(480,5),(480,7),(480,13),(481,5),(481,7),(481,13),(482,5),(482,7),(482,13),(483,5),(483,7),(483,13),(484,5),(484,7),(484,13),(486,5),(486,7),(486,13),(487,5),(487,7),(487,13),(488,5),(488,7),(488,13),(489,69),(490,69),(491,69),(492,69),(493,81),(495,84),(496,84),(497,110),(499,34),(499,37),(500,33),(500,37),(500,42),(501,33),(501,37),(501,42),(502,34),(502,37),(502,42),(503,33),(503,37),(504,32),(504,35),(505,32),(505,35),(507,32),(507,35),(507,42),(508,32),(508,35),(508,42),(509,102),(510,102),(511,102),(512,102),(513,102),(514,66),(515,66),(516,66),(517,66),(518,66),(518,51),(519,66),(519,51),(520,51),(521,102),(522,66),(523,66),(523,51),(524,66),(524,51),(525,66),(525,51),(526,66),(526,51),(527,66),(527,51),(528,66),(528,51),(529,102),(530,102),(531,102),(532,66),(533,66),(536,66),(537,66),(538,59),(540,102),(541,102),(542,102),(543,102),(544,59),(545,59),(546,59),(550,59),(551,59),(552,59),(553,59),(554,12),(555,13),(556,13),(557,12),(558,13),(559,13),(560,13),(561,13),(562,13),(563,13),(564,9),(565,9),(566,9),(567,9),(568,9),(569,9),(570,9),(571,9),(572,9),(573,9),(574,9),(575,9),(576,66),(577,66),(578,66),(579,66),(580,66),(581,66),(582,66),(583,58),(584,57),(585,57),(586,57),(587,32),(587,35),(588,32),(588,35),(589,32),(589,35),(589,42),(590,32),(590,35),(591,32),(591,35),(591,42),(592,32),(592,35),(592,42),(593,32),(593,35),(594,32),(594,35),(594,42),(595,32),(595,35),(595,42),(596,32),(596,35),(596,42),(597,32),(597,35),(597,42),(598,32),(598,35),(599,32),(599,35),(600,57),(601,57),(602,57),(603,57),(604,57),(605,57),(606,57),(610,53),(611,53),(613,53),(614,53),(615,53),(616,53),(617,53),(618,53),(619,53),(620,53),(621,53),(622,53),(623,53),(624,53),(625,53),(626,120),(628,120),(629,120),(630,120),(633,18),(636,18),(640,18),(641,18),(643,18),(644,18),(646,18),(652,18),(653,18),(660,18),(663,18),(664,18),(665,18),(666,18),(671,18),(15,73),(403,40),(404,40),(405,40),(406,40),(407,40),(408,40),(402,39),(410,39),(415,40),(416,39),(417,39),(418,40),(419,39),(420,40),(421,39),(593,43),(598,43),(599,43),(588,43),(587,44),(590,43),(430,43),(431,43),(432,43),(499,43),(503,43),(504,43),(505,43),(434,43),(677,72),(679,18),(681,18),(683,18),(685,18),(687,18),(690,108),(692,108),(693,108),(696,108),(700,108),(703,108),(704,38),(704,32),(704,35),(704,84),(705,38),(705,32),(705,35),(705,84),(706,69),(709,69),(710,69),(712,69),(715,69),(716,69),(718,69),(719,69),(720,69),(721,69),(722,69),(723,69),(724,69),(725,69),(726,69),(729,113),(729,35),(728,33),(729,34),(730,113),(730,33),(730,35),(731,113),(731,34),(731,35),(732,113),(732,34),(732,35),(733,113),(733,34),(733,35),(734,113),(734,33),(734,35),(735,113),(735,33),(735,35),(736,113),(736,33),(736,35),(737,113),(737,34),(737,35),(738,113),(738,33),(738,35),(739,113),(739,34),(739,35),(740,113),(740,33),(740,35),(742,113),(742,34),(742,35),(743,113),(743,33),(743,35),(744,113),(744,33),(744,35),(746,113),(746,33),(746,35),(748,113),(748,33),(748,35),(750,113),(750,33),(750,35),(753,113),(753,33),(753,35),(754,113),(754,34),(754,35),(755,113),(755,33),(755,35),(780,93),(781,87),(783,87),(785,87),(787,87),(788,87),(796,32),(796,35),(796,68),(797,32),(797,35),(797,68),(798,32),(798,35),(798,68),(799,32),(799,35),(799,68),(800,32),(800,35),(800,68),(801,32),(801,35),(801,42),(802,32),(802,35),(802,68),(803,32),(803,35),(803,68),(804,32),(804,35),(804,68),(805,32),(805,35),(805,68),(806,32),(806,35),(806,68),(807,32),(807,35),(807,68),(808,32),(808,35),(808,68),(809,32),(809,35),(809,68),(810,32),(810,35),(810,68),(811,32),(811,35),(811,68),(812,32),(812,35),(812,68),(813,32),(813,35),(813,68),(814,32),(814,35),(814,68),(815,32),(815,35),(815,68),(816,32),(816,35),(816,68),(817,32),(817,35),(817,68),(819,106),(823,106),(825,106),(826,106),(827,106),(828,108),(829,108),(830,108),(831,69),(834,69),(835,69),(836,69),(837,69),(838,69),(839,69),(840,69),(841,69),(842,69),(843,69),(844,69),(845,69),(846,66),(852,66),(853,66),(854,66),(856,66),(857,66),(858,66),(859,66),(860,66),(855,67),(520,67),(874,102),(875,102),(876,102),(877,102),(878,66),(879,66),(880,66),(881,66),(882,66),(883,66),(387,110),(1025,66),(1025,52),(1026,67),(1026,52),(1027,67),(1027,52),(1028,67),(1028,52),(1029,67),(1029,52),(1030,66),(1030,51),(1031,67),(1031,50),(1032,67),(1032,52),(1130,113),(1130,33),(1130,37),(722,33),(722,37),(719,33),(719,37),(720,37),(721,33),(721,37),(720,34),(718,33),(718,37),(1138,69),(1139,69),(1140,69),(1141,108),(1142,108),(1143,108),(1144,108),(1145,108),(1156,107),(1157,107),(1158,106),(1159,106),(1160,106),(1161,106),(1162,113),(1162,34),(1162,37),(727,33),(727,37),(727,71),(728,115),(728,37),(1165,107),(1166,106),(1167,107),(1170,107),(1163,108),(1164,108),(1169,108),(1171,108),(1172,108),(1173,108),(1174,108),(1175,108),(1176,69),(1177,69),(1178,69),(1179,69),(1180,69),(1181,69),(1182,69),(1183,69),(1184,69),(1185,69),(1186,69),(1187,69),(1188,69),(1189,69),(1192,72),(223,38),(222,38),(224,38),(225,38),(226,38),(1195,38),(1195,34),(1195,37),(1196,34),(1196,37),(1196,42),(1198,34),(1198,37),(1198,42),(1200,34),(1200,37),(1200,42),(1202,34),(1202,37),(1202,44),(1204,34),(1204,37),(1204,42),(1069,92),(1070,91),(1236,34),(1236,37),(1236,46),(782,88),(784,88),(786,88),(789,89),(790,89),(791,101),(792,101),(793,101),(794,101),(795,101);
/*!40000 ALTER TABLE `mice_alleles` ENABLE KEYS */;
UNLOCK TABLES;

--
-- Table structure for table `operations`
--

DROP TABLE IF EXISTS `operations`;
/*!40101 SET @saved_cs_client     = @@character_set_client */;
/*!40101 SET character_set_client = utf8 */;
CREATE TABLE `operations` (
  `id` int(11) NOT NULL AUTO_INCREMENT,
  `strain_id` int(11) DEFAULT NULL,
  `mouse_id` int(11) DEFAULT NULL,
  `operate_type` varchar(255) COLLATE utf8_unicode_ci DEFAULT NULL,
  `old_basket` int(11) DEFAULT NULL,
  `new_basket` int(11) DEFAULT NULL,
  `operate_by` int(11) DEFAULT NULL,
  `operate_at` date DEFAULT NULL,
  `remark` text COLLATE utf8_unicode_ci,
  `created_at` datetime NOT NULL,
  `updated_at` datetime NOT NULL,
  PRIMARY KEY (`id`)
) ENGINE=InnoDB DEFAULT CHARSET=utf8 COLLATE=utf8_unicode_ci;
/*!40101 SET character_set_client = @saved_cs_client */;

--
-- Dumping data for table `operations`
--

LOCK TABLES `operations` WRITE;
/*!40000 ALTER TABLE `operations` DISABLE KEYS */;
/*!40000 ALTER TABLE `operations` ENABLE KEYS */;
UNLOCK TABLES;

--
-- Table structure for table `roles`
--

DROP TABLE IF EXISTS `roles`;
/*!40101 SET @saved_cs_client     = @@character_set_client */;
/*!40101 SET character_set_client = utf8 */;
CREATE TABLE `roles` (
  `id` int(11) NOT NULL AUTO_INCREMENT,
  `name` varchar(255) COLLATE utf8_unicode_ci DEFAULT NULL,
  `resource_id` int(11) DEFAULT NULL,
  `resource_type` varchar(255) COLLATE utf8_unicode_ci DEFAULT NULL,
  `created_at` datetime DEFAULT NULL,
  `updated_at` datetime DEFAULT NULL,
  PRIMARY KEY (`id`),
  KEY `index_roles_on_name` (`name`),
  KEY `index_roles_on_name_and_resource_type_and_resource_id` (`name`,`resource_type`,`resource_id`)
) ENGINE=InnoDB AUTO_INCREMENT=5 DEFAULT CHARSET=utf8 COLLATE=utf8_unicode_ci;
/*!40101 SET character_set_client = @saved_cs_client */;

--
-- Dumping data for table `roles`
--

LOCK TABLES `roles` WRITE;
/*!40000 ALTER TABLE `roles` DISABLE KEYS */;
INSERT INTO `roles` VALUES (1,'PI',NULL,NULL,'2015-06-15 10:49:14','2015-06-15 10:49:14'),(3,'Manager',NULL,NULL,'2015-06-16 16:40:25','2015-06-16 16:40:25'),(4,'Faculty',NULL,NULL,'2015-06-16 16:40:25','2015-06-16 16:40:25');
/*!40000 ALTER TABLE `roles` ENABLE KEYS */;
UNLOCK TABLES;

--
-- Table structure for table `schema_migrations`
--

DROP TABLE IF EXISTS `schema_migrations`;
/*!40101 SET @saved_cs_client     = @@character_set_client */;
/*!40101 SET character_set_client = utf8 */;
CREATE TABLE `schema_migrations` (
  `version` varchar(255) COLLATE utf8_unicode_ci NOT NULL,
  UNIQUE KEY `unique_schema_migrations` (`version`)
) ENGINE=InnoDB DEFAULT CHARSET=utf8 COLLATE=utf8_unicode_ci;
/*!40101 SET character_set_client = @saved_cs_client */;

--
-- Dumping data for table `schema_migrations`
--

LOCK TABLES `schema_migrations` WRITE;
/*!40000 ALTER TABLE `schema_migrations` DISABLE KEYS */;
INSERT INTO `schema_migrations` VALUES ('20150313173320'),('20150313173743'),('20150414025234'),('20150414032326'),('20150414052810'),('20150414053913'),('20150416101456'),('20150429035558'),('20150514080409'),('20150601064631'),('20150601064838'),('20150601065038'),('20150601090524'),('20150608092954'),('20150706081242'),('20150707045549'),('20150713094751'),('20150715095642');
/*!40000 ALTER TABLE `schema_migrations` ENABLE KEYS */;
UNLOCK TABLES;

--
-- Table structure for table `strains`
--

DROP TABLE IF EXISTS `strains`;
/*!40101 SET @saved_cs_client     = @@character_set_client */;
/*!40101 SET character_set_client = utf8 */;
CREATE TABLE `strains` (
  `id` int(11) NOT NULL AUTO_INCREMENT,
  `former_name` varchar(255) COLLATE utf8_unicode_ci DEFAULT NULL,
  `common_name` varchar(255) COLLATE utf8_unicode_ci DEFAULT NULL,
  `genetic_type_id` int(11) DEFAULT NULL,
  `status` varchar(255) COLLATE utf8_unicode_ci DEFAULT NULL,
  `coat_color` varchar(255) COLLATE utf8_unicode_ci DEFAULT NULL,
  `wean_age` varchar(255) COLLATE utf8_unicode_ci DEFAULT NULL,
  `female_mature_age` varchar(255) COLLATE utf8_unicode_ci DEFAULT NULL,
  `male_mature_age` varchar(255) COLLATE utf8_unicode_ci DEFAULT NULL,
  `mating_system` varchar(255) COLLATE utf8_unicode_ci DEFAULT NULL,
  `breeding_consideration` varchar(255) COLLATE utf8_unicode_ci DEFAULT NULL,
  `source` varchar(255) COLLATE utf8_unicode_ci DEFAULT NULL,
  `origin` varchar(255) COLLATE utf8_unicode_ci DEFAULT NULL,
  `ref_website` varchar(255) COLLATE utf8_unicode_ci DEFAULT NULL,
  `description` text COLLATE utf8_unicode_ci,
  `created_at` datetime NOT NULL,
  `updated_at` datetime NOT NULL,
  PRIMARY KEY (`id`)
) ENGINE=InnoDB AUTO_INCREMENT=51 DEFAULT CHARSET=utf8 COLLATE=utf8_unicode_ci;
/*!40101 SET character_set_client = @saved_cs_client */;

--
-- Dumping data for table `strains`
--

LOCK TABLES `strains` WRITE;
/*!40000 ALTER TABLE `strains` DISABLE KEYS */;
INSERT INTO `strains` VALUES (1,'B6.129P2-Lyz2tm1(cre)Ifo/J','LysMcre',4,'A','Black','21d','8w','8w','Homozygote x Homozygote','','JAX','Irmgard Foerster,   University of Duesseldorf','http://jaxmice.jax.org/strain/004781.html','<p class=\"p1\">\r\n	The LysMcre knock-in allele has a nuclear-localized Cre recombinase inserted into the first coding ATG of the lysozyme 2 gene (Lyz2); both abolishing endogenous Lyz2 gene function and placing NLS-Cre expression under the control of the endogenous Lyz2 promoter/enhancer elements. When crossed with a strain containing loxP site flanked sequence of interest, Cre-mediated recombination results in deletion of the targeted gene in the myeloid cell lineage, including monocytes, mature macrophages, and granulocytes. Mice that are homozygous for the targeted mutation are viable, fertile, normal in size and do not display any gross physical or behavioral abnormalities. This strain represents an effective tool for generating myeloid cell-specific targeted mutants.\r\n</p>','2015-06-17 02:29:10','2015-06-17 11:15:57'),(2,'B6.Rab32FlpeCD11c-Cre','Rab32CD11c-Cre',3,'A','Black','21d','8w','8w','Homozygote x Homozygote','','KOMP','IKMC Project 27740','https://www.komp.org/geneinfo.php?geneid=76107','<p>\r\n	<span style=\"font-family:Verdana, Arial, Helvetica, sans-serif;font-size:13.3333330154419px;line-height:normal;background-color:#FFFFFF;\">Rab32</span><sup>tm1a(KOMP)Wtsi</sup> \r\n</p>\r\n<p>\r\n	<sup>The Knockout First allele is initially a non-expressive form, but can be converted to a conditional allele via Flp recombination.</sup> \r\n</p>','2015-06-17 02:32:38','2015-06-18 04:04:11'),(3,'B6.Rab32FlpeLys-Cre','Rab32Lys-Cre',3,'A','Black','21d','8w','8w','Homozygote x Homozygote','','KOMP','IKMC Project 27740','https://www.komp.org/geneinfo.php?geneid=76107','<p>\r\n	<span style=\"font-family:Verdana, Arial, Helvetica, sans-serif;font-size:13.3333330154419px;line-height:normal;background-color:#FFFFFF;\">Rab32</span><sup>tm1a(KOMP)Wtsi</sup> \r\n</p>\r\n<p>\r\n	<sup>The Knockout First allele is initially a non-expressive form, but can be converted to a conditional allele via Flp recombination.<br />\r\n</sup> \r\n</p>\r\n<p>\r\n	<sup><br />\r\n</sup> \r\n</p>','2015-06-17 02:33:52','2015-06-18 04:04:25'),(4,'B6.ErbB3CD11c-Cre','ErbB3CD11c-Cre',3,'A','Black','21d','8w','8w','Homozygote x Homozygote','','','Qu S, Vanderbilt University School of Medicine','http://www.ncbi.nlm.nih.gov/pubmed/16991114','Insertion of&nbsp;a reversed flipflox vector consisting of a gene inactivation&nbsp;cassette (GI) and an internal ribosome entry site&nbsp;(IRES)-GFP reporter into intron 1 of ErbB3 was transcriptionally&nbsp;silent and did not affect ErbB3 expression.&nbsp;Crosses with ubiquitous and lineage specific Cre recombinase&nbsp;expressing lines permanently inverted the&nbsp;inserted GI cassette and blocked ErbB3 expression.&nbsp;Unidirectional DNA inversion by in vivo recombination&nbsp;is an effective strategy for targeted or ubiquitous gene&nbsp;knockout.<br />','2015-06-17 02:36:13','2015-06-18 04:04:57'),(5,'C57BL/6-Tg(Foxp3-GFP)90Pkraj/J','Foxp3GFP',8,'A','Black','21d','8w','8w','Noncarrier x Hemizygote  ','','JAX','Piotr Kraj,   Georgia Regents University','http://jaxmice.jax.org/strain/023800.html','These transgenic mice express Green Fluorescent Protein under the control of the mouse Foxp3 (forkhead box P3) promoter. The transgene was designed so that no functional FOXP3 protein is produced from the transgene, to prevent overexpression. Foxp3 expression is detected in Green fluorescent protein positive CD4+ lymphocytes by flow cytometry, RT-PCR, and Western blot analysis. Foxp3 expression was not detected in Green fluorescent protein negative CD4+ lymphocytes. Flow cytometry reveals the intensity of the Green fluorescent protein fluorescence is proportional to the Foxp3 transcript level, allowing identification of different Treg cell populations by the level of expression of the GFP reporter. The transgene is not located on the X chromosome. The Donating Investigator reports that homozygotes are viable and fertile.\r\n\r\nThe 186.8 kb C57BL/6 mouse bacterial artificial chromosome (BAC) RP23-446O15 containing the entire Foxp3 gene and other genes, was modified by inserting sequence encoding GFP (Green Fluorescent Protein) and SV40 polyA signal, in frame with the start codon in exon 1 of the Foxp3 gene. None of the other loci on the BAC were modified. The construct was designed so that no functional FOXP3 protein is produced from the transgene. DNA from the modified BAC clone was used as the source for the transgene, which was microinjected into the pronucleus of C57BL/6 fertilized eggs (see SNP note below). Founder line 90 was subsequently established. The transgene is not located on the X chromosome.','2015-06-17 09:52:09','2015-07-02 10:28:51'),(6,'B6.FVB-Tg(ITGAM-DTR/EGFP)34Lan/J','CD11b-DTR',8,'A','Black','21d','8w','8w','Homozygote x Homozygote','','JAX','Richard A. Lang,   Cincinnati Children\'s Hospital','http://jaxmice.jax.org/strain/006000.html','Mice that are homozygous for the transgene are viable, normal in size and do not display any gross physical or behavioral abnormalities. These transgenic mice have a diphtheria toxin (DT) inducible system that transiently depletes macrophages in various tissues. The transgene insert contains a fusion product involving simian diphtheria toxin receptor and green fluorescent protein under the control of the human ITGAM (integrin alpha M) promoter (CD11b). RT-PCR analysis of bone marrow macrophages detects specific transgene expression. Cytological analysis of thioglycollate treated peritoneal cells shows the absence of macrophages. Intraperitoneal injection of DT ablates monocyte/macrophage cells in the peritoneal cavity. Macrophage populations within various tissues demonstrate differential susceptibility DT induced deletion. Following DT administration macrophages are ablated in the peritoneum, kidney and ovary. Macrophage population is restored by day 4 following a single intraperitoneal dose of DT. Hepatic sinusoidal and alveolar macrophages were unaffected by administration of DT, and despite polymorphonuclear (PMN) leukocyte expression of CD11b, DT did not induce the death of recruited or circulating PMNs. When DT was administered at The Jackson Laboratory, splenic macrophages were still present, as assessed by F4/80 and CD11b staining. Higher doses (greater than 25ng/g body weight) of DT sickens the mice. Transgene expression is not sufficient to be detected by FACS analysis. This mutant mouse strain may be useful in studies of the specific role of macrophages in the immune response.\r\n</p>\r\n<p class=\"p1\">\r\n	A transgenic construct containing sequence encoding DTR/GFP under the control of the human ITGAM (integrin alpha M) promoter was introduced into fertilized FVB/N donor eggs. Founder line 34 was subsequently established. The mice were backcrossed onto C57BL/6 for 6 generations (January 2006).\r\n</p>','2015-06-17 10:18:59','2015-07-16 13:31:39'),(7,'B6.129P2-B2mtm1Unc/J','B2mKO',5,'A','Black','21d','8w','8w','Homozygote x Homozygote','This strain is a good breeder.','JAX','Dr. Derry Roopenian,   The Jackson Laboratory','http://jaxmice.jax.org/strain/002087.html','<p class=\"p1\">\r\n	Mice homozygous for the B2mtm1Unc targeted mutation have little if any MHC class I protein expression on the cell surface. There are few CD8+ cytotoxic T-cells and under some circumstances a compensatory increase in CD4+ cytotoxic T-cells. Immune responses involving CD8+ T-cells are severely deficient providing a model to assess the role of CD8+ cells and class I MHC in various experimental systems. Hemachromatosis has been noted in certain genetic backgrounds (Rothenberg BE, Voland JR, Proc Natl Acad Sci USA 93:1529-34, 1996). In an attempt to offer alleles on well-characterized or multiple genetic backgrounds, alleles are frequently moved to a genetic background different from that on which an allele was first characterized. This is the case for the strain above. It should be noted that the phenotype could vary from that originally described. We will modify the strain description if necessary as published results become available.\r\n</p>\r\n<p class=\"p2\">\r\n	<span style=\"line-height:1.5;\">The B2mtm1Unc mutant strain was developed in the laboratory of Dr. Beverly Koller and Dr. Oliver Smithies at the University of North Carolina at Chapel Hill. It was generated by a targeted disruption of the B2m gene. The 129-derived E14TG2a ES cell line was used. The C57BL/6J strain was produced in the laboratory of Dr. Derry Roopenian at The Jackson Laboratory by backcrossing the B2mtm1Unc mutation 11 times to C57BL/6J inbred mice.</span> \r\n</p>','2015-06-17 11:14:33','2015-06-17 11:14:46'),(8,'B6.129S2-Il6tm1Kopf/J','IL6KO',5,'A','Black','21d','8w','8w','Homozygote x Homozygote','This strain is a good breeder.','JAX','IMR Colony,   The Jackson Laboratory','http://jaxmice.jax.org/strain/002650.html','<p class=\"p1\">\r\n	Mice homozygous for the targeted mutation are viable and fertile. No gene product (mRNA) is detected by RT-PCR analysis of lipopolysaccharide (LPS) challenged macrophages. Bioassay and enzyme-linked immunosorbent assay (ELISA) analysis of serum from LPS-challenged homozygotes reveals no detectable protein activity. These interleukin 6 (IL6) mutant mice show defects in responses to various viruses and in inflammatory responses to tissue damage or infection.\r\n</p>\r\n<p class=\"p1\">\r\n	The interleukin 6 targeted mutation was created by Manfred Kopf and Georges Kohler (Max Planck Institut Fur Immunbiologie, Freiburg Germany). A targeting vector was designed to place a neomycin resistance cassette into the first coding exon (exon 2) of the targeted gene. This construct was electroporated into 129S2/SvPas-derived D3 embryonic stem (ES) cells. Correctly targeted ES cells were injected into C57BL/6J blastocysts and the resulting mice were sent to The Jackson Laboratory where the mouse line was bred to C57BL/6J (Stock No. 000664) mice for 11 generations.\r\n</p>','2015-06-17 13:11:24','2015-06-17 13:11:24'),(9,'B6.129S2-Tap1tm1Arp/J','Tap1KO',5,'A','Black','21d','8w','8w','Homozygote x Homozygote','','JAX','IMR Colony,   The Jackson Laboratory','http://jaxmice.jax.org/strain/002944.html','<p class=\"p1\">\r\n	Mice homozygous mice for the Tap1tm1Arp targeted mutation are viable and fertile. They are defective in the stable assembly and intracellular transport of class I molecules. They show severely reduced levels of class I surface molecules. They lack CD4-8+ T cells. This phenotype is similar to the mouse RMA-S cell line and human beings with TAP1 and TAP2 deficiencies. This strain should be housed under pathogen free conditions similar to the Prkdcscid/Prkdcscid mouse or any other immunodeficient strain.\r\n</p>\r\n<p class=\"p1\">\r\n	The strain was developed in the laboratory of Dr. Philip Ashton-Rickardt, Imperial College London. A 7kb region of the wild-type locus (which made up 80% of the protein coding region) was replaced by a neomycin resistance cassette. The targeting construct was transfected into ES cells of the D3 line (derived from the strain 129/Sv) and correctly targeted ES cells were injected into C57BL/6 blastocysts. Resulting chimeric mice were bred with C57BL/6 mice and mice heterozygous for the mutation were interbred to homozygosity, then backcrossed to C57BL/6J for 10 generations before being maintained by inbreeding.\r\n</p>','2015-06-17 13:18:29','2015-06-17 13:18:29'),(10,'C57BL/6-Tg(TcraTcrb)1100Mjb/J','OT-I',8,'A','Black','21d','8w','8w','Inbred x Hemizygote (Female x Male) ','This strain is a good breeder.','JAX','Dr. Michael J. Bevan,   U. of Washington Medical Center','http://jaxmice.jax.org/strain/003831.html','<p class=\"p1\">\r\n	These mice contain transgenic inserts for mouse Tcra-V2 and Tcrb-V5 genes. The transgenic T cell receptor was designed to recognize ovalbumin residues 257-264 in the context of H2Kb and used to study the role of peptides in positive selection and the response of CD8+ T cells to antigen. Like most TCR transgenics, these mice are somewhat immunodeficient.\r\n</p>\r\n<p class=\"p1\">\r\n	Transgenic constructs containing rearranged Tcra-V2, Tcra-J(alpha26) and Tcrb-V5, Tcrb-D(beta2), Tcrb-J(beta2.6) chains were coinjected into C57BL/6 blastocysts. Founder mice were obtained and bred to C57BL/6 mice.\r\n</p>','2015-06-17 13:43:08','2015-06-17 13:43:08'),(11,'B6.Cg-Tg(TcraTcrb)425Cbn/J','OT-II',8,'A','Black','21d','8w','8w','Homozygote x Homozygote','This strain is a good breeder.','JAX','Frank Carbone,   University of Melbourne','http://jaxmice.jax.org/strain/004194.html#genes','<p class=\"p1\">\r\n	These transgenic mice express the mouse alpha-chain and beta-chain T cell receptor that pairs with the CD4 coreceptor and is specific for chicken ovalbumin 323-339 in the context of I-A b. Homozygous mice are viable and fertile. In these mice there is a four-fold increase in the CD4 to CD8 peripheral T cell ratio, and lymph node T cells demonstrate a dose-dependent proliferative response to the specific ovalbumin ligand. These transgenic mice are useful for studying in vivo T cell biology such as TCR-ligand interactions, T cell activation, thymic selection, cross-presentation of antigens, process of thymic selection and central and peripheral T cell tolerance and induction.\r\n</p>\r\n<p class=\"p1\">\r\n	Transgenic constructs containing the alpha-chain and beta-chain of the T-cell receptor from a T cell hybridoma clone including the endogenous TCR promoter were coinjected into fertilized B6 x B6.C-H2bm1 mouse eggs. The T cell hybridoma clone is CD4+, MHC class II-restricted and is specific for the ovalbumin residue 323-339 peptides in the context of the MHC class II I-A2 molecule. Founder animals (described as OT-II.2 subline 425-2) were bred to wild-type B6 mice.\r\n</p>','2015-06-17 13:55:01','2015-06-17 13:55:16'),(12,'B6.Cg-Thy1a/Cy Tg(TcraTcrb)8Rest/J','Pmel-1',8,'A','Black','21d','8w','8w','Homozygote x Homozygote','','JAX','Nicholas P. Restifo,   National Cancer Institute','http://jaxmice.jax.org/strain/005023.html','<p class=\"p1\">\r\n	This transgenic strain carries a rearranged T cell receptor transgene specific for the mouse homologue (pmel-17) of human SILV (gp100), an enzyme involved in pigment synthesis that is expressed by the majority of malignant melanoma cells including B16 melanoma, as well as by normal melanocytes. In mice from founder line 8 the transgenic integration was determined to be on Chromosome 2, in the 3\' UTR of the serine threonine kinase 39 (Stk39) gene. STK39 is involved in the cellular stress response pathway. The strain is also homozygous for the T lymphocyte specific Thy1a (Thy1.1) allele. CD8+ T cells express a Tcra-V1/Tcrb-V13- transgenic TCR that recognizes an epitope of pmel-17 corresponding to amino acids 25-33 of gp100 presented by H2-Db MHC class I molecules. Greater than 95% of the CD8+ T cells in transgenic mice expressed the transgenic TCR based on the expression of Vbeta13, amounting to about 20% of all splenocytes. T cells in blood and spleen generally expressed baseline levels of the activation/effector markers CD25, CD44, and CD69, indicating that most of the transgenic cells were in the naive state. These transgenic mice in conjunction with the poorly immunogenic B16 melanoma, a highly aggressive tumor in C57BL/6 mice, provide a physiologically relevant tumor model system for studies related to immunotherapy. In addition, these transgenic mice are useful for studying in vivo T-cell biology such as TCR-ligand interactions, T-cell activation, thymic selection, cross-presentation of antigens, process of thymic selection and central and peripheral T-cell tolerance and induction.\r\n</p>\r\n<p class=\"p1\">\r\n	Transgenic constructs containing rearranged alpha-chain and beta-chain of the T-cell receptor specific for the mouse homologue (pmel-17) of human SILV (gp100) were co-injected into fertilized C57BL/6 mouse eggs. Transgenic integration was on Chromosome 2, in the 3\' UTR of the serine threonine kinase 39 (Stk39) gene. Mice from founder line 8 were bred to C57BL/6 mice, and then crossed with B6.PL-Thy1a/CyJ (Stock No.00406) mice.\r\n</p>','2015-06-17 14:04:04','2015-06-17 14:04:04'),(13,'B6.129(Cg)-Gt(ROSA)26Sortm4(ACTB-tdTomato,-EGFP)Luo/J','ROSAmT/mG',4,'A','Black','21d','8w','8w','Homozygote x Homozygote ','','JAX','MR Colony,   The Jackson Laboratory','http://jaxmice.jax.org/strain/007676.html','Mice homozygous for this mT/mG mutation are viable and fertile. These mice possess loxP sites on either side of a membrane-targeted tdTomato (mT) cassette and express strong red fluorescence in all tissues and cell types examined. Tail or whole body epifluorescence is sufficient to identify mT/mG homozygotes. When bred to Cre recombinase expressing mice, the resulting offspring have the mT cassette deleted in the cre expressing tissue(s), allowing expression of the membrane-targeted EGFP (mG) cassette located just downstream. The donating investigator reports that the ACTB promoter allows stronger and persistent expression of the fluorescent proteins (especially in adult cells) compared to the endogenous Gt(ROSA) locus alone. This double-fluorescent system allows direct live visualization of both recombined and non-recombined cells at single cell resolution, offering an internal control for phenotypic analysis of Cre-induced mosaic mutants and providing a second marker for lineage tracing applications. In addition, the localization of fluorescent proteins to membrane structures outlines cell morphology and allows resolution of fine cellular processes. These mT/mG mice are useful as a Cre reporter strain; expressing red fluorescence prior to, and green fluorescence following, Cre-mediated recombination in widespread cell and tissue types.\r\n</p>\r\n<p class=\"p2\">\r\n	<br />\r\n</p>\r\n<p class=\"p1\">\r\n	The mT/mG (membrane-Tomato/membrane-Green) targeting vector was designed with a CMV enhancer/chicken beta-actin core promoter (pCA) driving expression of a loxP-flanked, N-terminal membrane-tagged, tdTomato protein sequence followed by a polyadenylation signal (tdTomato is a non-oligomerizing DsRed variant with a 12 residue linker fusing two copies of the protein (tandem dimer)). Immediately distal to the second loxP site is an N-terminal membrane-tagged, enhanced green fluorescent protein (EGFP) sequence itself followed by a polyadenylation signal. An frt-flanked neo cassette was also located distal to the expression vector. This entire mT/mG construct was inserted into the Gt(ROSA)26Sor locus via electroporation of (129X1/SvJ x 129S1/Sv)F1-derived R1 embryonic stem (ES) cells. Correctly targeted ES cells were microinjected in C57BL/6J blastocysts. Chimeric progeny were bred to outbred CD-1 mice. The resulting mutant mice were interbred to generate homozygotes prior to arrival at The Jackson Laboratory (as Stock No. 007576). Upon arrival, some mice were backcrossed to C57BL/6J for at least five generations to generate this congenic strain (Stock No. 007676).\r\n</p>','2015-06-17 23:21:12','2015-07-17 01:56:32'),(14,'B6.Cg-Tg(Nes-cre)1Kln/J','nestin-Cre',8,'A','Black','21d','8w','8w','Hemizygote x +/+ sibling (Female x Male)','','JAX','Rudiger Klein,   Max-Planck Institute of Neurobiology','http://jaxmice.jax.org/strain/003771.html','<p class=\"p1\">\r\n	These transgenic mice express Cre recombinase under the control of the rat nestin promoter and enhancer. Mice that are hemizygous for the transgenic insert are viable and fertile. Initial studies utilizing a reporter strain carrying a beta galactosidase transgene whose expression is dependent on Cre-mediated recombination indicate that cre is primarily expressed in the central and peripheral nervous system with a few isolated kidney and heart cells also expressing activity. The donating investigator indicates that Cre recombinase activity is present in nervous tissue by embryonic day 11. The transgene insertion location is on Chromosome 12, as determined by FISH analysis, view pdf.\r\n</p>\r\n<p class=\"p1\">\r\n	A transgenic construct containing a human growth hormone polyadenylation signal and a Cre recombinase gene under the control of the promoter and the nervous system-specific enhancer present in the second intron of the rat nestin gene, was injected into B6SJLF2 oocytes. Founder animals were bred to wildtype C57BL/6J mice. The mice were then backcrossed to C57BL/6J for at least six generations. After its arrival at The Jackson Laboratory, it was crossed to C57BL/6J (Stock No. 000664) for another four generations. The transgene insertion location is on Chromosome 12, as determined by FISH analysis.\r\n</p>','2015-06-17 23:29:44','2015-06-17 23:29:44'),(15,'B6.pCAG-LoxP-STOP-LoxP-DTR-2A-EGFP','iDTR-EGFP',4,'A','Black','21d','8w','8w','Homozygote x Homozygote','','Biocytogen','Biocytogen','http://www.biocytogen.com/ProductDetail-ID-109.html','<p class=\"p1\">\r\n	Mice homozygous for this iDTR-EGFP mutation are viable and fertile. These mice have the simian Diphtheria Toxin Receptor (DTR; from simian Hbegf) and EGFP inserted into the Gt(ROSA)26Sor (ROSA26) locus under the CAG promotor. Widespread expression of DTR and EGFP is blocked by an upstream loxP-flanked STOP sequence. When bred to Cre recombinase-expressing mice, the STOP sequence is deleted in tissues where Cre is present, permitting DTR expression. Cells expressing DTR are rendered susceptible to ablation following Diphtheria toxin administration.\r\n</p>\r\n<p class=\"p1\">\r\n	For example, when bred to a strain with a Cd19 null allele and expressing Cre recombinase during the B lymphocyte development (Stock No. 006785), this mutant mouse strain may be useful in studies of lymphocyte cell ablation.\r\n</p>\r\n<p class=\"p1\">\r\n	When crossed to a strain expressing Cre recombinase in oocytes (see Stock No. 011062), this mutant mouse strain may be useful in studies of ovarian development.\r\n</p>\r\n<p class=\"p1\">\r\n	When crossed to a strain expressing Cre recombinase in the pituitary and, at lower levels, in the testes (see Stock No. 011069), this mutant mouse strain may be useful in studies of metabolic dysfunction.\r\n</p>\r\n<p class=\"p1\">\r\n	Of note, iDTR-EGFP mice are also available on a BALB/cBy congenic background (as Stock No. 008040) and a NOD congenic background (as Stock No. 016603).\r\n</p>\r\n<p class=\"p1\">\r\n	A targeting vector was designed with a loxP-flanked STOP cassette upstream of the open reading frame of the simian Diphtheria Toxin and EGFP. A cassette of pCAG-LoxP-STOP-LoxP-DTR-2A-EGFP was inserted into the Rosa26 locus. DTR: Diphtheria Toxin Receptor. 2A: 2A peptide via electroporation of C57BL/6-derived ES embryonic stem (ES) cells.&nbsp;\r\n</p>','2015-06-17 23:43:40','2015-06-18 04:03:34'),(16,'B6.129S4-Krastm4Tyj/J','LSL-KrasG12D',8,'A','Black','21d','8w','8w','+/+ sibling x Heterozygote  (Female x Male) ','','JAX','Dr. Tyler Jacks,   Massachusetts Institute of Technology','http://jaxmice.jax.org/strain/008179.html','<p class=\"p1\">\r\n	This KrasLSL-G12D strain carries a point mutation (G12D) whose expression is blocked by the presence of a loxP-flanked stop codon. Homozygotes die in utero. Cre-mediated recombination can excise the stop codon and permit the oncogenic protein to be expressed. Intranasal infection with an adenovirus encoding Cre results in a very high frequency of lung tumors and permits controlled timing of tumor initiation and tumor multiplicity. This strain may be useful in studies of cancer and development.\r\n</p>\r\n<p class=\"p1\">\r\n	When bred to a strain expressing Cre recombinase under the control of a tetracycline-responsive promoter element and a strain expressing a tetracycline-controlled activator protein in lung epithelial cells (see Stock No. 006234 and 006235 respectively), this mutant mouse strain may be useful in studies of lung development.\r\n</p>\r\n<p class=\"p1\">\r\n	When bred to a strain expressing Cre recombinase in the male germ line (see Stock No. 003328, 007252 for example), this mutant mouse strain may be useful in studies of embryonic development.\r\n</p>\r\n<p class=\"p1\">\r\n	When bred to a strain expressing interferon inducible Cre recombinase (see Stock No. 003556, 005673 for example), this mutant mouse strain may be useful in studies of Ras and myeloproliferative disease.\r\n</p>\r\n<p class=\"p1\">\r\n	When bred to a strain expressing Cre recombinase in mammary gland, skin, and other secretory glands (see Stock No. 003553 for example), this mutant mouse strain may be useful in studies of epithelial hyperplasias.\r\n</p>\r\n<p class=\"p1\">\r\n	When bred to a strain expressing Cre recombinase in epiblast derived tissues (see Stock No. 003755 for example), this mutant mouse strain may be useful in studies of Ras and embryonic development.\r\n</p>\r\n<p class=\"p1\">\r\n	When bred to a strain expressing Cre recombinase in liver (see Stock No. 003574 for example), this mutant mouse strain may be useful in studies of intrahepatic cholangiocarcinoma.\r\n</p>\r\n<p class=\"p1\">\r\n	When bred to a strain expressing Cre recombinase in myeloid cell lineage (see Stock No. 004781 for example), this mutant mouse strain may be useful in studies of lung cancer.\r\n</p>\r\n<p class=\"p1\">\r\n	When bred to a strain expressing tamoxifen-inducible Cre recombinase in melanocytes (see Stock No. 012328 for example), this mutant mouse strain may be useful in studies of melanomagenesis.\r\n</p>\r\n<p class=\"p1\">\r\n	When bred to a strain expressing Cre recombinase in astrocytes (see Stock No. 012887 for example), this mutant mouse strain may be useful in studies of neurofibroma development.\r\n</p>\r\n<p class=\"p1\">\r\n	A targeting vector was designed to place a G12D point mutation in exon 1 of the gene and a loxP-flanked STOP element upstream of the mutation. The STOP element incorporates a PGK-puromycin selection cassette at the 5\' end in an opposite directional orientation. An adenoviral strong splice acceptor, typically used in gene trap vectors, is fused upstream of the his3 stuffer fragment to prevent splicing around the stopper (in the case that transcription isn\'t completely silenced). A mutant splice donor site is on the 3\' end and a tetrameric tandem array of SV40 PolyA. The stopper was designed to fit into genomic Sal1 or Xho1 sites. The stop cassette prevents the expression of mutant Kras until it is removed by Cre mediated recombination of the Loxp sites, thus allowing expression of oncogenic Kras. The construct was electroporated into 129S4/SvJae-derived J1 embryonic stem (ES) cells. This strain was backcrossed to C57BL/6 for more than 10 generations by the donating laboratory which verified correct orientation by Southern assays involving 5\' and 3\' external and internal probes.\r\n</p>','2015-06-18 00:06:14','2015-06-18 00:06:14'),(17,'C57BL/6-Il17atm1Bcgen/J','IL17A-IRES-GFP',4,'A','+/+,+/-,-/-','21d','8w','8w','Homozygote x Homozygote','','JAX','Yuelei Shen,   Biocytogen, LLC','http://jaxmice.jax.org/strain/018472.html','IL17A (interleukin 17A; also known as CTLA8) is a pro-inflammatory cytokine that, although expressed by several cell types, defines the T helper 17 (TH17) cell subset. IL17A activates signal transduction pathways that recruit neutrophils, promote the production of antimicrobial factors, and drive the inflammatory pathology associated with autoimmune disorders.\r\n\r\nThese mice express enhanced green fluorescent protein (EGFP) as a marker of Il17a activity. Fluorescence can be observed in some intraepithelial lymphocytes (IELs) of the small intestine without stimulation. Naive CD4+ T cells stimulated with plate-bound anti-CD3/anti-CD28 in the presence of transforming growth factor, beta 1 (TGFB, 1 ng/ml) and interleukin 6 (IL6, 20 ng/ml) show increased fluorescence associated with IL17A production. Normal levels of IL17A are expressed.\r\n\r\nAn IRES-EGFP-SV40-polyA signal sequence cassette was inserted after the stop codon of the Il17a gene using C57BL/6-derived embryonic stem (ES) cells. This strain was maintained on a C57BL/6 genetic background by the donating laboratory prior to sending to The Jackson Laboratory. Upon arrival, sperm was cryopreserved. To generate the living colony, an aliquot of the frozen sperm was used to fertilize oocytes from C57BL/6J female mice (Stock No. 000664). The mutant mice were then bred together to maintain the colony.\r\n','2015-06-18 02:13:40','2015-07-07 08:25:36'),(18,'B6.Cg-Gt(ROSA)26Sortm14(CAG-tdTomato)Hze/J','LSLdTm',4,'A','Black','21d','8w','8w','Homozygote x Homozygote','','JAX','Hongkui Zeng,   Allen Institute for Brain Science (AIBS)','http://jaxmice.jax.org/strain/007914.html','<p class=\"p1\">\r\n	The Ai14 conditional allele (also called Ai14D, Ai14(RCL-tdT)-D or Rosa-CAG-LSL-tdTomato-WPRE::deltaNeo) has a loxP-flanked STOP cassette preventing transcription of the downstream red fluorescent protein variant (tdTomato). When bred to mice that express Cre recombinase, the resulting offspring will have the STOP cassette deleted in the cre-expressing tissue(s); resulting in expression of tdTomato. Because this CAG promoter driven reporter construct was targeted for insertion into the Gt(ROSA)26Sor locus, tdTomato expression is determined by which tissue(s) express Cre recombinase. Ai14 mice are not expected to express tdTomato prior to introduction of Cre recombinase and tdTomato expression following exposure to cre is expected to be detectable by fluorescence and mRNA (in situ hybridization). These Ai14 mice are useful as a Cre reporter strain; expressing the red fluorescent protein variant, tdTomato, following Cre-mediated recombination. Heterozygous and homozygous mice are viable and fertile.\r\n</p>\r\n<p class=\"p2\">\r\n	<span style=\"line-height:1.5;\">For characterization information, see images at the Allen Institute for Brain Science website (Ai14 images).</span> \r\n</p>\r\n<p class=\"p1\">\r\n	Of note, Ai14 mice may also be available on the original B6;129S6 mixed genetic background (see Stock No. 007908).\r\n</p>\r\n<p class=\"p1\">\r\n	The Rosa-CAG-LSL-tdTomato-WPRE targeting vector was designed with (from 5\' to 3\') a CMV-IE enhancer/chicken beta-actin/rabbit beta-globin hybrid promoter (CAG), an FRT site, a loxP-flanked STOP cassette (with stop codons in all 3 reading frames and a triple polyA signal), tdTomato sequence (a non-oligomerizing DsRed fluorescent protein variant with a 12 residue linker fusing two copies of the protein (tandem dimer)), a woodchuck hepatitis virus post-transcriptional regulatory element (WPRE; to enhance the mRNA transcript stability), a polyA signal, and an attB/attP-flanked PGK-FRT-Neo-polyA cassette. This entire construct was inserted between exons 1 and 2 of the Gt(ROSA)26Sor locus via electroporation of (129S6/SvEvTac x C57BL/6)F1-derived G4 embryonic stem (ES) cells. Correctly targeted ES cells (clone Ai9) were then transiently transfected with a PhiC31-expressing plasmid. The resulting ES cells (clone Ai14) with the PGK-FRT-Neo-polyA cassette deleted (leaving a single attL site) were injected into recipient blastocysts. High percentage chimeric males were sent to The Jackson Laboratory. Upon arrival, mice were bred to C57BL/6J inbred mice (Stock No. 000664) to establish the mutant colony (as Stock No. 007908). Next, Ai14 mice were further backcrossed with C57BL/6J inbred mice using a marker-assisted approach to generate this congenic colony (Stock No. 007914).&nbsp;\r\n</p>\r\n<p class=\"p1\">\r\n	Because this Ai14 conditional allele has the attB/attP-flanked sequences deleted, it may also be called Ai14D, Ai14(RCL-tdT)-D or Rosa-CAG-LSL-tdTomato-WPRE::deltaNeo.\r\n</p>','2015-06-18 02:54:05','2015-06-18 02:55:12'),(19,'B6.Rab32.KO','Rab32KO',5,'A','Black','21d','8w','8w','Homozygote x Homozygote','','KOMP','IKMC Project 27740 ','https://www.komp.org/geneinfo.php?geneid=76107 ','<p>\r\n	<span style=\"font-family:Verdana, Arial, Helvetica, sans-serif;font-size:13.3333330154419px;line-height:normal;background-color:#FFFFFF;\">Rab32</span><sup>tm1a(KOMP)Wtsi</sup>\r\n</p>\r\n<p>\r\n	<sup>The Knockout First allele is initially a non-expressive form, but can be converted to a conditional allele via Flp recombination.</sup>\r\n</p>','2015-06-18 03:04:42','2015-06-18 03:08:07'),(20,'B6.FVB-Tg(GZMB-cre)1Jcb/J','GZMB-Cre',8,'A','Black','21d','8w','8w','Homozygote x Homozygote','','JAX','Joshy Jacob,   Emory University School of Medicine','http://jaxmice.jax.org/strain/003734.html','This strain is one component of a Cre-recombinase mediated mouse model system that allows irreversible labeling of antigen-stimulated T cells with surface expressed ALPP (placental alkaline phosphatase). Cre recombinase is expressed under control of the human GZMB (granzyme B) promoter which directs specific expression in activated T cells. When this strain is bred with a Cre-recombinase expressing strain the loxP-flanked STOP fragment is excised. This strain represents an effective tool for generating tissue specific-targeted mutants.\r\n\r\nA targeting construct containing the human granzyme B promoter, the SV40 nuclear localization signal sequence, Cre recombinase, and the human growth hormone polyadenylation sequence was injected into the pronuclei of fertilized FVB/N eggs. Founder mice were obtained and bred.\r\n','2015-06-18 03:28:09','2015-07-06 02:41:57'),(21,'B6(Cg)-Tyrc-2J/J','Albino',9,'A','White','21d','8w','8w','Homozygote x Homozygote','This strain is a good breeder.','JAX','laboratory mouse','http://jaxmice.jax.org/strain/000058.html','<p class=\"p1\">\r\n	Mice homozygous for Tyrc-2J are phenotypically identical to homozygotes for the classic albino allele. Pigment is completely absent from skin, hair and eyes. While Tyr mRNA levels of Tyrc-2J homozygotes are similar to those of wild-type mice, there is virtually no tyrosinase protein present (Le Fur et al. 1996). Both homozygote and heterozygote mice are highly resistant to light damage and exhibit retinal degeneration (increased photoreceptor death) into young adulthood. Degeneration does not continue in adult mice (Bravo-Nuevo et al. 2004).\r\n</p>\r\n<p class=\"p1\">\r\n	Tyrc-2J arose in 1970 at The Jackson Laboratory on a C57BL/6J congenic strain carrying Tyrp1b (Chr 4) and ep (Chr 19) when that congenic was at generation N20. Tyrp1b and ep were eliminated from the Tyrc-2J line by further backcrossing to C57BL/6J (Lane 1973).\r\n</p>','2015-06-18 03:56:04','2015-06-18 04:12:56'),(22,'B6.GZMBCre-LSL-mT/mG','Gzmb-mT/mG',7,'A','Black','21d','8w','8w','Homozygote x Homozygote','','','Ying Wan, TMMU','','Hybrid the B6.FVB-Tg(GZMB-cre)1Jcb/J and B6.129(Cg)-Gt(ROSA)26Sortm4(ACTB-tdTomato,-EGFP)Luo/J to produce the strain that express Cre under the control of granzyme promoter. The cre delete the mR to express GFP.','2015-06-18 04:07:32','2015-07-13 03:04:06'),(23,'Balb/c.EGFP-miR-146a','TgGFPmiR146a/c',8,'A','White','21d','8w','8w','Homozygote x Homozygote','','','Ying Wan, TMMU','','	A lentivirus vector (FUGW-miR146a) with a ubiquitin promoter and a green fluorescent protein (GFP) reporter gene was prepared using calcium phosphate precipitation and concentrated with centrifugation. The concentrated virus suspension (1  10^9 transducing units/mL) was injected into the perivitelline space of single-cell embryos from BALB/c mice.\r\n','2015-06-18 04:16:46','2015-07-02 10:27:56'),(24,'C57BL/6','B6',2,'A','Black','21d','8w','8w','','','','','','','2015-06-18 08:42:14','2015-06-18 08:42:45'),(25,'Balb/c','Balb/c',2,'A','white','21d','8w','8w','','','','','','','2015-06-18 08:43:25','2015-07-12 09:27:33'),(26,'KM','KM',2,'A','White','21d','8w','8w','','','','','','','2015-06-18 09:52:25','2015-06-18 09:52:25'),(27,'B6.EGFP-miR-191','TgGFPmiR191',8,'A','Black','21d','8w','8w','Homozygote x Homozygote','','','Ying Wan, TMMU','','<p class=\"p1\">\r\n	A lentivirus vector (FUGW-miR-191) with a ubiquitin promoter and a green fluorescent protein (GFP) reporter gene was prepared using calcium phosphate precipitation and concentrated with centrifugation. The concentrated virus suspension (1  10^9 transducing units/mL) was injected into the perivitelline space of single-cell embryos from C57BL/6 mice.\r\n</p>','2015-06-18 14:11:48','2015-06-18 14:46:48'),(28,'B6.EGFP-miR-146a','TgGFPmiR146a',8,'A','Black','21d','8w','8w','Homozygote x Homozygote','','','Ying Wan, TMMU','','<p class=\"p1\">\r\n	A lentivirus vector (FUGW-miR146a) with a ubiquitin promoter and a green fluorescent protein (GFP) reporter gene was prepared using calcium phosphate precipitation and concentrated with centrifugation. The concentrated virus suspension (1  10^9 transducing units/mL) was injected into the perivitelline space of single-cell embryos from C57BL/6 mice.\r\n</p>','2015-06-18 14:19:29','2015-06-18 14:46:21'),(29,'B6.EGFP-miR-191decoy','TgGFPmiR191decoy',8,'A','Black','21d','8w','8w','Homozygote x Homozygote','','','Ying Wan, TMMU','','<p class=\"p1\">\r\n	A lentivirus vector (FUGW-miR191decoy) with a ubiquitin promoter and a green fluorescent protein (GFP) reporter gene was prepared using calcium phosphate precipitation and concentrated with centrifugation. The concentrated virus suspension (1  10^9 transducing units/mL) was injected into the perivitelline space of single-cell embryos from C57BL/6 mice.\r\n</p>','2015-06-18 14:22:59','2015-06-18 14:47:00'),(30,'B6.EGFP-miR-223','TgGFPmiR223',8,'A','Black','21d','8w','8w','Homozygote x Homozygote','','','Ying Wan, TMMU','','<p class=\"p1\">\r\n	A lentivirus vector (FUGW-miR-223) with a ubiquitin promoter and a green fluorescent protein (GFP) reporter gene was prepared using calcium phosphate precipitation and concentrated with centrifugation. The concentrated virus suspension (1  10^9 transducing units/mL) was injected into the perivitelline space of single-cell embryos from C57BL/6 mice.\r\n</p>','2015-06-18 14:26:38','2015-06-18 14:47:23'),(31,'B6.EGFP-miR-27','TgGFPmiR27',8,'A','Black','21d','8w','8w','Homozygote x Homozygote','','','Ying Wan, TMMU','','<p class=\"p1\">\r\n	A lentivirus vector (FUGW-miR-27) with a ubiquitin promoter and a green fluorescent protein (GFP) reporter gene was prepared using calcium phosphate precipitation and concentrated with centrifugation. The concentrated virus suspension (1  10^9 transducing units/mL) was injected into the perivitelline space of single-cell embryos from C57BL/6 mice.\r\n</p>','2015-06-18 14:29:34','2015-06-18 14:29:34'),(32,'B6.EGFP-miR-124','TgGFPmiR124',8,'A','Black','21d','8w','8w','','','','Ying Wan, TMMU','','<p class=\"p1\">\r\n	A lentivirus vector (FUGW-miR-124) with a ubiquitin promoter and a green fluorescent protein (GFP) reporter gene was prepared using calcium phosphate precipitation and concentrated with centrifugation. The concentrated virus suspension (1  10^9 transducing units/mL) was injected into the perivitelline space of single-cell embryos from C57BL/6 mice.\r\n</p>','2015-06-18 14:32:32','2015-06-18 14:46:05'),(33,'B6.EGFP-miR-21','TgGFPmiR21',8,'A','Black','21d','8w','8w','','','','Ying Wan, TMMU','','<p class=\"p1\">\r\n	A lentivirus vector (FUGW-miR-21) with a ubiquitin promoter and a green fluorescent protein (GFP) reporter gene was prepared using calcium phosphate precipitation and concentrated with centrifugation. The concentrated virus suspension (1  10^9 transducing units/mL) was injected into the perivitelline space of single-cell embryos from C57BL/6 mice.\r\n</p>','2015-06-18 14:34:57','2015-06-18 14:37:25'),(34,'B6.EGFP-miR-26a','TgGFPmiR26a',8,'A','Black','21d','8w','8w','Homozygote x Homozygote','','','Ying Wan, TMMU','','<p class=\"p1\">\r\n	A lentivirus vector (FUGW-miR-26a) with a ubiquitin promoter and a green fluorescent protein (GFP) reporter gene was prepared using calcium phosphate precipitation and concentrated with centrifugation. The concentrated virus suspension (1  10^9 transducing units/mL) was injected into the perivitelline space of single-cell embryos from C57BL/6 mice.\r\n</p>','2015-06-18 14:40:37','2015-06-18 14:40:37'),(35,'B6.EGFP-miR-770','TgGFPmiR770',8,'A','Black','21d','8w','8w','Homozygote x Homozygote','','','Ying Wan, TMMU','','<p class=\"p1\">\r\n	A lentivirus vector (FUGW-miR-770) with a ubiquitin promoter and a green fluorescent protein (GFP) reporter gene was prepared using calcium phosphate precipitation and concentrated with centrifugation. The concentrated virus suspension (1  10^9 transducing units/mL) was injected into the perivitelline space of single-cell embryos from C57BL/6 mice.\r\n</p>','2015-06-18 14:44:28','2015-06-18 14:44:44'),(36,'B6.EGFP-miR-140','TgGFPmiR140',8,'A','Black','21d','8w','8w','Homozygote x Homozygote','','','Ying Wan, TMMU','','<p class=\"p1\">\r\n	A lentivirus vector (FUGW-miR-140) with a ubiquitin promoter and a green fluorescent protein (GFP) reporter gene was prepared using calcium phosphate precipitation and concentrated with centrifugation. The concentrated virus suspension (1  10^9 transducing units/mL) was injected into the perivitelline space of single-cell embryos from C57BL/6 mice.\r\n</p>','2015-06-18 14:50:28','2015-06-18 14:50:28'),(37,'B6.EGFP-miR-30d','TgGFPmiR30d',8,'A','Black','21d','8w','8w','Homozygote x Homozygote','','','Ying Wan, TMMU','','<p class=\"p1\">\r\n	A lentivirus vector (FUGW-miR-30d) with a ubiquitin promoter and a green fluorescent protein (GFP) reporter gene was prepared using calcium phosphate precipitation and concentrated with centrifugation. The concentrated virus suspension (1  10^9 transducing units/mL) was injected into the perivitelline space of single-cell embryos from C57BL/6 mice.\r\n</p>','2015-06-18 14:53:50','2015-06-18 14:53:50'),(38,'B6.EGFP-miR-196b','TgGFPmiR196b',8,'A','Black','21d','8w','8w','Homozygote x Homozygote','','','Ying Wan, TMMU','','<p class=\"p1\">\r\n	A lentivirus vector (FUGW-miR-196b) with a ubiquitin promoter and a green fluorescent protein (GFP) reporter gene was prepared using calcium phosphate precipitation and concentrated with centrifugation. The concentrated virus suspension (1  10^9 transducing units/mL) was injected into the perivitelline space of single-cell embryos from C57BL/6 mice.\r\n</p>','2015-06-18 14:55:56','2015-06-18 14:56:10'),(39,'OT-I-EGFP-miR-124','OT-I-miR124',7,'A','Black','21d','8w','8w','Homozygote x Homozygote','','','Ying Wan, TMMU','','TgGFPmiR124 x OT-I','2015-06-18 15:00:57','2015-06-18 15:01:55'),(40,'OT-II-EGFP-miR-124','OT-II-miR124',7,'A','Black','21d','8w','8w','Homozygote x Homozygote','','','Ying Wan, TMMU','','TgmiR124 x OT-II','2015-06-18 15:05:12','2015-06-18 15:05:36'),(42,'B6.GZMB-Cre-LSL-dsRedE5','GzmbdsRedE5',7,'A','Black','21d','8w','8w','Homozygote x Homozygote','','','Ying Wan, TMMU','','','2015-06-18 15:25:24','2015-07-13 03:04:29'),(43,'B6.GZMB-Cre-LiRFPL-dsRedE5','GzmbLiRFPLE5',7,'A','Black','21d','8w','8w','Homozygote x Homozygote','','','Ying Wan, TMMU','','','2015-06-18 15:29:42','2015-07-13 03:04:41'),(44,'B6.TgC1qR','TgC1qR',8,'A','Black','21d','8w','8w','Homozygote x Homozygote','','','Ying Wan, TMMU','','','2015-06-18 15:32:05','2015-06-18 15:32:05'),(45,'B6.TgmC1qR','TgmC1qR',8,'A','black','21d','8w','8w','Homozygote x Homozygote','','','Ying Wan, TMMU','','','2015-06-18 15:33:20','2015-07-09 00:28:35'),(46,'Balb/c.UbiEGFP','TgubiEGFP/c',8,'A','White','21d','8w','8w','Homozygote x Homozygote','','','Ying Wan, TMMU','','A lentivirus vector (FUGW) with a ubiquitin promoter and a green fluorescent protein (GFP) reporter gene was prepared using calcium phosphate precipitation and concentrated with centrifugation. The concentrated virus suspension (1  10^9 transducing units/mL) was injected into the perivitelline space of single-cell embryos from BALB/c mice.','2015-07-02 10:26:28','2015-07-02 10:28:24'),(47,'B6.loxp-Stop-loxp.Cas9','LSLCas9',4,'A','Black','21d','8w','8w','Homozygote x Homozygote','','Cyagen','Ying Wan, TMMU','','Objective: To create a KI model conditionally expressing Cas9 C57BL/6 mice. \r\nThe strategy allows conditional expressing of Cas9 by targeted integration of a Cas9 cDNA into mRosa26 locus; The mRosa26 (Gene ID: 14910, Ensembl:ENSMUSG00000086429) is located on mouse chromosome 6; In the targeting vector, the LoxP-Stop-LoxP-Cas9-WPRE-PolyA cassette will be placed downstream of a EF1a promoter. The Neo cassette will be flanked by Frt site, and DTA will be used for negative selection; The homology arms will be generated by PCR using BAC clones from the C57BL/6J library as template; The conditional KI allele can be obtained after Flp-mediated recombination; The constitutive KI allele can be obtained after Cre-mediated recombination; C57BL/6 ES cells will be used for gene targeting.','2015-07-06 02:07:40','2015-07-06 02:29:15'),(48,'B6.mItgae.Loxp-stop-Loxp.DTR.eGFP','CD103-lsl-DTR-GFP',4,'A','Black','21d','8w','8w','','','Cyagen','Ying Wan, TMMU','','Objective: To create a loxp-stop-loxp-DTR-eGFP-PolyA knockin at the mItgae locus in C57BL/6 mice.\r\nThe mItgae gene (Gene ID: NM_008399.2, Ensembl: ENSMUSG00000005947) is located on mouse chromosome 11; Thirty-one exons have been identified,with the ATG start codon in exon 1 and TAG stop codon in exon 31; For the KI model, The ATG start codon will be replaced with a loxp-stop-loxp-DTR-eGFP-PolyA cassette, thus the expression of the DTR-eGFP will be under control of the mItgae gene regulatory element after Cre-mediated recombination; To engineer the targeting vector, homology arms region will be generated by PCR using BAC clone RP23-263M10 or RP23-76A12 from the C57BL/6J library as template; In the targeting vector, the Neo cassette will be flanked by Frt sites. DTA will be used for negative selection; The conditional KI allele will be obtained after Flp-mediated recombination; C57BL/6 ES cells will be used for gene targeting.','2015-07-06 02:26:09','2015-07-06 02:29:00'),(49,'C57BL/6.UbiEGFP','TgubiEGFP',8,'A','black','21d','8w','8w','Homozygote x Homozygote ','','','Ying Wan, TMMU','','A lentivirus vector (FUGW) with a ubiquitin promoter and a green fluorescent protein (GFP) reporter gene was prepared using calcium phosphate precipitation and concentrated with centrifugation. The concentrated virus suspension (1  10^9 transducing units/mL) was injected into the perivitelline space of single-cell embryos from C57BL/6 mice.','2015-07-08 09:07:00','2015-07-08 09:11:43'),(50,'B6.Loxp.iRFP.LoxpdsRedE5','LiRFPLE5',8,'A','Black','21d','8w','8w','Homozygote x Homozygote','','','Ying Wan, TMMU','','','2015-07-13 06:18:57','2015-07-13 06:19:36');
/*!40000 ALTER TABLE `strains` ENABLE KEYS */;
UNLOCK TABLES;

--
-- Table structure for table `strains_genes`
--

DROP TABLE IF EXISTS `strains_genes`;
/*!40101 SET @saved_cs_client     = @@character_set_client */;
/*!40101 SET character_set_client = utf8 */;
CREATE TABLE `strains_genes` (
  `strain_id` int(11) DEFAULT NULL,
  `gene_id` int(11) DEFAULT NULL
) ENGINE=InnoDB DEFAULT CHARSET=utf8 COLLATE=utf8_unicode_ci;
/*!40101 SET character_set_client = @saved_cs_client */;

--
-- Dumping data for table `strains_genes`
--

LOCK TABLES `strains_genes` WRITE;
/*!40000 ALTER TABLE `strains_genes` DISABLE KEYS */;
INSERT INTO `strains_genes` VALUES (1,4),(2,2),(2,3),(2,5),(3,3),(3,4),(3,5),(4,2),(4,6),(5,7),(6,8),(7,9),(8,10),(9,11),(10,1),(10,12),(10,13),(11,12),(11,13),(11,14),(12,12),(12,13),(12,15),(13,16),(14,17),(15,18),(16,19),(17,20),(18,21),(19,5),(20,22),(21,12),(21,13),(21,23),(22,22),(22,16),(23,24),(27,25),(28,24),(29,26),(30,27),(31,28),(32,29),(33,39),(34,30),(35,31),(36,32),(37,33),(38,34),(39,1),(39,12),(39,13),(39,29),(40,12),(40,13),(40,14),(40,29),(42,22),(42,36),(43,22),(43,35),(44,37),(45,38),(46,40),(47,41),(48,42),(49,40),(49,12),(49,13),(28,12),(28,13),(50,35);
/*!40000 ALTER TABLE `strains_genes` ENABLE KEYS */;
UNLOCK TABLES;

--
-- Table structure for table `todo_lists`
--

DROP TABLE IF EXISTS `todo_lists`;
/*!40101 SET @saved_cs_client     = @@character_set_client */;
/*!40101 SET character_set_client = utf8 */;
CREATE TABLE `todo_lists` (
  `id` int(11) NOT NULL AUTO_INCREMENT,
  `mouse_id` int(11) DEFAULT NULL,
  `operation` varchar(255) COLLATE utf8_unicode_ci DEFAULT NULL,
  `description` text COLLATE utf8_unicode_ci,
  `status` varchar(255) COLLATE utf8_unicode_ci DEFAULT NULL,
  `created_at` datetime DEFAULT NULL,
  `updated_at` datetime DEFAULT NULL,
  `created_by` int(11) DEFAULT NULL,
  PRIMARY KEY (`id`)
) ENGINE=InnoDB AUTO_INCREMENT=3 DEFAULT CHARSET=utf8 COLLATE=utf8_unicode_ci;
/*!40101 SET character_set_client = @saved_cs_client */;

--
-- Dumping data for table `todo_lists`
--

LOCK TABLES `todo_lists` WRITE;
/*!40000 ALTER TABLE `todo_lists` DISABLE KEYS */;
INSERT INTO `todo_lists` VALUES (1,687,'M','','D','2015-07-11 10:19:02','2015-07-11 10:19:02',NULL),(2,666,'M','','D','2015-07-11 10:25:13','2015-07-11 10:25:13',NULL);
/*!40000 ALTER TABLE `todo_lists` ENABLE KEYS */;
UNLOCK TABLES;

--
-- Table structure for table `users`
--

DROP TABLE IF EXISTS `users`;
/*!40101 SET @saved_cs_client     = @@character_set_client */;
/*!40101 SET character_set_client = utf8 */;
CREATE TABLE `users` (
  `id` int(11) NOT NULL AUTO_INCREMENT,
  `full_name` varchar(255) COLLATE utf8_unicode_ci DEFAULT '',
  `username` varchar(255) COLLATE utf8_unicode_ci NOT NULL DEFAULT '',
  `email` varchar(255) COLLATE utf8_unicode_ci NOT NULL DEFAULT '',
  `encrypted_password` varchar(255) COLLATE utf8_unicode_ci NOT NULL DEFAULT '',
  `name` varchar(255) COLLATE utf8_unicode_ci DEFAULT NULL,
  `reset_password_token` varchar(255) COLLATE utf8_unicode_ci DEFAULT NULL,
  `reset_password_sent_at` datetime DEFAULT NULL,
  `remember_created_at` datetime DEFAULT NULL,
  `sign_in_count` int(11) NOT NULL DEFAULT '0',
  `current_sign_in_at` datetime DEFAULT NULL,
  `last_sign_in_at` datetime DEFAULT NULL,
  `current_sign_in_ip` varchar(255) COLLATE utf8_unicode_ci DEFAULT NULL,
  `last_sign_in_ip` varchar(255) COLLATE utf8_unicode_ci DEFAULT NULL,
  `confirmation_token` varchar(255) COLLATE utf8_unicode_ci DEFAULT NULL,
  `confirmed_at` datetime DEFAULT NULL,
  `confirmation_sent_at` datetime DEFAULT NULL,
  `unconfirmed_email` varchar(255) COLLATE utf8_unicode_ci DEFAULT NULL,
  `failed_attempts` int(11) NOT NULL DEFAULT '0',
  `unlock_token` varchar(255) COLLATE utf8_unicode_ci DEFAULT NULL,
  `locked_at` datetime DEFAULT NULL,
  `created_at` datetime DEFAULT NULL,
  `updated_at` datetime DEFAULT NULL,
  PRIMARY KEY (`id`),
  UNIQUE KEY `index_users_on_email` (`email`),
  UNIQUE KEY `index_users_on_reset_password_token` (`reset_password_token`)
) ENGINE=InnoDB AUTO_INCREMENT=12 DEFAULT CHARSET=utf8 COLLATE=utf8_unicode_ci;
/*!40101 SET character_set_client = @saved_cs_client */;

--
-- Dumping data for table `users`
--

LOCK TABLES `users` WRITE;
/*!40000 ALTER TABLE `users` DISABLE KEYS */;
INSERT INTO `users` VALUES (1,'PI','admin','admin@email.com','$2a$10$raqtJtDczm0OaiJ5nMC8JulkS9jSWmcpAbT5hRm1lsclB3w.6i6Om',NULL,NULL,NULL,NULL,17,'2015-07-16 09:56:33','2015-07-16 09:55:33','202.202.232.160','202.202.232.160',NULL,NULL,NULL,NULL,0,NULL,NULL,'2015-06-15 10:49:14','2015-07-16 09:56:33'),(2,'','weiyongjian','695529554@qq.com','$2a$10$u8LHkc8OB3/2QfbwThmTjeLVBmBmEHvDwWpTlEUnzY7n2NqyxLNyS',NULL,NULL,NULL,NULL,27,'2015-07-17 01:42:27','2015-07-17 01:24:50','101.47.222.253','202.202.232.160',NULL,'2015-06-16 06:23:52','2015-06-16 06:23:52',NULL,0,NULL,NULL,'2015-06-16 06:23:52','2015-07-17 01:42:27'),(3,'','lifei','lf112.2004@163.com','$2a$10$3Eqw4BHQny.I2V5TaimmJenYGSgyb7JmDpENI7JG.NOV/w8w6kRnm',NULL,NULL,NULL,NULL,39,'2015-07-16 10:03:49','2015-07-16 01:13:44','202.202.232.160','202.202.232.160',NULL,'2015-06-16 09:34:41','2015-06-16 09:34:41',NULL,0,NULL,NULL,'2015-06-16 09:34:41','2015-07-16 10:03:49'),(4,'','huangyouying','25666990@qq.com','$2a$10$OAZFg2GLe5HqZt3xARc87uI78gkZwHQu4HRz3bWLe/PEkQGYRJip.',NULL,NULL,NULL,NULL,49,'2015-07-16 01:12:05','2015-07-16 00:46:47','202.202.232.160','202.202.232.160',NULL,'2015-06-16 09:36:12','2015-06-16 09:36:12',NULL,0,NULL,NULL,'2015-06-16 09:36:12','2015-07-16 01:12:05'),(5,'','wanying','wanying516@foxmail.com','$2a$10$hagOFM7zg8zM2XSQM2tKUu8oOMsP9b22jNgVmRZZWkdimWP2fbtF.',NULL,NULL,NULL,NULL,107,'2015-07-17 01:36:39','2015-07-16 23:40:00','101.47.222.253','202.202.232.160',NULL,'2015-06-16 23:56:09','2015-06-16 23:56:09',NULL,0,NULL,NULL,'2015-06-16 23:56:09','2015-07-17 01:36:39'),(6,'','yangyi','dxsyangyi@hotmail.com','$2a$10$iV2Q7uVxhPs3Fgk0RviYd.LBW4UrrH32eT/GuMKGqSYDdKU6aEdga',NULL,NULL,NULL,NULL,9,'2015-07-02 01:51:48','2015-07-02 01:49:55','113.204.149.2','202.202.232.160',NULL,'2015-06-17 01:32:05','2015-06-17 01:32:05',NULL,0,NULL,NULL,'2015-06-17 01:32:05','2015-07-02 01:51:48'),(7,'','wangyu','550416651@qq.com','$2a$10$/dsPOpbddSW7dRzLPjXp/OUMHA.K6G2N88TQ7uuarXfGxcKCjPN0S',NULL,NULL,NULL,NULL,11,'2015-07-14 07:00:06','2015-07-13 02:30:14','113.204.149.2','113.204.149.2',NULL,'2015-06-17 09:43:00','2015-06-17 09:43:00',NULL,0,NULL,NULL,'2015-06-17 09:43:00','2015-07-14 07:00:06'),(8,'','xuejing','415503150@qq.com','$2a$10$a2Xu6pKx1rc0NtT5txlsseZZN6liNZsIZ8whK1bVQuIDv3iPMw44.',NULL,NULL,NULL,NULL,20,'2015-07-16 10:05:00','2015-07-16 01:12:50','202.202.232.160','202.202.232.160',NULL,'2015-06-19 02:25:46','2015-06-19 02:25:46',NULL,0,NULL,NULL,'2015-06-19 02:25:46','2015-07-16 10:05:00'),(9,'','lliuqin','dnalab@126.com','$2a$10$MqwVl68CIBpjWLBQvwlYqOGFTIO3/aD542dAoRUzuHtsUHuXik/Q.',NULL,NULL,NULL,NULL,0,NULL,NULL,NULL,NULL,NULL,'2015-06-19 02:50:09','2015-06-19 02:50:09',NULL,0,NULL,NULL,'2015-06-19 02:50:09','2015-06-19 02:50:09'),(10,'','zhangjianyang','1191063374@qq.com','$2a$10$E2R50f5Kh7tUIZ6..gnio.NYw/3dqrze0LXBeMBD/CojgHskCuKAq',NULL,NULL,NULL,NULL,14,'2015-07-15 07:24:24','2015-07-14 05:30:21','113.204.149.2','113.204.149.2',NULL,'2015-06-26 02:13:04','2015-06-26 02:13:04',NULL,0,NULL,NULL,'2015-06-26 02:13:04','2015-07-15 07:24:24'),(11,'','xiiexiaodong','xiexiaodong10@yahoo.com','$2a$10$RUeTK2OigeOB4JF/ty2Qoe6vnIFbq7Akf.xn22lAFV40SHDLIdjZa',NULL,NULL,NULL,NULL,4,'2015-07-16 12:47:20','2015-07-13 10:50:47','202.202.232.160','101.47.222.253',NULL,'2015-06-26 07:11:52','2015-06-26 07:11:52',NULL,0,NULL,NULL,'2015-06-26 07:11:52','2015-07-16 12:47:20');
/*!40000 ALTER TABLE `users` ENABLE KEYS */;
UNLOCK TABLES;

--
-- Table structure for table `users_roles`
--

DROP TABLE IF EXISTS `users_roles`;
/*!40101 SET @saved_cs_client     = @@character_set_client */;
/*!40101 SET character_set_client = utf8 */;
CREATE TABLE `users_roles` (
  `user_id` int(11) DEFAULT NULL,
  `role_id` int(11) DEFAULT NULL,
  KEY `index_users_roles_on_user_id_and_role_id` (`user_id`,`role_id`)
) ENGINE=InnoDB DEFAULT CHARSET=utf8 COLLATE=utf8_unicode_ci;
/*!40101 SET character_set_client = @saved_cs_client */;

--
-- Dumping data for table `users_roles`
--

LOCK TABLES `users_roles` WRITE;
/*!40000 ALTER TABLE `users_roles` DISABLE KEYS */;
INSERT INTO `users_roles` VALUES (1,1),(2,4),(3,3),(4,4),(5,1),(6,4),(7,4),(8,4),(9,4),(10,4),(11,4);
/*!40000 ALTER TABLE `users_roles` ENABLE KEYS */;
UNLOCK TABLES;
/*!40103 SET TIME_ZONE=@OLD_TIME_ZONE */;

/*!40101 SET SQL_MODE=@OLD_SQL_MODE */;
/*!40014 SET FOREIGN_KEY_CHECKS=@OLD_FOREIGN_KEY_CHECKS */;
/*!40014 SET UNIQUE_CHECKS=@OLD_UNIQUE_CHECKS */;
/*!40101 SET CHARACTER_SET_CLIENT=@OLD_CHARACTER_SET_CLIENT */;
/*!40101 SET CHARACTER_SET_RESULTS=@OLD_CHARACTER_SET_RESULTS */;
/*!40101 SET COLLATION_CONNECTION=@OLD_COLLATION_CONNECTION */;
/*!40111 SET SQL_NOTES=@OLD_SQL_NOTES */;

-- Dump completed on 2015-07-17 11:04:06
